model,batch_size,seq_len,op_name,shape,count
bert,1,128,aten::add,"[[1, 129, 768], [1, 129, 768], []]",50
bert,1,128,aten::add_,"[[1, 129, 768], [1, 129, 768], []]",2
bert,1,128,aten::all,"[[1, 129]]",2
bert,1,128,aten::dropout,"[[1, 129, 768], [], []]",50
bert,1,128,aten::embedding,"[[2, 768], [1, 129], [], [], []]",2
bert,1,128,aten::embedding,"[[30522, 768], [1, 129], [], [], []]",2
bert,1,128,aten::embedding,"[[512, 768], [1, 129], [], [], []]",2
bert,1,128,aten::eq,"[[1, 129], []]",2
bert,1,128,aten::gelu,"[[1, 129, 3072], []]",24
bert,1,128,aten::gelu,"[[1, 129, 768], []]",2
bert,1,128,aten::is_nonzero,[[]],2
bert,1,128,aten::layer_norm,"[[1, 129, 768], [], [768], [768], [], []]",52
bert,1,128,aten::permute,"[[1, 129, 12, 64], []]",72
bert,1,128,aten::reshape,"[[1, 129, 12, 64], []]",24
bert,1,128,aten::reshape,"[[1, 129, 3072], []]",24
bert,1,128,aten::reshape,"[[1, 129, 768], []]",124
bert,1,128,aten::reshape,"[[1, 129], []]",6
bert,1,128,aten::slice,"[[1, 512], [], [], [], []]",4
bert,1,128,aten::transpose,"[[1, 12, 129, 64], [], []]",96
bert,1,128,aten::transpose,"[[1, 129, 12, 64], [], []]",24
bert,1,128,aten::transpose,"[[30522, 768], [], []]",2
bert,1,128,aten::transpose,"[[3072, 768], [], []]",24
bert,1,128,aten::transpose,"[[768, 3072], [], []]",24
bert,1,128,aten::transpose,"[[768, 768], [], []]",98
bert,1,128,aten::view,"[[1, 129, 12, 64], []]",24
bert,1,128,aten::view,"[[1, 129, 3072], []]",24
bert,1,128,aten::view,"[[1, 129, 768], []]",196
bert,1,128,aten::view,"[[1, 129], []]",6
bert,1,128,aten::view,"[[129, 30522], []]",2
bert,1,128,aten::view,"[[129, 3072], []]",24
bert,1,128,aten::view,"[[129, 768], []]",128
bert,1,128,aten::view,"[[129], []]",104
bert,1,128,cudadevicesynchronize,[],3
bert,2,128,aten::add,"[[1, 129, 768], [1, 129, 768], []]",50
bert,2,128,aten::add_,"[[1, 129, 768], [1, 129, 768], []]",2
bert,2,128,aten::all,"[[1, 129]]",2
bert,2,128,aten::dropout,"[[1, 129, 768], [], []]",50
bert,2,128,aten::embedding,"[[2, 768], [1, 129], [], [], []]",2
bert,2,128,aten::embedding,"[[30522, 768], [1, 129], [], [], []]",2
bert,2,128,aten::embedding,"[[512, 768], [1, 129], [], [], []]",2
bert,2,128,aten::eq,"[[1, 129], []]",2
bert,2,128,aten::gelu,"[[1, 129, 3072], []]",24
bert,2,128,aten::gelu,"[[1, 129, 768], []]",2
bert,2,128,aten::is_nonzero,[[]],2
bert,2,128,aten::layer_norm,"[[1, 129, 768], [], [768], [768], [], []]",52
bert,2,128,aten::permute,"[[1, 129, 12, 64], []]",72
bert,2,128,aten::reshape,"[[1, 129, 12, 64], []]",24
bert,2,128,aten::reshape,"[[1, 129, 3072], []]",24
bert,2,128,aten::reshape,"[[1, 129, 768], []]",124
bert,2,128,aten::reshape,"[[1, 129], []]",6
bert,2,128,aten::slice,"[[1, 512], [], [], [], []]",4
bert,2,128,aten::transpose,"[[1, 12, 129, 64], [], []]",96
bert,2,128,aten::transpose,"[[1, 129, 12, 64], [], []]",24
bert,2,128,aten::transpose,"[[30522, 768], [], []]",2
bert,2,128,aten::transpose,"[[3072, 768], [], []]",24
bert,2,128,aten::transpose,"[[768, 3072], [], []]",24
bert,2,128,aten::transpose,"[[768, 768], [], []]",98
bert,2,128,aten::view,"[[1, 129, 12, 64], []]",24
bert,2,128,aten::view,"[[1, 129, 3072], []]",24
bert,2,128,aten::view,"[[1, 129, 768], []]",196
bert,2,128,aten::view,"[[1, 129], []]",6
bert,2,128,aten::view,"[[129, 30522], []]",2
bert,2,128,aten::view,"[[129, 3072], []]",24
bert,2,128,aten::view,"[[129, 768], []]",128
bert,2,128,aten::view,"[[129], []]",104
bert,2,128,cudadevicesynchronize,[],3
bert,4,128,aten::add,"[[1, 129, 768], [1, 129, 768], []]",50
bert,4,128,aten::add_,"[[1, 129, 768], [1, 129, 768], []]",2
bert,4,128,aten::all,"[[1, 129]]",2
bert,4,128,aten::dropout,"[[1, 129, 768], [], []]",50
bert,4,128,aten::embedding,"[[2, 768], [1, 129], [], [], []]",2
bert,4,128,aten::embedding,"[[30522, 768], [1, 129], [], [], []]",2
bert,4,128,aten::embedding,"[[512, 768], [1, 129], [], [], []]",2
bert,4,128,aten::eq,"[[1, 129], []]",2
bert,4,128,aten::gelu,"[[1, 129, 3072], []]",24
bert,4,128,aten::gelu,"[[1, 129, 768], []]",2
bert,4,128,aten::is_nonzero,[[]],2
bert,4,128,aten::layer_norm,"[[1, 129, 768], [], [768], [768], [], []]",52
bert,4,128,aten::permute,"[[1, 129, 12, 64], []]",72
bert,4,128,aten::reshape,"[[1, 129, 12, 64], []]",24
bert,4,128,aten::reshape,"[[1, 129, 3072], []]",24
bert,4,128,aten::reshape,"[[1, 129, 768], []]",124
bert,4,128,aten::reshape,"[[1, 129], []]",6
bert,4,128,aten::slice,"[[1, 512], [], [], [], []]",4
bert,4,128,aten::transpose,"[[1, 12, 129, 64], [], []]",96
bert,4,128,aten::transpose,"[[1, 129, 12, 64], [], []]",24
bert,4,128,aten::transpose,"[[30522, 768], [], []]",2
bert,4,128,aten::transpose,"[[3072, 768], [], []]",24
bert,4,128,aten::transpose,"[[768, 3072], [], []]",24
bert,4,128,aten::transpose,"[[768, 768], [], []]",98
bert,4,128,aten::view,"[[1, 129, 12, 64], []]",24
bert,4,128,aten::view,"[[1, 129, 3072], []]",24
bert,4,128,aten::view,"[[1, 129, 768], []]",196
bert,4,128,aten::view,"[[1, 129], []]",6
bert,4,128,aten::view,"[[129, 30522], []]",2
bert,4,128,aten::view,"[[129, 3072], []]",24
bert,4,128,aten::view,"[[129, 768], []]",128
bert,4,128,aten::view,"[[129], []]",104
bert,4,128,cudadevicesynchronize,[],3
bert,8,128,aten::add,"[[1, 129, 768], [1, 129, 768], []]",50
bert,8,128,aten::add_,"[[1, 129, 768], [1, 129, 768], []]",2
bert,8,128,aten::all,"[[1, 129]]",2
bert,8,128,aten::dropout,"[[1, 129, 768], [], []]",50
bert,8,128,aten::embedding,"[[2, 768], [1, 129], [], [], []]",2
bert,8,128,aten::embedding,"[[30522, 768], [1, 129], [], [], []]",2
bert,8,128,aten::embedding,"[[512, 768], [1, 129], [], [], []]",2
bert,8,128,aten::eq,"[[1, 129], []]",2
bert,8,128,aten::gelu,"[[1, 129, 3072], []]",24
bert,8,128,aten::gelu,"[[1, 129, 768], []]",2
bert,8,128,aten::is_nonzero,[[]],2
bert,8,128,aten::layer_norm,"[[1, 129, 768], [], [768], [768], [], []]",52
bert,8,128,aten::permute,"[[1, 129, 12, 64], []]",72
bert,8,128,aten::reshape,"[[1, 129, 12, 64], []]",24
bert,8,128,aten::reshape,"[[1, 129, 3072], []]",24
bert,8,128,aten::reshape,"[[1, 129, 768], []]",124
bert,8,128,aten::reshape,"[[1, 129], []]",6
bert,8,128,aten::slice,"[[1, 512], [], [], [], []]",4
bert,8,128,aten::transpose,"[[1, 12, 129, 64], [], []]",96
bert,8,128,aten::transpose,"[[1, 129, 12, 64], [], []]",24
bert,8,128,aten::transpose,"[[30522, 768], [], []]",2
bert,8,128,aten::transpose,"[[3072, 768], [], []]",24
bert,8,128,aten::transpose,"[[768, 3072], [], []]",24
bert,8,128,aten::transpose,"[[768, 768], [], []]",98
bert,8,128,aten::view,"[[1, 129, 12, 64], []]",24
bert,8,128,aten::view,"[[1, 129, 3072], []]",24
bert,8,128,aten::view,"[[1, 129, 768], []]",196
bert,8,128,aten::view,"[[1, 129], []]",6
bert,8,128,aten::view,"[[129, 30522], []]",2
bert,8,128,aten::view,"[[129, 3072], []]",24
bert,8,128,aten::view,"[[129, 768], []]",128
bert,8,128,aten::view,"[[129], []]",104
bert,8,128,cudadevicesynchronize,[],3
detr,1,,aten::add,"[[1, 1, 136], [], []]",2
detr,1,,aten::add,"[[1, 1, 272], [], []]",2
detr,1,,aten::add,"[[1, 1, 34], [], []]",2
detr,1,,aten::add,"[[1, 1, 68], [], []]",2
detr,1,,aten::add,"[[1, 100, 1], [], []]",2
detr,1,,aten::add,"[[1, 100, 256], [1, 100, 256], []]",60
detr,1,,aten::add,"[[1, 1024, 1, 1], [], []]",14
detr,1,,aten::add,"[[1, 1024, 50, 68], [1, 1024, 1, 1], []]",14
detr,1,,aten::add,"[[1, 128, 1, 1], [], []]",16
detr,1,,aten::add,"[[1, 128, 100, 136], [1, 128, 1, 1], []]",14
detr,1,,aten::add,"[[1, 128, 200, 272], [1, 128, 1, 1], []]",2
detr,1,,aten::add,"[[1, 200, 1], [], []]",2
detr,1,,aten::add,"[[1, 2048, 1, 1], [], []]",8
detr,1,,aten::add,"[[1, 2048, 25, 34], [1, 2048, 1, 1], []]",8
detr,1,,aten::add,"[[1, 25, 1], [], []]",2
detr,1,,aten::add,"[[1, 256, 1, 1], [], []]",32
detr,1,,aten::add,"[[1, 256, 100, 136], [1, 256, 1, 1], []]",2
detr,1,,aten::add,"[[1, 256, 200, 272], [1, 256, 1, 1], []]",8
detr,1,,aten::add,"[[1, 256, 50, 68], [1, 256, 1, 1], []]",22
detr,1,,aten::add,"[[1, 50, 1], [], []]",2
detr,1,,aten::add,"[[1, 512, 1, 1], [], []]",22
detr,1,,aten::add,"[[1, 512, 100, 136], [1, 512, 1, 1], []]",10
detr,1,,aten::add,"[[1, 512, 25, 34], [1, 512, 1, 1], []]",10
detr,1,,aten::add,"[[1, 512, 50, 68], [1, 512, 1, 1], []]",2
detr,1,,aten::add,"[[1, 64, 1, 1], [], []]",14
detr,1,,aten::add,"[[1, 64, 200, 272], [1, 64, 1, 1], []]",12
detr,1,,aten::add,"[[1, 64, 400, 544], [1, 64, 1, 1], []]",2
detr,1,,aten::add,"[[1, 8, 100, 850], [1, 1, 100, 850], []]",12
detr,1,,aten::add,"[[1, 8, 850, 850], [1, 1, 850, 850], []]",12
detr,1,,aten::add,"[[1, 850, 256], [1, 850, 256], []]",48
detr,1,,aten::add_,"[[1, 1024, 50, 68], [1, 1024, 50, 68], []]",12
detr,1,,aten::add_,"[[1, 2048, 25, 34], [1, 2048, 25, 34], []]",6
detr,1,,aten::add_,"[[1, 256, 200, 272], [1, 256, 200, 272], []]",6
detr,1,,aten::add_,"[[1, 256, 25, 34], [1, 256, 1, 1], []]",2
detr,1,,aten::add_,"[[1, 512, 100, 136], [1, 512, 100, 136], []]",8
detr,1,,aten::add_,"[[1, 850, 256], [256], []]",6
detr,1,,aten::arange,"[[], [], [], [0]]",8
detr,1,,aten::arange,"[[], [], [], [], []]",8
detr,1,,aten::cat,"[[], []]",24
detr,1,,aten::contiguous,"[[1, 8, 100, 32], []]",48
detr,1,,aten::contiguous,"[[1, 8, 850, 32], []]",60
detr,1,,aten::contiguous,"[[1, 850, 256], []]",2
detr,1,,aten::cos,"[[1, 100, 136, 64]]",4
detr,1,,aten::cos,"[[1, 200, 272, 64]]",4
detr,1,,aten::cos,"[[1, 25, 34, 64]]",4
detr,1,,aten::cos,"[[1, 50, 68, 64]]",4
detr,1,,aten::cumsum,"[[1, 100, 136], [], []]",4
detr,1,,aten::cumsum,"[[1, 200, 272], [], []]",4
detr,1,,aten::cumsum,"[[1, 25, 34], [], []]",4
detr,1,,aten::cumsum,"[[1, 50, 68], [], []]",4
detr,1,,aten::div,"[[1, 100, 136, 1], [128]]",4
detr,1,,aten::div,"[[1, 100, 136], [1, 1, 136]]",2
detr,1,,aten::div,"[[1, 100, 136], [1, 100, 1]]",2
detr,1,,aten::div,"[[1, 200, 272, 1], [128]]",4
detr,1,,aten::div,"[[1, 200, 272], [1, 1, 272]]",2
detr,1,,aten::div,"[[1, 200, 272], [1, 200, 1]]",2
detr,1,,aten::div,"[[1, 25, 34, 1], [128]]",4
detr,1,,aten::div,"[[1, 25, 34], [1, 1, 34]]",2
detr,1,,aten::div,"[[1, 25, 34], [1, 25, 1]]",2
detr,1,,aten::div,"[[1, 50, 68, 1], [128]]",4
detr,1,,aten::div,"[[1, 50, 68], [1, 1, 68]]",2
detr,1,,aten::div,"[[1, 50, 68], [1, 50, 1]]",2
detr,1,,aten::div,"[[128], [], []]",8
detr,1,,aten::div,"[[128], []]",8
detr,1,,aten::dropout,"[[1, 100, 2048], [], []]",12
detr,1,,aten::dropout,"[[1, 100, 256], [], []]",36
detr,1,,aten::dropout,"[[1, 850, 2048], [], []]",12
detr,1,,aten::dropout,"[[1, 850, 256], [], []]",26
detr,1,,aten::dropout,"[[8, 100, 100], [], []]",12
detr,1,,aten::dropout,"[[8, 100, 850], [], []]",12
detr,1,,aten::dropout,"[[8, 850, 850], [], []]",12
detr,1,,aten::expand,"[[1, 1, 1, 850], [], []]",4
detr,1,,aten::expand,"[[1, 100, 256], [], []]",4
detr,1,,aten::flatten,"[[1, 100, 136, 64, 2], [], []]",4
detr,1,,aten::flatten,"[[1, 200, 272, 64, 2], [], []]",4
detr,1,,aten::flatten,"[[1, 25, 34, 64, 2], [], []]",4
detr,1,,aten::flatten,"[[1, 25, 34], [], []]",2
detr,1,,aten::flatten,"[[1, 256, 25, 34], [], []]",4
detr,1,,aten::flatten,"[[1, 50, 68, 64, 2], [], []]",4
detr,1,,aten::layer_norm,"[[1, 100, 256], [], [256], [256], [], []]",38
detr,1,,aten::layer_norm,"[[1, 850, 256], [], [256], [256], [], []]",24
detr,1,,aten::masked_fill,"[[1, 1, 100, 850], [1, 1, 100, 850], []]",2
detr,1,,aten::masked_fill,"[[1, 1, 850, 850], [1, 1, 850, 850], []]",2
detr,1,,aten::max_pool2d,"[[1, 64, 400, 544], [], [], [], [], []]",2
detr,1,,aten::mul,"[[1, 100, 136], []]",4
detr,1,,aten::mul,"[[1, 100, 256], []]",24
detr,1,,aten::mul,"[[1, 1024, 1, 1], [1, 1024, 1, 1]]",28
detr,1,,aten::mul,"[[1, 1024, 50, 68], [1, 1024, 1, 1]]",14
detr,1,,aten::mul,"[[1, 128, 1, 1], [1, 128, 1, 1]]",32
detr,1,,aten::mul,"[[1, 128, 100, 136], [1, 128, 1, 1]]",14
detr,1,,aten::mul,"[[1, 128, 200, 272], [1, 128, 1, 1]]",2
detr,1,,aten::mul,"[[1, 200, 272], []]",4
detr,1,,aten::mul,"[[1, 2048, 1, 1], [1, 2048, 1, 1]]",16
detr,1,,aten::mul,"[[1, 2048, 25, 34], [1, 2048, 1, 1]]",8
detr,1,,aten::mul,"[[1, 25, 34], []]",4
detr,1,,aten::mul,"[[1, 256, 1, 1], [1, 256, 1, 1]]",64
detr,1,,aten::mul,"[[1, 256, 100, 136], [1, 256, 1, 1]]",2
detr,1,,aten::mul,"[[1, 256, 200, 272], [1, 256, 1, 1]]",8
detr,1,,aten::mul,"[[1, 256, 50, 68], [1, 256, 1, 1]]",22
detr,1,,aten::mul,"[[1, 50, 68], []]",4
detr,1,,aten::mul,"[[1, 512, 1, 1], [1, 512, 1, 1]]",44
detr,1,,aten::mul,"[[1, 512, 100, 136], [1, 512, 1, 1]]",10
detr,1,,aten::mul,"[[1, 512, 25, 34], [1, 512, 1, 1]]",10
detr,1,,aten::mul,"[[1, 512, 50, 68], [1, 512, 1, 1]]",2
detr,1,,aten::mul,"[[1, 64, 1, 1], [1, 64, 1, 1]]",28
detr,1,,aten::mul,"[[1, 64, 200, 272], [1, 64, 1, 1]]",12
detr,1,,aten::mul,"[[1, 64, 400, 544], [1, 64, 1, 1]]",2
detr,1,,aten::mul,"[[1, 850, 256], []]",12
detr,1,,aten::mul,"[[128], []]",8
detr,1,,aten::permute,"[[1, 100, 136, 256], []]",2
detr,1,,aten::permute,"[[1, 200, 272, 256], []]",2
detr,1,,aten::permute,"[[1, 25, 34, 256], []]",2
detr,1,,aten::permute,"[[1, 256, 850], []]",4
detr,1,,aten::permute,"[[1, 50, 68, 256], []]",2
detr,1,,aten::pow,"[[], [128], [128]]",8
detr,1,,aten::pow,"[[], [128]]",8
detr,1,,aten::relu,"[[1, 100, 2048]]",12
detr,1,,aten::relu,"[[1, 100, 256]]",4
detr,1,,aten::relu,"[[1, 850, 2048]]",12
detr,1,,aten::relu_,"[[1, 1024, 50, 68]]",12
detr,1,,aten::relu_,"[[1, 128, 100, 136]]",14
detr,1,,aten::relu_,"[[1, 128, 200, 272]]",2
detr,1,,aten::relu_,"[[1, 2048, 25, 34]]",6
detr,1,,aten::relu_,"[[1, 256, 100, 136]]",2
detr,1,,aten::relu_,"[[1, 256, 200, 272]]",6
detr,1,,aten::relu_,"[[1, 256, 50, 68]]",22
detr,1,,aten::relu_,"[[1, 512, 100, 136]]",8
detr,1,,aten::relu_,"[[1, 512, 25, 34]]",10
detr,1,,aten::relu_,"[[1, 512, 50, 68]]",2
detr,1,,aten::relu_,"[[1, 64, 200, 272]]",12
detr,1,,aten::relu_,"[[1, 64, 400, 544]]",2
detr,1,,aten::repeat,"[[1, 100, 256], []]",2
detr,1,,aten::reshape,"[[1, 100, 2048], []]",12
detr,1,,aten::reshape,"[[1, 100, 256], []]",92
detr,1,,aten::reshape,"[[1, 100, 8, 32], []]",24
detr,1,,aten::reshape,"[[1, 850, 2048], []]",12
detr,1,,aten::reshape,"[[1, 850, 256], []]",84
detr,1,,aten::reshape,"[[1, 850, 8, 32], []]",12
detr,1,,aten::reshape,"[[1024], []]",56
detr,1,,aten::reshape,"[[128], []]",64
detr,1,,aten::reshape,"[[2048], []]",32
detr,1,,aten::reshape,"[[256], []]",130
detr,1,,aten::reshape,"[[512], []]",88
detr,1,,aten::reshape,"[[64], []]",56
detr,1,,aten::rsub,"[[1, 1, 100, 850], [], []]",2
detr,1,,aten::rsub,"[[1, 1, 850, 850], [], []]",2
detr,1,,aten::select,"[[1, 1, 100, 136], [], []]",2
detr,1,,aten::select,"[[1, 1, 200, 272], [], []]",2
detr,1,,aten::select,"[[1, 1, 25, 34], [], []]",2
detr,1,,aten::select,"[[1, 1, 50, 68], [], []]",2
detr,1,,aten::sigmoid,"[[1, 100, 4]]",2
detr,1,,aten::sin,"[[1, 100, 136, 64]]",4
detr,1,,aten::sin,"[[1, 200, 272, 64]]",4
detr,1,,aten::sin,"[[1, 25, 34, 64]]",4
detr,1,,aten::sin,"[[1, 50, 68, 64]]",4
detr,1,,aten::slice,"[[1, 1, 1, 850], [], [], [], []]",4
detr,1,,aten::slice,"[[1, 1, 136], [], [], [], []]",2
detr,1,,aten::slice,"[[1, 1, 272], [], [], [], []]",2
detr,1,,aten::slice,"[[1, 1, 34], [], [], [], []]",2
detr,1,,aten::slice,"[[1, 1, 68], [], [], [], []]",2
detr,1,,aten::slice,"[[1, 100, 136, 128], [], [], [], []]",32
detr,1,,aten::slice,"[[1, 100, 136, 64, 2], [], [], [], []]",8
detr,1,,aten::slice,"[[1, 100, 136], [], [], [], []]",22
detr,1,,aten::slice,"[[1, 200, 272, 128], [], [], [], []]",32
detr,1,,aten::slice,"[[1, 200, 272, 64, 2], [], [], [], []]",8
detr,1,,aten::slice,"[[1, 200, 272], [], [], [], []]",22
detr,1,,aten::slice,"[[1, 25, 34, 128], [], [], [], []]",32
detr,1,,aten::slice,"[[1, 25, 34, 64, 2], [], [], [], []]",8
detr,1,,aten::slice,"[[1, 25, 34], [], [], [], []]",22
detr,1,,aten::slice,"[[1, 50, 68, 128], [], [], [], []]",32
detr,1,,aten::slice,"[[1, 50, 68, 64, 2], [], [], [], []]",8
detr,1,,aten::slice,"[[1, 50, 68], [], [], [], []]",22
detr,1,,aten::slice,"[[1, 850], [], [], [], []]",4
detr,1,,aten::softmax,"[[8, 100, 100], [], []]",12
detr,1,,aten::softmax,"[[8, 100, 850], [], []]",12
detr,1,,aten::softmax,"[[8, 850, 850], [], []]",12
detr,1,,aten::stack,"[[], []]",16
detr,1,,aten::to,"[[1, 1, 100, 136], [], [], [], []]",2
detr,1,,aten::to,"[[1, 1, 100, 850], [], [], [], []]",4
detr,1,,aten::to,"[[1, 1, 200, 272], [], [], [], []]",2
detr,1,,aten::to,"[[1, 1, 25, 34], [], [], [], []]",2
detr,1,,aten::to,"[[1, 1, 50, 68], [], [], [], []]",2
detr,1,,aten::to,"[[1, 1, 800, 1088], [], [], [], []]",8
detr,1,,aten::to,"[[1, 1, 850, 850], [], [], [], []]",4
detr,1,,aten::to,"[[1, 100, 136], [], [], [], []]",4
detr,1,,aten::to,"[[1, 200, 272], [], [], [], []]",4
detr,1,,aten::to,"[[1, 25, 34], [], [], [], []]",4
detr,1,,aten::to,"[[1, 256, 100, 136], [], [], [], []]",2
detr,1,,aten::to,"[[1, 256, 200, 272], [], [], [], []]",2
detr,1,,aten::to,"[[1, 256, 25, 34], [], [], [], []]",2
detr,1,,aten::to,"[[1, 256, 50, 68], [], [], [], []]",2
detr,1,,aten::to,"[[1, 50, 68], [], [], [], []]",4
detr,1,,aten::to,"[[128], [], [], [], []]",8
detr,1,,aten::transpose,"[[1, 100, 8, 32], [], []]",48
detr,1,,aten::transpose,"[[1, 8, 100, 32], [], []]",24
detr,1,,aten::transpose,"[[1, 8, 850, 32], [], []]",12
detr,1,,aten::transpose,"[[1, 850, 8, 32], [], []]",60
detr,1,,aten::transpose,"[[2048, 256], [], []]",24
detr,1,,aten::transpose,"[[256, 2048], [], []]",24
detr,1,,aten::transpose,"[[256, 256], [], []]",148
detr,1,,aten::transpose,"[[4, 256], [], []]",2
detr,1,,aten::transpose,"[[8, 100, 32], [], []]",12
detr,1,,aten::transpose,"[[8, 850, 32], [], []]",24
detr,1,,aten::transpose,"[[92, 256], [], []]",2
detr,1,,aten::unsqueeze,"[[1, 1, 850], []]",4
detr,1,,aten::unsqueeze,"[[1, 100, 136, 64], []]",8
detr,1,,aten::unsqueeze,"[[1, 100, 136], []]",4
detr,1,,aten::unsqueeze,"[[1, 200, 272, 64], []]",8
detr,1,,aten::unsqueeze,"[[1, 200, 272], []]",4
detr,1,,aten::unsqueeze,"[[1, 25, 34, 64], []]",8
detr,1,,aten::unsqueeze,"[[1, 25, 34], []]",4
detr,1,,aten::unsqueeze,"[[1, 50, 68, 64], []]",8
detr,1,,aten::unsqueeze,"[[1, 50, 68], []]",4
detr,1,,aten::unsqueeze,"[[1, 800, 1088], []]",8
detr,1,,aten::unsqueeze,"[[1, 850], []]",4
detr,1,,aten::unsqueeze,"[[100, 256], []]",2
detr,1,,aten::upsample_nearest2d,"[[1, 1, 800, 1088], [], []]",8
detr,1,,aten::view,"[[1, 100, 136, 64, 2], []]",4
detr,1,,aten::view,"[[1, 100, 2048], []]",12
detr,1,,aten::view,"[[1, 100, 256], []]",140
detr,1,,aten::view,"[[1, 200, 272, 64, 2], []]",4
detr,1,,aten::view,"[[1, 25, 34, 64, 2], []]",4
detr,1,,aten::view,"[[1, 25, 34], []]",2
detr,1,,aten::view,"[[1, 256, 25, 34], []]",2
detr,1,,aten::view,"[[1, 50, 68, 64, 2], []]",4
detr,1,,aten::view,"[[1, 8, 100, 32], []]",48
detr,1,,aten::view,"[[1, 8, 100, 850], []]",12
detr,1,,aten::view,"[[1, 8, 850, 32], []]",60
detr,1,,aten::view,"[[1, 8, 850, 850], []]",12
detr,1,,aten::view,"[[1, 850, 2048], []]",12
detr,1,,aten::view,"[[1, 850, 256], []]",138
detr,1,,aten::view,"[[100, 2048], []]",12
detr,1,,aten::view,"[[100, 256], []]",88
detr,1,,aten::view,"[[100, 4], []]",2
detr,1,,aten::view,"[[100, 92], []]",2
detr,1,,aten::view,"[[100], []]",76
detr,1,,aten::view,"[[1024], []]",56
detr,1,,aten::view,"[[128], []]",64
detr,1,,aten::view,"[[2048], []]",32
detr,1,,aten::view,"[[256], []]",130
detr,1,,aten::view,"[[512], []]",88
detr,1,,aten::view,"[[64], []]",56
detr,1,,aten::view,"[[8, 100, 32], []]",24
detr,1,,aten::view,"[[8, 100, 850], []]",12
detr,1,,aten::view,"[[8, 850, 32], []]",12
detr,1,,aten::view,"[[8, 850, 850], []]",12
detr,1,,aten::view,"[[850, 2048], []]",12
detr,1,,aten::view,"[[850, 256], []]",78
detr,1,,aten::view,"[[850], []]",48
detr,1,,aten::zeros_like,"[[1, 100, 256], [], [], [], [], []]",2
detr,1,,cudadevicesynchronize,[],3
detr,1,,detrfrozenbatchnorm2d_prof,"[[1, 1024, 50, 68]]",98
detr,1,,detrfrozenbatchnorm2d_prof,"[[1, 128, 100, 136]]",98
detr,1,,detrfrozenbatchnorm2d_prof,"[[1, 128, 200, 272]]",14
detr,1,,detrfrozenbatchnorm2d_prof,"[[1, 2048, 25, 34]]",56
detr,1,,detrfrozenbatchnorm2d_prof,"[[1, 256, 100, 136]]",14
detr,1,,detrfrozenbatchnorm2d_prof,"[[1, 256, 200, 272]]",56
detr,1,,detrfrozenbatchnorm2d_prof,"[[1, 256, 50, 68]]",154
detr,1,,detrfrozenbatchnorm2d_prof,"[[1, 512, 100, 136]]",70
detr,1,,detrfrozenbatchnorm2d_prof,"[[1, 512, 25, 34]]",70
detr,1,,detrfrozenbatchnorm2d_prof,"[[1, 512, 50, 68]]",14
detr,1,,detrfrozenbatchnorm2d_prof,"[[1, 64, 200, 272]]",84
detr,1,,detrfrozenbatchnorm2d_prof,"[[1, 64, 400, 544]]",14
fasterrcnn,1,,aten::__and__,"[[0], [0]]",50
fasterrcnn,1,,aten::__and__,"[[4507], [4507]]",50
fasterrcnn,1,,aten::add,"[[0, 91], [0, 1], []]",100
fasterrcnn,1,,aten::add,"[[0, 91], [0, 91], []]",100
fasterrcnn,1,,aten::add,"[[0], [0], []]",100
fasterrcnn,1,,aten::add,"[[0], [], []]",100
fasterrcnn,1,,aten::add,"[[1, 1000], [], []]",200
fasterrcnn,1,,aten::add,"[[1, 1024, 1, 1], [], []]",350
fasterrcnn,1,,aten::add,"[[1, 1024, 50, 50], [1, 1024, 1, 1], []]",350
fasterrcnn,1,,aten::add,"[[1, 128, 1, 1], [], []]",400
fasterrcnn,1,,aten::add,"[[1, 128, 100, 100], [1, 128, 1, 1], []]",350
fasterrcnn,1,,aten::add,"[[1, 128, 200, 200], [1, 128, 1, 1], []]",50
fasterrcnn,1,,aten::add,"[[1, 2048, 1, 1], [], []]",200
fasterrcnn,1,,aten::add,"[[1, 2048, 25, 25], [1, 2048, 1, 1], []]",200
fasterrcnn,1,,aten::add,"[[1, 256, 1, 1], [], []]",800
fasterrcnn,1,,aten::add,"[[1, 256, 100, 100], [1, 256, 1, 1], []]",50
fasterrcnn,1,,aten::add,"[[1, 256, 100, 100], [1, 256, 100, 100], []]",50
fasterrcnn,1,,aten::add,"[[1, 256, 200, 200], [1, 256, 1, 1], []]",200
fasterrcnn,1,,aten::add,"[[1, 256, 200, 200], [1, 256, 200, 200], []]",50
fasterrcnn,1,,aten::add,"[[1, 256, 50, 50], [1, 256, 1, 1], []]",550
fasterrcnn,1,,aten::add,"[[1, 256, 50, 50], [1, 256, 50, 50], []]",50
fasterrcnn,1,,aten::add,"[[1, 507], [], []]",50
fasterrcnn,1,,aten::add,"[[1, 512, 1, 1], [], []]",550
fasterrcnn,1,,aten::add,"[[1, 512, 100, 100], [1, 512, 1, 1], []]",250
fasterrcnn,1,,aten::add,"[[1, 512, 25, 25], [1, 512, 1, 1], []]",250
fasterrcnn,1,,aten::add,"[[1, 512, 50, 50], [1, 512, 1, 1], []]",50
fasterrcnn,1,,aten::add,"[[1, 64, 1, 1], [], []]",350
fasterrcnn,1,,aten::add,"[[1, 64, 200, 200], [1, 64, 1, 1], []]",300
fasterrcnn,1,,aten::add,"[[1, 64, 400, 400], [1, 64, 1, 1], []]",50
fasterrcnn,1,,aten::add,"[[10000, 1, 4], [1, 3, 4], []]",50
fasterrcnn,1,,aten::add,"[[159882, 1], [159882, 1], []]",200
fasterrcnn,1,,aten::add,"[[159882], [159882], []]",100
fasterrcnn,1,,aten::add,"[[169, 1, 4], [1, 3, 4], []]",50
fasterrcnn,1,,aten::add,"[[2500, 1, 4], [1, 3, 4], []]",50
fasterrcnn,1,,aten::add,"[[40000, 1, 4], [1, 3, 4], []]",50
fasterrcnn,1,,aten::add,"[[625, 1, 4], [1, 3, 4], []]",50
fasterrcnn,1,,aten::add_,"[[1, 1024, 50, 50], [1, 1024, 50, 50], []]",300
fasterrcnn,1,,aten::add_,"[[1, 12, 100, 100], [1, 12, 1, 1], []]",50
fasterrcnn,1,,aten::add_,"[[1, 12, 13, 13], [1, 12, 1, 1], []]",50
fasterrcnn,1,,aten::add_,"[[1, 12, 200, 200], [1, 12, 1, 1], []]",50
fasterrcnn,1,,aten::add_,"[[1, 12, 25, 25], [1, 12, 1, 1], []]",50
fasterrcnn,1,,aten::add_,"[[1, 12, 50, 50], [1, 12, 1, 1], []]",50
fasterrcnn,1,,aten::add_,"[[1, 2048, 25, 25], [1, 2048, 25, 25], []]",150
fasterrcnn,1,,aten::add_,"[[1, 256, 100, 100], [1, 256, 1, 1], []]",150
fasterrcnn,1,,aten::add_,"[[1, 256, 13, 13], [1, 256, 1, 1], []]",50
fasterrcnn,1,,aten::add_,"[[1, 256, 200, 200], [1, 256, 1, 1], []]",150
fasterrcnn,1,,aten::add_,"[[1, 256, 200, 200], [1, 256, 200, 200], []]",150
fasterrcnn,1,,aten::add_,"[[1, 256, 25, 25], [1, 256, 1, 1], []]",150
fasterrcnn,1,,aten::add_,"[[1, 256, 50, 50], [1, 256, 1, 1], []]",150
fasterrcnn,1,,aten::add_,"[[1, 3, 100, 100], [1, 3, 1, 1], []]",50
fasterrcnn,1,,aten::add_,"[[1, 3, 13, 13], [1, 3, 1, 1], []]",50
fasterrcnn,1,,aten::add_,"[[1, 3, 200, 200], [1, 3, 1, 1], []]",50
fasterrcnn,1,,aten::add_,"[[1, 3, 25, 25], [1, 3, 1, 1], []]",50
fasterrcnn,1,,aten::add_,"[[1, 3, 50, 50], [1, 3, 1, 1], []]",50
fasterrcnn,1,,aten::add_,"[[1, 512, 100, 100], [1, 512, 100, 100], []]",200
fasterrcnn,1,,aten::arange,"[[], [], [], [0]]",600
fasterrcnn,1,,aten::arange,"[[], [], [], [], [], []]",500
fasterrcnn,1,,aten::arange,"[[], [], [], [], []]",100
fasterrcnn,1,,aten::cat,"[[], []]",1050
fasterrcnn,1,,aten::clamp,"[[0, 182], [], []]",100
fasterrcnn,1,,aten::clamp,"[[0, 91], [], []]",100
fasterrcnn,1,,aten::clamp,"[[0], [], []]",50
fasterrcnn,1,,aten::clamp,"[[159882, 1], [], []]",100
fasterrcnn,1,,aten::clamp,"[[4507, 2], [], []]",100
fasterrcnn,1,,aten::copy_,"[[0, 4], [0, 4], []]",50
fasterrcnn,1,,aten::copy_,"[[0], [0], []]",50
fasterrcnn,1,,aten::copy_,"[[1, 100, 100, 3, 1], [1, 100, 100, 3, 1], []]",50
fasterrcnn,1,,aten::copy_,"[[1, 100, 100, 3, 4], [1, 100, 100, 3, 4], []]",50
fasterrcnn,1,,aten::copy_,"[[1, 13, 13, 3, 1], [1, 13, 13, 3, 1], []]",50
fasterrcnn,1,,aten::copy_,"[[1, 13, 13, 3, 4], [1, 13, 13, 3, 4], []]",50
fasterrcnn,1,,aten::copy_,"[[1, 200, 200, 3, 1], [1, 200, 200, 3, 1], []]",50
fasterrcnn,1,,aten::copy_,"[[1, 200, 200, 3, 4], [1, 200, 200, 3, 4], []]",50
fasterrcnn,1,,aten::copy_,"[[1, 25, 25, 3, 1], [1, 25, 25, 3, 1], []]",50
fasterrcnn,1,,aten::copy_,"[[1, 25, 25, 3, 4], [1, 25, 25, 3, 4], []]",50
fasterrcnn,1,,aten::copy_,"[[1, 3, 224, 224], [1, 3, 224, 224], []]",50
fasterrcnn,1,,aten::copy_,"[[1, 4507, 1], [1, 4507, 1], []]",50
fasterrcnn,1,,aten::copy_,"[[1, 4507], [1, 4507], []]",100
fasterrcnn,1,,aten::copy_,"[[1, 50, 50, 3, 1], [1, 50, 50, 3, 1], []]",50
fasterrcnn,1,,aten::copy_,"[[1, 50, 50, 3, 4], [1, 50, 50, 3, 4], []]",50
fasterrcnn,1,,aten::copy_,"[[100, 100], [100, 100], []]",100
fasterrcnn,1,,aten::copy_,"[[13, 13], [13, 13], []]",100
fasterrcnn,1,,aten::copy_,"[[200, 200], [200, 200], []]",100
fasterrcnn,1,,aten::copy_,"[[25, 25], [25, 25], []]",100
fasterrcnn,1,,aten::copy_,"[[3, 800, 800], [3, 800, 800], []]",50
fasterrcnn,1,,aten::copy_,"[[3], [3], []]",100
fasterrcnn,1,,aten::copy_,"[[50, 50], [50, 50], []]",100
fasterrcnn,1,,aten::copy_,"[[], [], []]",400
fasterrcnn,1,,aten::detach,"[[159882, 1]]",50
fasterrcnn,1,,aten::detach,"[[159882, 4]]",50
fasterrcnn,1,,aten::detach_,[[]],450
fasterrcnn,1,,aten::div,"[[0, 91], []]",200
fasterrcnn,1,,aten::div,"[[0], []]",50
fasterrcnn,1,,aten::div,"[[159882, 1], []]",200
fasterrcnn,1,,aten::div,"[[3, 224, 224], [3, 1, 1]]",50
fasterrcnn,1,,aten::div,"[[], []]",100
fasterrcnn,1,,aten::empty,"[[], [], [], [], [], []]",3450
fasterrcnn,1,,aten::eq,"[[0], []]",200
fasterrcnn,1,,aten::exp,"[[0, 91]]",100
fasterrcnn,1,,aten::exp,"[[159882, 1]]",100
fasterrcnn,1,,aten::expand_as,"[[1, 159882], [1, 159882]]",50
fasterrcnn,1,,aten::expand_as,"[[1, 91], [0, 91]]",50
fasterrcnn,1,,aten::fill_,"[[0, 1], []]",50
fasterrcnn,1,,aten::fill_,"[[0, 256, 7, 7], []]",250
fasterrcnn,1,,aten::fill_,"[[1, 3, 800, 800], []]",50
fasterrcnn,1,,aten::fill_,"[[120000], []]",50
fasterrcnn,1,,aten::fill_,"[[1875], []]",50
fasterrcnn,1,,aten::fill_,"[[30000], []]",50
fasterrcnn,1,,aten::fill_,"[[507], []]",50
fasterrcnn,1,,aten::fill_,"[[7500], []]",50
fasterrcnn,1,,aten::fill_,"[[], []]",500
fasterrcnn,1,,aten::flatten,"[[0, 1024], [], []]",50
fasterrcnn,1,,aten::flatten,"[[0, 256, 7, 7], [], []]",50
fasterrcnn,1,,aten::flatten,"[[0, 91, 4], [], []]",50
fasterrcnn,1,,aten::flatten,"[[1, 159882, 1], [], []]",50
fasterrcnn,1,,aten::flatten,"[[159882, 1, 4], [], []]",50
fasterrcnn,1,,aten::floor,[[0]],50
fasterrcnn,1,,aten::full,"[[], [], [], [], [], []]",250
fasterrcnn,1,,aten::full_like,"[[0, 1], [], [], [], [], [], []]",50
fasterrcnn,1,,aten::ge,"[[0], []]",150
fasterrcnn,1,,aten::ge,"[[4507], []]",100
fasterrcnn,1,,aten::gt,"[[0], []]",50
fasterrcnn,1,,aten::index,"[[0, 4], []]",250
fasterrcnn,1,,aten::index,"[[0, 5], []]",200
fasterrcnn,1,,aten::index,"[[0], []]",450
fasterrcnn,1,,aten::index,"[[1, 159882, 4], []]",50
fasterrcnn,1,,aten::index,"[[1, 159882], []]",100
fasterrcnn,1,,aten::index,"[[4507, 4], []]",50
fasterrcnn,1,,aten::index,"[[4507], []]",100
fasterrcnn,1,,aten::index_put_,"[[0, 256, 7, 7], [], [0, 256, 7, 7], []]",200
fasterrcnn,1,,aten::lift_fresh,[[3]],100
fasterrcnn,1,,aten::lift_fresh,[[]],450
fasterrcnn,1,,aten::log2,[[0]],50
fasterrcnn,1,,aten::max_pool2d,"[[1, 256, 25, 25], [], [], [], [], []]",50
fasterrcnn,1,,aten::max_pool2d,"[[1, 64, 400, 400], [], [], [], [], []]",50
fasterrcnn,1,,aten::meshgrid,"[[], []]",250
fasterrcnn,1,,aten::mul,"[[0, 91], [0, 1]]",200
fasterrcnn,1,,aten::mul,"[[0], [0]]",50
fasterrcnn,1,,aten::mul,"[[0], []]",300
fasterrcnn,1,,aten::mul,"[[1, 1024, 1, 1], [1, 1024, 1, 1]]",700
fasterrcnn,1,,aten::mul,"[[1, 1024, 50, 50], [1, 1024, 1, 1]]",350
fasterrcnn,1,,aten::mul,"[[1, 128, 1, 1], [1, 128, 1, 1]]",800
fasterrcnn,1,,aten::mul,"[[1, 128, 100, 100], [1, 128, 1, 1]]",350
fasterrcnn,1,,aten::mul,"[[1, 128, 200, 200], [1, 128, 1, 1]]",50
fasterrcnn,1,,aten::mul,"[[1, 2048, 1, 1], [1, 2048, 1, 1]]",400
fasterrcnn,1,,aten::mul,"[[1, 2048, 25, 25], [1, 2048, 1, 1]]",200
fasterrcnn,1,,aten::mul,"[[1, 256, 1, 1], [1, 256, 1, 1]]",1600
fasterrcnn,1,,aten::mul,"[[1, 256, 100, 100], [1, 256, 1, 1]]",50
fasterrcnn,1,,aten::mul,"[[1, 256, 200, 200], [1, 256, 1, 1]]",200
fasterrcnn,1,,aten::mul,"[[1, 256, 50, 50], [1, 256, 1, 1]]",550
fasterrcnn,1,,aten::mul,"[[1, 512, 1, 1], [1, 512, 1, 1]]",1100
fasterrcnn,1,,aten::mul,"[[1, 512, 100, 100], [1, 512, 1, 1]]",250
fasterrcnn,1,,aten::mul,"[[1, 512, 25, 25], [1, 512, 1, 1]]",250
fasterrcnn,1,,aten::mul,"[[1, 512, 50, 50], [1, 512, 1, 1]]",50
fasterrcnn,1,,aten::mul,"[[1, 64, 1, 1], [1, 64, 1, 1]]",700
fasterrcnn,1,,aten::mul,"[[1, 64, 200, 200], [1, 64, 1, 1]]",300
fasterrcnn,1,,aten::mul,"[[1, 64, 400, 400], [1, 64, 1, 1]]",50
fasterrcnn,1,,aten::mul,"[[100], []]",100
fasterrcnn,1,,aten::mul,"[[13], []]",100
fasterrcnn,1,,aten::mul,"[[159882, 1], [159882, 1]]",200
fasterrcnn,1,,aten::mul,"[[159882], []]",100
fasterrcnn,1,,aten::mul,"[[200], []]",100
fasterrcnn,1,,aten::mul,"[[25], []]",100
fasterrcnn,1,,aten::mul,"[[50], []]",100
fasterrcnn,1,,aten::mul,"[[], [0, 91]]",100
fasterrcnn,1,,aten::mul,"[[], [159882, 1]]",100
fasterrcnn,1,,aten::new_full,"[[3, 800, 800], [], [], [], [], [], []]",50
fasterrcnn,1,,aten::permute,"[[1, 3, 1, 100, 100], []]",50
fasterrcnn,1,,aten::permute,"[[1, 3, 1, 13, 13], []]",50
fasterrcnn,1,,aten::permute,"[[1, 3, 1, 200, 200], []]",50
fasterrcnn,1,,aten::permute,"[[1, 3, 1, 25, 25], []]",50
fasterrcnn,1,,aten::permute,"[[1, 3, 1, 50, 50], []]",50
fasterrcnn,1,,aten::permute,"[[1, 3, 4, 100, 100], []]",50
fasterrcnn,1,,aten::permute,"[[1, 3, 4, 13, 13], []]",50
fasterrcnn,1,,aten::permute,"[[1, 3, 4, 200, 200], []]",50
fasterrcnn,1,,aten::permute,"[[1, 3, 4, 25, 25], []]",50
fasterrcnn,1,,aten::permute,"[[1, 3, 4, 50, 50], []]",50
fasterrcnn,1,,aten::relu,"[[0, 1024]]",100
fasterrcnn,1,,aten::relu_,"[[1, 1024, 50, 50]]",300
fasterrcnn,1,,aten::relu_,"[[1, 128, 100, 100]]",350
fasterrcnn,1,,aten::relu_,"[[1, 128, 200, 200]]",50
fasterrcnn,1,,aten::relu_,"[[1, 2048, 25, 25]]",150
fasterrcnn,1,,aten::relu_,"[[1, 256, 100, 100]]",100
fasterrcnn,1,,aten::relu_,"[[1, 256, 13, 13]]",50
fasterrcnn,1,,aten::relu_,"[[1, 256, 200, 200]]",200
fasterrcnn,1,,aten::relu_,"[[1, 256, 25, 25]]",50
fasterrcnn,1,,aten::relu_,"[[1, 256, 50, 50]]",600
fasterrcnn,1,,aten::relu_,"[[1, 512, 100, 100]]",200
fasterrcnn,1,,aten::relu_,"[[1, 512, 25, 25]]",250
fasterrcnn,1,,aten::relu_,"[[1, 512, 50, 50]]",50
fasterrcnn,1,,aten::relu_,"[[1, 64, 200, 200]]",300
fasterrcnn,1,,aten::relu_,"[[1, 64, 400, 400]]",50
fasterrcnn,1,,aten::reshape,"[[0, 182, 2], []]",50
fasterrcnn,1,,aten::reshape,"[[0, 363], []]",50
fasterrcnn,1,,aten::reshape,"[[0, 90], []]",100
fasterrcnn,1,,aten::reshape,"[[0], []]",1250
fasterrcnn,1,,aten::reshape,"[[1, 100, 100, 3, 1], []]",50
fasterrcnn,1,,aten::reshape,"[[1, 100, 100, 3, 4], []]",50
fasterrcnn,1,,aten::reshape,"[[1, 13, 13, 3, 1], []]",50
fasterrcnn,1,,aten::reshape,"[[1, 13, 13, 3, 4], []]",50
fasterrcnn,1,,aten::reshape,"[[1, 159882, 4], []]",50
fasterrcnn,1,,aten::reshape,"[[1, 200, 200, 3, 1], []]",50
fasterrcnn,1,,aten::reshape,"[[1, 200, 200, 3, 4], []]",50
fasterrcnn,1,,aten::reshape,"[[1, 25, 25, 3, 1], []]",50
fasterrcnn,1,,aten::reshape,"[[1, 25, 25, 3, 4], []]",50
fasterrcnn,1,,aten::reshape,"[[1, 4507], []]",300
fasterrcnn,1,,aten::reshape,"[[1, 50, 50, 3, 1], []]",50
fasterrcnn,1,,aten::reshape,"[[1, 50, 50, 3, 4], []]",50
fasterrcnn,1,,aten::reshape,"[[100, 100], []]",100
fasterrcnn,1,,aten::reshape,"[[10000, 3, 4], []]",50
fasterrcnn,1,,aten::reshape,"[[1024], []]",1400
fasterrcnn,1,,aten::reshape,"[[128], []]",1600
fasterrcnn,1,,aten::reshape,"[[12], []]",250
fasterrcnn,1,,aten::reshape,"[[13, 13], []]",100
fasterrcnn,1,,aten::reshape,"[[159882, 1], []]",50
fasterrcnn,1,,aten::reshape,"[[159882, 4], []]",100
fasterrcnn,1,,aten::reshape,"[[159882], []]",50
fasterrcnn,1,,aten::reshape,"[[169, 3, 4], []]",50
fasterrcnn,1,,aten::reshape,"[[200, 200], []]",100
fasterrcnn,1,,aten::reshape,"[[2048], []]",800
fasterrcnn,1,,aten::reshape,"[[25, 25], []]",100
fasterrcnn,1,,aten::reshape,"[[2500, 3, 4], []]",50
fasterrcnn,1,,aten::reshape,"[[256], []]",3850
fasterrcnn,1,,aten::reshape,"[[3], []]",250
fasterrcnn,1,,aten::reshape,"[[40000, 3, 4], []]",50
fasterrcnn,1,,aten::reshape,"[[4507, 2, 2], []]",50
fasterrcnn,1,,aten::reshape,"[[50, 50], []]",100
fasterrcnn,1,,aten::reshape,"[[512], []]",2200
fasterrcnn,1,,aten::reshape,"[[625, 3, 4], []]",50
fasterrcnn,1,,aten::reshape,"[[64], []]",1400
fasterrcnn,1,,aten::select,"[[0, 1], [], []]",400
fasterrcnn,1,,aten::select,"[[0, 4], [], []]",900
fasterrcnn,1,,aten::select,"[[1, 3, 100, 100], [], []]",50
fasterrcnn,1,,aten::select,"[[1, 3, 13, 13], [], []]",50
fasterrcnn,1,,aten::select,"[[1, 3, 200, 200], [], []]",50
fasterrcnn,1,,aten::select,"[[1, 3, 224, 224], [], []]",100
fasterrcnn,1,,aten::select,"[[1, 3, 25, 25], [], []]",50
fasterrcnn,1,,aten::select,"[[1, 3, 50, 50], [], []]",50
fasterrcnn,1,,aten::select,"[[1, 3, 800, 800], [], []]",100
fasterrcnn,1,,aten::select,"[[1, 4507, 4], [], []]",50
fasterrcnn,1,,aten::select,"[[1, 4507], [], []]",100
fasterrcnn,1,,aten::select,"[[159882, 4], [], []]",300
fasterrcnn,1,,aten::select,"[[4507, 4], [], []]",200
fasterrcnn,1,,aten::sigmoid,"[[1, 4507]]",50
fasterrcnn,1,,aten::slice,"[[0, 364], [], [], [], []]",600
fasterrcnn,1,,aten::slice,"[[0, 4], [], [], [], []]",800
fasterrcnn,1,,aten::slice,"[[0, 91], [], [], [], []]",200
fasterrcnn,1,,aten::slice,"[[0], [], [], [], []]",400
fasterrcnn,1,,aten::slice,"[[159882, 4], [], [], [], []]",750
fasterrcnn,1,,aten::slice,"[[159882], [], [], [], []]",300
fasterrcnn,1,,aten::slice,"[[1], [], [], [], []]",50
fasterrcnn,1,,aten::slice,"[[3], [], [], [], []]",100
fasterrcnn,1,,aten::slice,"[[4507, 4], [], [], [], []]",300
fasterrcnn,1,,aten::softmax,"[[0, 91], [], []]",50
fasterrcnn,1,,aten::split_with_sizes,"[[0, 364], [], []]",50
fasterrcnn,1,,aten::split_with_sizes,"[[0, 91], [], []]",50
fasterrcnn,1,,aten::split_with_sizes,"[[1, 159882], [], []]",50
fasterrcnn,1,,aten::sqrt,[[0]],50
fasterrcnn,1,,aten::stack,"[[], []]",500
fasterrcnn,1,,aten::sub,"[[0, 91], [0, 91], []]",100
fasterrcnn,1,,aten::sub,"[[0], [0], []]",300
fasterrcnn,1,,aten::sub,"[[0], [], []]",50
fasterrcnn,1,,aten::sub,"[[1, 1024, 1, 1], [1, 1024, 1, 1], []]",350
fasterrcnn,1,,aten::sub,"[[1, 128, 1, 1], [1, 128, 1, 1], []]",400
fasterrcnn,1,,aten::sub,"[[1, 2048, 1, 1], [1, 2048, 1, 1], []]",200
fasterrcnn,1,,aten::sub,"[[1, 256, 1, 1], [1, 256, 1, 1], []]",800
fasterrcnn,1,,aten::sub,"[[1, 512, 1, 1], [1, 512, 1, 1], []]",550
fasterrcnn,1,,aten::sub,"[[1, 64, 1, 1], [1, 64, 1, 1], []]",350
fasterrcnn,1,,aten::sub,"[[159882, 1], [159882, 1], []]",100
fasterrcnn,1,,aten::sub,"[[159882], [159882], []]",100
fasterrcnn,1,,aten::sub,"[[3, 224, 224], [3, 1, 1], []]",50
fasterrcnn,1,,aten::sub,"[[4507], [4507], []]",100
fasterrcnn,1,,aten::to,"[[0, 182], [], [], [], []]",100
fasterrcnn,1,,aten::to,"[[0, 256, 7, 7], [], [], [], []]",200
fasterrcnn,1,,aten::to,"[[0, 4], [], [], [], []]",100
fasterrcnn,1,,aten::to,"[[0, 91], [], [], [], []]",100
fasterrcnn,1,,aten::to,"[[0], [], [], [], []]",150
fasterrcnn,1,,aten::to,"[[1, 3, 224, 224], [], [], [], [], [], [], []]",50
fasterrcnn,1,,aten::to,"[[159882, 1], [], [], [], []]",100
fasterrcnn,1,,aten::to,"[[159882, 4], [], [], [], []]",50
fasterrcnn,1,,aten::to,"[[3, 4], [], [], [], [], []]",250
fasterrcnn,1,,aten::to,"[[3], [], [], [], [], []]",100
fasterrcnn,1,,aten::to,"[[4507, 2], [], [], [], []]",100
fasterrcnn,1,,aten::to,"[[], [], [], [], [], []]",450
fasterrcnn,1,,aten::topk,"[[1, 120000], [], [], [], []]",50
fasterrcnn,1,,aten::topk,"[[1, 1875], [], [], [], []]",50
fasterrcnn,1,,aten::topk,"[[1, 30000], [], [], [], []]",50
fasterrcnn,1,,aten::topk,"[[1, 507], [], [], [], []]",50
fasterrcnn,1,,aten::topk,"[[1, 7500], [], [], [], []]",50
fasterrcnn,1,,aten::unbind,"[[0, 1], []]",400
fasterrcnn,1,,aten::unbind,"[[0, 4], []]",50
fasterrcnn,1,,aten::unbind,"[[1, 3, 224, 224], []]",100
fasterrcnn,1,,aten::unbind,"[[1, 4507, 4], []]",50
fasterrcnn,1,,aten::unbind,"[[1, 4507], []]",100
fasterrcnn,1,,aten::unsqueeze,"[[0, 182], []]",100
fasterrcnn,1,,aten::unsqueeze,"[[0, 91], []]",200
fasterrcnn,1,,aten::unsqueeze,"[[0], []]",500
fasterrcnn,1,,aten::unsqueeze,"[[10000], []]",200
fasterrcnn,1,,aten::unsqueeze,"[[159882, 1], []]",200
fasterrcnn,1,,aten::unsqueeze,"[[159882], []]",300
fasterrcnn,1,,aten::unsqueeze,"[[169], []]",200
fasterrcnn,1,,aten::unsqueeze,"[[1], []]",50
fasterrcnn,1,,aten::unsqueeze,"[[2500], []]",200
fasterrcnn,1,,aten::unsqueeze,"[[3, 1], []]",100
fasterrcnn,1,,aten::unsqueeze,"[[3, 224, 224], []]",50
fasterrcnn,1,,aten::unsqueeze,"[[3], []]",100
fasterrcnn,1,,aten::unsqueeze,"[[40000], []]",200
fasterrcnn,1,,aten::unsqueeze,"[[4507, 2], []]",100
fasterrcnn,1,,aten::unsqueeze,"[[625], []]",200
fasterrcnn,1,,aten::upsample_bilinear2d,"[[1, 3, 224, 224], [], [], []]",50
fasterrcnn,1,,aten::upsample_nearest2d,"[[1, 256, 100, 100], [], []]",50
fasterrcnn,1,,aten::upsample_nearest2d,"[[1, 256, 25, 25], [], []]",50
fasterrcnn,1,,aten::upsample_nearest2d,"[[1, 256, 50, 50], [], []]",50
fasterrcnn,1,,aten::view,"[[0, 182, 2], []]",50
fasterrcnn,1,,aten::view,"[[0, 256, 7, 7], []]",50
fasterrcnn,1,,aten::view,"[[0, 363], []]",50
fasterrcnn,1,,aten::view,"[[0, 90], []]",100
fasterrcnn,1,,aten::view,"[[0, 91, 4], []]",50
fasterrcnn,1,,aten::view,"[[0], []]",1250
fasterrcnn,1,,aten::view,"[[1, 12, 100, 100], []]",50
fasterrcnn,1,,aten::view,"[[1, 12, 13, 13], []]",50
fasterrcnn,1,,aten::view,"[[1, 12, 200, 200], []]",50
fasterrcnn,1,,aten::view,"[[1, 12, 25, 25], []]",50
fasterrcnn,1,,aten::view,"[[1, 12, 50, 50], []]",50
fasterrcnn,1,,aten::view,"[[1, 159882, 1], []]",50
fasterrcnn,1,,aten::view,"[[1, 159882, 4], []]",50
fasterrcnn,1,,aten::view,"[[1, 3, 100, 100], []]",50
fasterrcnn,1,,aten::view,"[[1, 3, 13, 13], []]",50
fasterrcnn,1,,aten::view,"[[1, 3, 200, 200], []]",50
fasterrcnn,1,,aten::view,"[[1, 3, 25, 25], []]",50
fasterrcnn,1,,aten::view,"[[1, 3, 50, 50], []]",50
fasterrcnn,1,,aten::view,"[[1, 4507], []]",150
fasterrcnn,1,,aten::view,"[[10000, 3, 4], []]",50
fasterrcnn,1,,aten::view,"[[10000, 4], []]",50
fasterrcnn,1,,aten::view,"[[100], []]",100
fasterrcnn,1,,aten::view,"[[1024], []]",1400
fasterrcnn,1,,aten::view,"[[128], []]",1600
fasterrcnn,1,,aten::view,"[[12], []]",250
fasterrcnn,1,,aten::view,"[[13], []]",100
fasterrcnn,1,,aten::view,"[[159882, 1, 4], []]",100
fasterrcnn,1,,aten::view,"[[159882, 1], []]",50
fasterrcnn,1,,aten::view,"[[159882, 4], []]",100
fasterrcnn,1,,aten::view,"[[159882], []]",50
fasterrcnn,1,,aten::view,"[[169, 3, 4], []]",50
fasterrcnn,1,,aten::view,"[[169, 4], []]",50
fasterrcnn,1,,aten::view,"[[200], []]",100
fasterrcnn,1,,aten::view,"[[2048], []]",800
fasterrcnn,1,,aten::view,"[[2500, 3, 4], []]",50
fasterrcnn,1,,aten::view,"[[2500, 4], []]",50
fasterrcnn,1,,aten::view,"[[256], []]",3850
fasterrcnn,1,,aten::view,"[[25], []]",100
fasterrcnn,1,,aten::view,"[[3, 4], []]",250
fasterrcnn,1,,aten::view,"[[3], []]",250
fasterrcnn,1,,aten::view,"[[40000, 3, 4], []]",50
fasterrcnn,1,,aten::view,"[[40000, 4], []]",50
fasterrcnn,1,,aten::view,"[[4507, 2, 2], []]",50
fasterrcnn,1,,aten::view,"[[50], []]",100
fasterrcnn,1,,aten::view,"[[512], []]",2200
fasterrcnn,1,,aten::view,"[[625, 3, 4], []]",50
fasterrcnn,1,,aten::view,"[[625, 4], []]",50
fasterrcnn,1,,aten::view,"[[64], []]",1400
fasterrcnn,1,,aten::view,"[[91], []]",50
fasterrcnn,1,,aten::where,[[0]],350
fasterrcnn,1,,aten::where,[[4507]],50
fasterrcnn,1,,aten::zeros,"[[], [], [], [], []]",250
fasterrcnn,1,,cudadevicesynchronize,[],51
fasterrcnn,1,,frozenbatchnorm2d_prof,"[[1, 1024, 50, 50]]",770
fasterrcnn,1,,frozenbatchnorm2d_prof,"[[1, 128, 100, 100]]",770
fasterrcnn,1,,frozenbatchnorm2d_prof,"[[1, 128, 200, 200]]",110
fasterrcnn,1,,frozenbatchnorm2d_prof,"[[1, 2048, 25, 25]]",440
fasterrcnn,1,,frozenbatchnorm2d_prof,"[[1, 256, 100, 100]]",110
fasterrcnn,1,,frozenbatchnorm2d_prof,"[[1, 256, 200, 200]]",440
fasterrcnn,1,,frozenbatchnorm2d_prof,"[[1, 256, 50, 50]]",1210
fasterrcnn,1,,frozenbatchnorm2d_prof,"[[1, 512, 100, 100]]",550
fasterrcnn,1,,frozenbatchnorm2d_prof,"[[1, 512, 25, 25]]",550
fasterrcnn,1,,frozenbatchnorm2d_prof,"[[1, 512, 50, 50]]",110
fasterrcnn,1,,frozenbatchnorm2d_prof,"[[1, 64, 200, 200]]",660
fasterrcnn,1,,frozenbatchnorm2d_prof,"[[1, 64, 400, 400]]",110
fasterrcnn,1,,torchvision::roi_align,"[[1, 256, 100, 100], [0, 5], [], [], [], [], []]",50
fasterrcnn,1,,torchvision::roi_align,"[[1, 256, 200, 200], [0, 5], [], [], [], [], []]",50
fasterrcnn,1,,torchvision::roi_align,"[[1, 256, 25, 25], [0, 5], [], [], [], [], []]",50
fasterrcnn,1,,torchvision::roi_align,"[[1, 256, 50, 50], [0, 5], [], [], [], [], []]",50
gpt2,1,256,aten::add,"[[1, 256, 3072], [1, 256, 3072], []]",24
gpt2,1,256,aten::add,"[[1, 256, 3072], [], []]",24
gpt2,1,256,aten::add,"[[1, 256, 768], [1, 256, 768], []]",50
gpt2,1,256,aten::all,"[[1, 256]]",2
gpt2,1,256,aten::arange,"[[], [], [], [0]]",2
gpt2,1,256,aten::arange,"[[], [], [], [], [], []]",2
gpt2,1,256,aten::dropout,"[[1, 256, 768], [], []]",50
gpt2,1,256,aten::embedding,"[[1024, 768], [1, 256], [], [], []]",2
gpt2,1,256,aten::embedding,"[[50257, 768], [1, 256], [], [], []]",2
gpt2,1,256,aten::eq,"[[1, 256], []]",2
gpt2,1,256,aten::is_nonzero,[[]],2
gpt2,1,256,aten::layer_norm,"[[1, 256, 768], [], [768], [768], [], []]",50
gpt2,1,256,aten::permute,"[[1, 256, 12, 64], []]",72
gpt2,1,256,aten::split,"[[1, 256, 2304], [], []]",24
gpt2,1,256,aten::transpose,"[[1, 12, 256, 64], [], []]",96
gpt2,1,256,aten::transpose,"[[1, 256, 12, 64], [], []]",24
gpt2,1,256,aten::transpose,"[[50257, 768], [], []]",2
gpt2,1,256,aten::unsqueeze,"[[256], []]",2
gpt2,1,256,aten::view,"[[1, 256, 12, 64], []]",24
gpt2,1,256,aten::view,"[[1, 256, 3072], []]",24
gpt2,1,256,aten::view,"[[1, 256, 768], []]",148
gpt2,1,256,aten::view,"[[1, 256], []]",8
gpt2,1,256,aten::view,"[[256, 2304], []]",24
gpt2,1,256,aten::view,"[[256, 3072], []]",24
gpt2,1,256,aten::view,"[[256, 768], []]",52
gpt2,1,256,aten::view,"[[256], []]",100
gpt2,1,256,cudadevicesynchronize,[],3
gpt2,1,256,newgeluactivation_prof,"[[1, 256, 3072]]",168
gpt2,2,256,aten::add,"[[1, 256, 3072], [1, 256, 3072], []]",24
gpt2,2,256,aten::add,"[[1, 256, 3072], [], []]",24
gpt2,2,256,aten::add,"[[1, 256, 768], [1, 256, 768], []]",50
gpt2,2,256,aten::all,"[[1, 256]]",2
gpt2,2,256,aten::arange,"[[], [], [], [0]]",2
gpt2,2,256,aten::arange,"[[], [], [], [], [], []]",2
gpt2,2,256,aten::dropout,"[[1, 256, 768], [], []]",50
gpt2,2,256,aten::embedding,"[[1024, 768], [1, 256], [], [], []]",2
gpt2,2,256,aten::embedding,"[[50257, 768], [1, 256], [], [], []]",2
gpt2,2,256,aten::eq,"[[1, 256], []]",2
gpt2,2,256,aten::is_nonzero,[[]],2
gpt2,2,256,aten::layer_norm,"[[1, 256, 768], [], [768], [768], [], []]",50
gpt2,2,256,aten::permute,"[[1, 256, 12, 64], []]",72
gpt2,2,256,aten::split,"[[1, 256, 2304], [], []]",24
gpt2,2,256,aten::transpose,"[[1, 12, 256, 64], [], []]",96
gpt2,2,256,aten::transpose,"[[1, 256, 12, 64], [], []]",24
gpt2,2,256,aten::transpose,"[[50257, 768], [], []]",2
gpt2,2,256,aten::unsqueeze,"[[256], []]",2
gpt2,2,256,aten::view,"[[1, 256, 12, 64], []]",24
gpt2,2,256,aten::view,"[[1, 256, 3072], []]",24
gpt2,2,256,aten::view,"[[1, 256, 768], []]",148
gpt2,2,256,aten::view,"[[1, 256], []]",8
gpt2,2,256,aten::view,"[[256, 2304], []]",24
gpt2,2,256,aten::view,"[[256, 3072], []]",24
gpt2,2,256,aten::view,"[[256, 768], []]",52
gpt2,2,256,aten::view,"[[256], []]",100
gpt2,2,256,cudadevicesynchronize,[],3
gpt2,2,256,newgeluactivation_prof,"[[1, 256, 3072]]",168
gpt2,4,256,aten::add,"[[1, 256, 3072], [1, 256, 3072], []]",24
gpt2,4,256,aten::add,"[[1, 256, 3072], [], []]",24
gpt2,4,256,aten::add,"[[1, 256, 768], [1, 256, 768], []]",50
gpt2,4,256,aten::all,"[[1, 256]]",2
gpt2,4,256,aten::arange,"[[], [], [], [0]]",2
gpt2,4,256,aten::arange,"[[], [], [], [], [], []]",2
gpt2,4,256,aten::dropout,"[[1, 256, 768], [], []]",50
gpt2,4,256,aten::embedding,"[[1024, 768], [1, 256], [], [], []]",2
gpt2,4,256,aten::embedding,"[[50257, 768], [1, 256], [], [], []]",2
gpt2,4,256,aten::eq,"[[1, 256], []]",2
gpt2,4,256,aten::is_nonzero,[[]],2
gpt2,4,256,aten::layer_norm,"[[1, 256, 768], [], [768], [768], [], []]",50
gpt2,4,256,aten::permute,"[[1, 256, 12, 64], []]",72
gpt2,4,256,aten::split,"[[1, 256, 2304], [], []]",24
gpt2,4,256,aten::transpose,"[[1, 12, 256, 64], [], []]",96
gpt2,4,256,aten::transpose,"[[1, 256, 12, 64], [], []]",24
gpt2,4,256,aten::transpose,"[[50257, 768], [], []]",2
gpt2,4,256,aten::unsqueeze,"[[256], []]",2
gpt2,4,256,aten::view,"[[1, 256, 12, 64], []]",24
gpt2,4,256,aten::view,"[[1, 256, 3072], []]",24
gpt2,4,256,aten::view,"[[1, 256, 768], []]",148
gpt2,4,256,aten::view,"[[1, 256], []]",8
gpt2,4,256,aten::view,"[[256, 2304], []]",24
gpt2,4,256,aten::view,"[[256, 3072], []]",24
gpt2,4,256,aten::view,"[[256, 768], []]",52
gpt2,4,256,aten::view,"[[256], []]",100
gpt2,4,256,cudadevicesynchronize,[],3
gpt2,4,256,newgeluactivation_prof,"[[1, 256, 3072]]",168
gpt2,8,256,aten::add,"[[1, 256, 3072], [1, 256, 3072], []]",24
gpt2,8,256,aten::add,"[[1, 256, 3072], [], []]",24
gpt2,8,256,aten::add,"[[1, 256, 768], [1, 256, 768], []]",50
gpt2,8,256,aten::all,"[[1, 256]]",2
gpt2,8,256,aten::arange,"[[], [], [], [0]]",2
gpt2,8,256,aten::arange,"[[], [], [], [], [], []]",2
gpt2,8,256,aten::dropout,"[[1, 256, 768], [], []]",50
gpt2,8,256,aten::embedding,"[[1024, 768], [1, 256], [], [], []]",2
gpt2,8,256,aten::embedding,"[[50257, 768], [1, 256], [], [], []]",2
gpt2,8,256,aten::eq,"[[1, 256], []]",2
gpt2,8,256,aten::is_nonzero,[[]],2
gpt2,8,256,aten::layer_norm,"[[1, 256, 768], [], [768], [768], [], []]",50
gpt2,8,256,aten::permute,"[[1, 256, 12, 64], []]",72
gpt2,8,256,aten::split,"[[1, 256, 2304], [], []]",24
gpt2,8,256,aten::transpose,"[[1, 12, 256, 64], [], []]",96
gpt2,8,256,aten::transpose,"[[1, 256, 12, 64], [], []]",24
gpt2,8,256,aten::transpose,"[[50257, 768], [], []]",2
gpt2,8,256,aten::unsqueeze,"[[256], []]",2
gpt2,8,256,aten::view,"[[1, 256, 12, 64], []]",24
gpt2,8,256,aten::view,"[[1, 256, 3072], []]",24
gpt2,8,256,aten::view,"[[1, 256, 768], []]",148
gpt2,8,256,aten::view,"[[1, 256], []]",8
gpt2,8,256,aten::view,"[[256, 2304], []]",24
gpt2,8,256,aten::view,"[[256, 3072], []]",24
gpt2,8,256,aten::view,"[[256, 768], []]",52
gpt2,8,256,aten::view,"[[256], []]",100
gpt2,8,256,cudadevicesynchronize,[],3
gpt2,8,256,newgeluactivation_prof,"[[1, 256, 3072]]",168
gpt2-large,1,256,aten::add,"[[1, 256, 1280], [1, 256, 1280], []]",146
gpt2-large,1,256,aten::add,"[[1, 256, 5120], [1, 256, 5120], []]",72
gpt2-large,1,256,aten::add,"[[1, 256, 5120], [], []]",72
gpt2-large,1,256,aten::all,"[[1, 256]]",2
gpt2-large,1,256,aten::arange,"[[], [], [], [0]]",2
gpt2-large,1,256,aten::arange,"[[], [], [], [], [], []]",2
gpt2-large,1,256,aten::dropout,"[[1, 256, 1280], [], []]",146
gpt2-large,1,256,aten::embedding,"[[1024, 1280], [1, 256], [], [], []]",2
gpt2-large,1,256,aten::embedding,"[[50257, 1280], [1, 256], [], [], []]",2
gpt2-large,1,256,aten::eq,"[[1, 256], []]",2
gpt2-large,1,256,aten::is_nonzero,[[]],2
gpt2-large,1,256,aten::layer_norm,"[[1, 256, 1280], [], [1280], [1280], [], []]",146
gpt2-large,1,256,aten::permute,"[[1, 256, 20, 64], []]",216
gpt2-large,1,256,aten::split,"[[1, 256, 3840], [], []]",72
gpt2-large,1,256,aten::transpose,"[[1, 20, 256, 64], [], []]",288
gpt2-large,1,256,aten::transpose,"[[1, 256, 20, 64], [], []]",72
gpt2-large,1,256,aten::transpose,"[[50257, 1280], [], []]",2
gpt2-large,1,256,aten::unsqueeze,"[[256], []]",2
gpt2-large,1,256,aten::view,"[[1, 256, 1280], []]",436
gpt2-large,1,256,aten::view,"[[1, 256, 20, 64], []]",72
gpt2-large,1,256,aten::view,"[[1, 256, 5120], []]",72
gpt2-large,1,256,aten::view,"[[1, 256], []]",8
gpt2-large,1,256,aten::view,"[[256, 1280], []]",148
gpt2-large,1,256,aten::view,"[[256, 3840], []]",72
gpt2-large,1,256,aten::view,"[[256, 5120], []]",72
gpt2-large,1,256,aten::view,"[[256], []]",292
gpt2-large,1,256,cudadevicesynchronize,[],3
gpt2-large,1,256,newgeluactivation_prof,"[[1, 256, 5120]]",504
gpt2-large,2,256,aten::add,"[[1, 256, 1280], [1, 256, 1280], []]",146
gpt2-large,2,256,aten::add,"[[1, 256, 5120], [1, 256, 5120], []]",72
gpt2-large,2,256,aten::add,"[[1, 256, 5120], [], []]",72
gpt2-large,2,256,aten::all,"[[1, 256]]",2
gpt2-large,2,256,aten::arange,"[[], [], [], [0]]",2
gpt2-large,2,256,aten::arange,"[[], [], [], [], [], []]",2
gpt2-large,2,256,aten::dropout,"[[1, 256, 1280], [], []]",146
gpt2-large,2,256,aten::embedding,"[[1024, 1280], [1, 256], [], [], []]",2
gpt2-large,2,256,aten::embedding,"[[50257, 1280], [1, 256], [], [], []]",2
gpt2-large,2,256,aten::eq,"[[1, 256], []]",2
gpt2-large,2,256,aten::is_nonzero,[[]],2
gpt2-large,2,256,aten::layer_norm,"[[1, 256, 1280], [], [1280], [1280], [], []]",146
gpt2-large,2,256,aten::permute,"[[1, 256, 20, 64], []]",216
gpt2-large,2,256,aten::split,"[[1, 256, 3840], [], []]",72
gpt2-large,2,256,aten::transpose,"[[1, 20, 256, 64], [], []]",288
gpt2-large,2,256,aten::transpose,"[[1, 256, 20, 64], [], []]",72
gpt2-large,2,256,aten::transpose,"[[50257, 1280], [], []]",2
gpt2-large,2,256,aten::unsqueeze,"[[256], []]",2
gpt2-large,2,256,aten::view,"[[1, 256, 1280], []]",436
gpt2-large,2,256,aten::view,"[[1, 256, 20, 64], []]",72
gpt2-large,2,256,aten::view,"[[1, 256, 5120], []]",72
gpt2-large,2,256,aten::view,"[[1, 256], []]",8
gpt2-large,2,256,aten::view,"[[256, 1280], []]",148
gpt2-large,2,256,aten::view,"[[256, 3840], []]",72
gpt2-large,2,256,aten::view,"[[256, 5120], []]",72
gpt2-large,2,256,aten::view,"[[256], []]",292
gpt2-large,2,256,cudadevicesynchronize,[],3
gpt2-large,2,256,newgeluactivation_prof,"[[1, 256, 5120]]",504
gpt2-large,4,256,aten::add,"[[1, 256, 1280], [1, 256, 1280], []]",146
gpt2-large,4,256,aten::add,"[[1, 256, 5120], [1, 256, 5120], []]",72
gpt2-large,4,256,aten::add,"[[1, 256, 5120], [], []]",72
gpt2-large,4,256,aten::all,"[[1, 256]]",2
gpt2-large,4,256,aten::arange,"[[], [], [], [0]]",2
gpt2-large,4,256,aten::arange,"[[], [], [], [], [], []]",2
gpt2-large,4,256,aten::dropout,"[[1, 256, 1280], [], []]",146
gpt2-large,4,256,aten::embedding,"[[1024, 1280], [1, 256], [], [], []]",2
gpt2-large,4,256,aten::embedding,"[[50257, 1280], [1, 256], [], [], []]",2
gpt2-large,4,256,aten::eq,"[[1, 256], []]",2
gpt2-large,4,256,aten::is_nonzero,[[]],2
gpt2-large,4,256,aten::layer_norm,"[[1, 256, 1280], [], [1280], [1280], [], []]",146
gpt2-large,4,256,aten::permute,"[[1, 256, 20, 64], []]",216
gpt2-large,4,256,aten::split,"[[1, 256, 3840], [], []]",72
gpt2-large,4,256,aten::transpose,"[[1, 20, 256, 64], [], []]",288
gpt2-large,4,256,aten::transpose,"[[1, 256, 20, 64], [], []]",72
gpt2-large,4,256,aten::transpose,"[[50257, 1280], [], []]",2
gpt2-large,4,256,aten::unsqueeze,"[[256], []]",2
gpt2-large,4,256,aten::view,"[[1, 256, 1280], []]",436
gpt2-large,4,256,aten::view,"[[1, 256, 20, 64], []]",72
gpt2-large,4,256,aten::view,"[[1, 256, 5120], []]",72
gpt2-large,4,256,aten::view,"[[1, 256], []]",8
gpt2-large,4,256,aten::view,"[[256, 1280], []]",148
gpt2-large,4,256,aten::view,"[[256, 3840], []]",72
gpt2-large,4,256,aten::view,"[[256, 5120], []]",72
gpt2-large,4,256,aten::view,"[[256], []]",292
gpt2-large,4,256,cudadevicesynchronize,[],3
gpt2-large,4,256,newgeluactivation_prof,"[[1, 256, 5120]]",504
gpt2-large,8,256,aten::add,"[[1, 256, 1280], [1, 256, 1280], []]",146
gpt2-large,8,256,aten::add,"[[1, 256, 5120], [1, 256, 5120], []]",72
gpt2-large,8,256,aten::add,"[[1, 256, 5120], [], []]",72
gpt2-large,8,256,aten::all,"[[1, 256]]",2
gpt2-large,8,256,aten::arange,"[[], [], [], [0]]",2
gpt2-large,8,256,aten::arange,"[[], [], [], [], [], []]",2
gpt2-large,8,256,aten::dropout,"[[1, 256, 1280], [], []]",146
gpt2-large,8,256,aten::embedding,"[[1024, 1280], [1, 256], [], [], []]",2
gpt2-large,8,256,aten::embedding,"[[50257, 1280], [1, 256], [], [], []]",2
gpt2-large,8,256,aten::eq,"[[1, 256], []]",2
gpt2-large,8,256,aten::is_nonzero,[[]],2
gpt2-large,8,256,aten::layer_norm,"[[1, 256, 1280], [], [1280], [1280], [], []]",146
gpt2-large,8,256,aten::permute,"[[1, 256, 20, 64], []]",216
gpt2-large,8,256,aten::split,"[[1, 256, 3840], [], []]",72
gpt2-large,8,256,aten::transpose,"[[1, 20, 256, 64], [], []]",288
gpt2-large,8,256,aten::transpose,"[[1, 256, 20, 64], [], []]",72
gpt2-large,8,256,aten::transpose,"[[50257, 1280], [], []]",2
gpt2-large,8,256,aten::unsqueeze,"[[256], []]",2
gpt2-large,8,256,aten::view,"[[1, 256, 1280], []]",436
gpt2-large,8,256,aten::view,"[[1, 256, 20, 64], []]",72
gpt2-large,8,256,aten::view,"[[1, 256, 5120], []]",72
gpt2-large,8,256,aten::view,"[[1, 256], []]",8
gpt2-large,8,256,aten::view,"[[256, 1280], []]",148
gpt2-large,8,256,aten::view,"[[256, 3840], []]",72
gpt2-large,8,256,aten::view,"[[256, 5120], []]",72
gpt2-large,8,256,aten::view,"[[256], []]",292
gpt2-large,8,256,cudadevicesynchronize,[],3
gpt2-large,8,256,newgeluactivation_prof,"[[1, 256, 5120]]",504
gpt2-xl,1,512,aten::add,"[[1, 512, 1600], [1, 512, 1600], []]",194
gpt2-xl,1,512,aten::add,"[[1, 512, 6400], [1, 512, 6400], []]",96
gpt2-xl,1,512,aten::add,"[[1, 512, 6400], [], []]",96
gpt2-xl,1,512,aten::all,"[[1, 512]]",2
gpt2-xl,1,512,aten::arange,"[[], [], [], [0]]",2
gpt2-xl,1,512,aten::arange,"[[], [], [], [], [], []]",2
gpt2-xl,1,512,aten::dropout,"[[1, 512, 1600], [], []]",194
gpt2-xl,1,512,aten::embedding,"[[1024, 1600], [1, 512], [], [], []]",2
gpt2-xl,1,512,aten::embedding,"[[50257, 1600], [1, 512], [], [], []]",2
gpt2-xl,1,512,aten::eq,"[[1, 512], []]",2
gpt2-xl,1,512,aten::is_nonzero,[[]],2
gpt2-xl,1,512,aten::layer_norm,"[[1, 512, 1600], [], [1600], [1600], [], []]",194
gpt2-xl,1,512,aten::permute,"[[1, 512, 25, 64], []]",288
gpt2-xl,1,512,aten::split,"[[1, 512, 4800], [], []]",96
gpt2-xl,1,512,aten::transpose,"[[1, 25, 512, 64], [], []]",384
gpt2-xl,1,512,aten::transpose,"[[1, 512, 25, 64], [], []]",96
gpt2-xl,1,512,aten::transpose,"[[50257, 1600], [], []]",2
gpt2-xl,1,512,aten::unsqueeze,"[[512], []]",2
gpt2-xl,1,512,aten::view,"[[1, 512, 1600], []]",580
gpt2-xl,1,512,aten::view,"[[1, 512, 25, 64], []]",96
gpt2-xl,1,512,aten::view,"[[1, 512, 6400], []]",96
gpt2-xl,1,512,aten::view,"[[1, 512], []]",8
gpt2-xl,1,512,aten::view,"[[512, 1600], []]",196
gpt2-xl,1,512,aten::view,"[[512, 4800], []]",96
gpt2-xl,1,512,aten::view,"[[512, 6400], []]",96
gpt2-xl,1,512,aten::view,"[[512], []]",388
gpt2-xl,1,512,cudadevicesynchronize,[],3
gpt2-xl,1,512,newgeluactivation_prof,"[[1, 512, 6400]]",672
gpt2-xl,2,512,aten::add,"[[1, 512, 1600], [1, 512, 1600], []]",194
gpt2-xl,2,512,aten::add,"[[1, 512, 6400], [1, 512, 6400], []]",96
gpt2-xl,2,512,aten::add,"[[1, 512, 6400], [], []]",96
gpt2-xl,2,512,aten::all,"[[1, 512]]",2
gpt2-xl,2,512,aten::arange,"[[], [], [], [0]]",2
gpt2-xl,2,512,aten::arange,"[[], [], [], [], [], []]",2
gpt2-xl,2,512,aten::dropout,"[[1, 512, 1600], [], []]",194
gpt2-xl,2,512,aten::embedding,"[[1024, 1600], [1, 512], [], [], []]",2
gpt2-xl,2,512,aten::embedding,"[[50257, 1600], [1, 512], [], [], []]",2
gpt2-xl,2,512,aten::eq,"[[1, 512], []]",2
gpt2-xl,2,512,aten::is_nonzero,[[]],2
gpt2-xl,2,512,aten::layer_norm,"[[1, 512, 1600], [], [1600], [1600], [], []]",194
gpt2-xl,2,512,aten::permute,"[[1, 512, 25, 64], []]",288
gpt2-xl,2,512,aten::split,"[[1, 512, 4800], [], []]",96
gpt2-xl,2,512,aten::transpose,"[[1, 25, 512, 64], [], []]",384
gpt2-xl,2,512,aten::transpose,"[[1, 512, 25, 64], [], []]",96
gpt2-xl,2,512,aten::transpose,"[[50257, 1600], [], []]",2
gpt2-xl,2,512,aten::unsqueeze,"[[512], []]",2
gpt2-xl,2,512,aten::view,"[[1, 512, 1600], []]",580
gpt2-xl,2,512,aten::view,"[[1, 512, 25, 64], []]",96
gpt2-xl,2,512,aten::view,"[[1, 512, 6400], []]",96
gpt2-xl,2,512,aten::view,"[[1, 512], []]",8
gpt2-xl,2,512,aten::view,"[[512, 1600], []]",196
gpt2-xl,2,512,aten::view,"[[512, 4800], []]",96
gpt2-xl,2,512,aten::view,"[[512, 6400], []]",96
gpt2-xl,2,512,aten::view,"[[512], []]",388
gpt2-xl,2,512,cudadevicesynchronize,[],3
gpt2-xl,2,512,newgeluactivation_prof,"[[1, 512, 6400]]",672
gpt2-xl,4,512,aten::add,"[[1, 512, 1600], [1, 512, 1600], []]",194
gpt2-xl,4,512,aten::add,"[[1, 512, 6400], [1, 512, 6400], []]",96
gpt2-xl,4,512,aten::add,"[[1, 512, 6400], [], []]",96
gpt2-xl,4,512,aten::all,"[[1, 512]]",2
gpt2-xl,4,512,aten::arange,"[[], [], [], [0]]",2
gpt2-xl,4,512,aten::arange,"[[], [], [], [], [], []]",2
gpt2-xl,4,512,aten::dropout,"[[1, 512, 1600], [], []]",194
gpt2-xl,4,512,aten::embedding,"[[1024, 1600], [1, 512], [], [], []]",2
gpt2-xl,4,512,aten::embedding,"[[50257, 1600], [1, 512], [], [], []]",2
gpt2-xl,4,512,aten::eq,"[[1, 512], []]",2
gpt2-xl,4,512,aten::is_nonzero,[[]],2
gpt2-xl,4,512,aten::layer_norm,"[[1, 512, 1600], [], [1600], [1600], [], []]",194
gpt2-xl,4,512,aten::permute,"[[1, 512, 25, 64], []]",288
gpt2-xl,4,512,aten::split,"[[1, 512, 4800], [], []]",96
gpt2-xl,4,512,aten::transpose,"[[1, 25, 512, 64], [], []]",384
gpt2-xl,4,512,aten::transpose,"[[1, 512, 25, 64], [], []]",96
gpt2-xl,4,512,aten::transpose,"[[50257, 1600], [], []]",2
gpt2-xl,4,512,aten::unsqueeze,"[[512], []]",2
gpt2-xl,4,512,aten::view,"[[1, 512, 1600], []]",580
gpt2-xl,4,512,aten::view,"[[1, 512, 25, 64], []]",96
gpt2-xl,4,512,aten::view,"[[1, 512, 6400], []]",96
gpt2-xl,4,512,aten::view,"[[1, 512], []]",8
gpt2-xl,4,512,aten::view,"[[512, 1600], []]",196
gpt2-xl,4,512,aten::view,"[[512, 4800], []]",96
gpt2-xl,4,512,aten::view,"[[512, 6400], []]",96
gpt2-xl,4,512,aten::view,"[[512], []]",388
gpt2-xl,4,512,cudadevicesynchronize,[],3
gpt2-xl,4,512,newgeluactivation_prof,"[[1, 512, 6400]]",672
gpt2-xl,8,512,aten::add,"[[1, 512, 1600], [1, 512, 1600], []]",194
gpt2-xl,8,512,aten::add,"[[1, 512, 6400], [1, 512, 6400], []]",96
gpt2-xl,8,512,aten::add,"[[1, 512, 6400], [], []]",96
gpt2-xl,8,512,aten::all,"[[1, 512]]",2
gpt2-xl,8,512,aten::arange,"[[], [], [], [0]]",2
gpt2-xl,8,512,aten::arange,"[[], [], [], [], [], []]",2
gpt2-xl,8,512,aten::dropout,"[[1, 512, 1600], [], []]",194
gpt2-xl,8,512,aten::embedding,"[[1024, 1600], [1, 512], [], [], []]",2
gpt2-xl,8,512,aten::embedding,"[[50257, 1600], [1, 512], [], [], []]",2
gpt2-xl,8,512,aten::eq,"[[1, 512], []]",2
gpt2-xl,8,512,aten::is_nonzero,[[]],2
gpt2-xl,8,512,aten::layer_norm,"[[1, 512, 1600], [], [1600], [1600], [], []]",194
gpt2-xl,8,512,aten::permute,"[[1, 512, 25, 64], []]",288
gpt2-xl,8,512,aten::split,"[[1, 512, 4800], [], []]",96
gpt2-xl,8,512,aten::transpose,"[[1, 25, 512, 64], [], []]",384
gpt2-xl,8,512,aten::transpose,"[[1, 512, 25, 64], [], []]",96
gpt2-xl,8,512,aten::transpose,"[[50257, 1600], [], []]",2
gpt2-xl,8,512,aten::unsqueeze,"[[512], []]",2
gpt2-xl,8,512,aten::view,"[[1, 512, 1600], []]",580
gpt2-xl,8,512,aten::view,"[[1, 512, 25, 64], []]",96
gpt2-xl,8,512,aten::view,"[[1, 512, 6400], []]",96
gpt2-xl,8,512,aten::view,"[[1, 512], []]",8
gpt2-xl,8,512,aten::view,"[[512, 1600], []]",196
gpt2-xl,8,512,aten::view,"[[512, 4800], []]",96
gpt2-xl,8,512,aten::view,"[[512, 6400], []]",96
gpt2-xl,8,512,aten::view,"[[512], []]",388
gpt2-xl,8,512,cudadevicesynchronize,[],3
gpt2-xl,8,512,newgeluactivation_prof,"[[1, 512, 6400]]",672
llama2,1,2048,aten::add,"[[1, 2049, 1], [], []]",130
llama2,1,2048,aten::add,"[[1, 2049, 4096], [1, 2049, 4096], []]",128
llama2,1,2048,aten::add,"[[1, 32, 2049, 128], [1, 32, 2049, 128], []]",128
llama2,1,2048,aten::all,"[[1, 2049]]",2
llama2,1,2048,aten::arange,"[[], [], [], [0]]",2
llama2,1,2048,aten::arange,"[[], [], [], [], [], []]",2
llama2,1,2048,aten::cat,"[[], []]",130
llama2,1,2048,aten::cos,"[[1, 2049, 128]]",2
llama2,1,2048,aten::embedding,"[[32000, 4096], [1, 2049], [], [], []]",2
llama2,1,2048,aten::eq,"[[1, 2049], []]",2
llama2,1,2048,aten::expand,"[[1, 1, 2049], [], []]",2
llama2,1,2048,aten::expand,"[[1, 64, 1], [], []]",4
llama2,1,2048,aten::is_nonzero,[[]],2
llama2,1,2048,aten::mul,"[[1, 2049, 11008], [1, 2049, 11008]]",64
llama2,1,2048,aten::mul,"[[1, 2049, 128], []]",4
llama2,1,2048,aten::mul,"[[1, 2049, 4096], [1, 2049, 1]]",130
llama2,1,2048,aten::mul,"[[1, 32, 2049, 128], [1, 1, 2049, 128]]",256
llama2,1,2048,aten::mul,"[[4096], [1, 2049, 4096]]",130
llama2,1,2048,aten::neg,"[[1, 32, 2049, 64]]",128
llama2,1,2048,aten::silu,"[[1, 2049, 11008]]",64
llama2,1,2048,aten::sin,"[[1, 2049, 128]]",2
llama2,1,2048,aten::slice,"[[1, 1, 2049], [], [], [], []]",2
llama2,1,2048,aten::slice,"[[1, 2049, 4096], [], [], [], []]",6
llama2,1,2048,aten::slice,"[[1, 2049], [], [], [], []]",2
llama2,1,2048,aten::slice,"[[1, 32, 2049, 128], [], [], [], []]",256
llama2,1,2048,aten::slice,"[[1, 64], [], [], [], []]",2
llama2,1,2048,aten::to,"[[1, 1, 2049], [], [], [], []]",4
llama2,1,2048,aten::to,"[[1, 2049, 11008], [], [], [], [], [], [], []]",64
llama2,1,2048,aten::to,"[[1, 2049, 128], [], [], [], [], [], [], []]",256
llama2,1,2048,aten::to,"[[1, 2049, 128], [], [], [], []]",4
llama2,1,2048,aten::to,"[[1, 2049, 32000], [], [], [], [], [], [], []]",2
llama2,1,2048,aten::to,"[[1, 2049, 32000], [], [], [], []]",2
llama2,1,2048,aten::to,"[[1, 2049, 4096], [], [], [], [], [], [], []]",710
llama2,1,2048,aten::to,"[[1, 2049, 4096], [], [], [], []]",390
llama2,1,2048,aten::to,"[[1, 2049], [], [], [], [], [], [], []]",136
llama2,1,2048,aten::to,"[[1, 64, 1], [], [], [], []]",4
llama2,1,2048,aten::to,"[[2049], [], [], [], [], [], [], []]",128
llama2,1,2048,aten::transpose,"[[1, 2049, 32, 128], [], []]",256
llama2,1,2048,aten::transpose,"[[1, 32, 2049, 128], [], []]",256
llama2,1,2048,aten::transpose,"[[1, 64, 2049], [], []]",2
llama2,1,2048,aten::transpose,"[[11008, 4096], [], []]",128
llama2,1,2048,aten::transpose,"[[32000, 4096], [], []]",2
llama2,1,2048,aten::transpose,"[[4096, 11008], [], []]",64
llama2,1,2048,aten::transpose,"[[4096, 4096], [], []]",256
llama2,1,2048,aten::unsqueeze,"[[1, 2049, 128], []]",128
llama2,1,2048,aten::unsqueeze,"[[1, 2049], []]",2
llama2,1,2048,aten::unsqueeze,"[[1, 64], []]",2
llama2,1,2048,aten::unsqueeze,"[[2049], []]",2
llama2,1,2048,aten::unsqueeze,"[[64], []]",2
llama2,1,2048,aten::view,"[[1, 1, 2049], []]",2
llama2,1,2048,aten::view,"[[1, 2049, 11008], []]",64
llama2,1,2048,aten::view,"[[1, 2049, 32, 128], []]",64
llama2,1,2048,aten::view,"[[1, 2049, 4096], []]",578
llama2,1,2048,aten::view,"[[1, 2049], []]",2
llama2,1,2048,aten::view,"[[1, 64, 1], []]",2
llama2,1,2048,aten::view,"[[2049, 4096], []]",2
llama2,1,2048,cudadevicesynchronize,[],3
llama2,1,2048,llamarmsnorm_prof,"[[1, 2049, 4096]]",910
llama2,2,2048,aten::add,"[[1, 2049, 1], [], []]",130
llama2,2,2048,aten::add,"[[1, 2049, 4096], [1, 2049, 4096], []]",128
llama2,2,2048,aten::add,"[[1, 32, 2049, 128], [1, 32, 2049, 128], []]",128
llama2,2,2048,aten::all,"[[1, 2049]]",2
llama2,2,2048,aten::arange,"[[], [], [], [0]]",2
llama2,2,2048,aten::arange,"[[], [], [], [], [], []]",2
llama2,2,2048,aten::cat,"[[], []]",130
llama2,2,2048,aten::cos,"[[1, 2049, 128]]",2
llama2,2,2048,aten::embedding,"[[32000, 4096], [1, 2049], [], [], []]",2
llama2,2,2048,aten::eq,"[[1, 2049], []]",2
llama2,2,2048,aten::expand,"[[1, 1, 2049], [], []]",2
llama2,2,2048,aten::expand,"[[1, 64, 1], [], []]",4
llama2,2,2048,aten::is_nonzero,[[]],2
llama2,2,2048,aten::mul,"[[1, 2049, 11008], [1, 2049, 11008]]",64
llama2,2,2048,aten::mul,"[[1, 2049, 128], []]",4
llama2,2,2048,aten::mul,"[[1, 2049, 4096], [1, 2049, 1]]",130
llama2,2,2048,aten::mul,"[[1, 32, 2049, 128], [1, 1, 2049, 128]]",256
llama2,2,2048,aten::mul,"[[4096], [1, 2049, 4096]]",130
llama2,2,2048,aten::neg,"[[1, 32, 2049, 64]]",128
llama2,2,2048,aten::silu,"[[1, 2049, 11008]]",64
llama2,2,2048,aten::sin,"[[1, 2049, 128]]",2
llama2,2,2048,aten::slice,"[[1, 1, 2049], [], [], [], []]",2
llama2,2,2048,aten::slice,"[[1, 2049, 4096], [], [], [], []]",6
llama2,2,2048,aten::slice,"[[1, 2049], [], [], [], []]",2
llama2,2,2048,aten::slice,"[[1, 32, 2049, 128], [], [], [], []]",256
llama2,2,2048,aten::slice,"[[1, 64], [], [], [], []]",2
llama2,2,2048,aten::to,"[[1, 1, 2049], [], [], [], []]",4
llama2,2,2048,aten::to,"[[1, 2049, 11008], [], [], [], [], [], [], []]",64
llama2,2,2048,aten::to,"[[1, 2049, 128], [], [], [], [], [], [], []]",256
llama2,2,2048,aten::to,"[[1, 2049, 128], [], [], [], []]",4
llama2,2,2048,aten::to,"[[1, 2049, 32000], [], [], [], [], [], [], []]",2
llama2,2,2048,aten::to,"[[1, 2049, 32000], [], [], [], []]",2
llama2,2,2048,aten::to,"[[1, 2049, 4096], [], [], [], [], [], [], []]",710
llama2,2,2048,aten::to,"[[1, 2049, 4096], [], [], [], []]",390
llama2,2,2048,aten::to,"[[1, 2049], [], [], [], [], [], [], []]",136
llama2,2,2048,aten::to,"[[1, 64, 1], [], [], [], []]",4
llama2,2,2048,aten::to,"[[2049], [], [], [], [], [], [], []]",128
llama2,2,2048,aten::transpose,"[[1, 2049, 32, 128], [], []]",256
llama2,2,2048,aten::transpose,"[[1, 32, 2049, 128], [], []]",256
llama2,2,2048,aten::transpose,"[[1, 64, 2049], [], []]",2
llama2,2,2048,aten::transpose,"[[11008, 4096], [], []]",128
llama2,2,2048,aten::transpose,"[[32000, 4096], [], []]",2
llama2,2,2048,aten::transpose,"[[4096, 11008], [], []]",64
llama2,2,2048,aten::transpose,"[[4096, 4096], [], []]",256
llama2,2,2048,aten::unsqueeze,"[[1, 2049, 128], []]",128
llama2,2,2048,aten::unsqueeze,"[[1, 2049], []]",2
llama2,2,2048,aten::unsqueeze,"[[1, 64], []]",2
llama2,2,2048,aten::unsqueeze,"[[2049], []]",2
llama2,2,2048,aten::unsqueeze,"[[64], []]",2
llama2,2,2048,aten::view,"[[1, 1, 2049], []]",2
llama2,2,2048,aten::view,"[[1, 2049, 11008], []]",64
llama2,2,2048,aten::view,"[[1, 2049, 32, 128], []]",64
llama2,2,2048,aten::view,"[[1, 2049, 4096], []]",578
llama2,2,2048,aten::view,"[[1, 2049], []]",2
llama2,2,2048,aten::view,"[[1, 64, 1], []]",2
llama2,2,2048,aten::view,"[[2049, 4096], []]",2
llama2,2,2048,cudadevicesynchronize,[],3
llama2,2,2048,llamarmsnorm_prof,[],260
llama2,4,2048,aten::add,"[[1, 2049, 1], [], []]",130
llama2,4,2048,aten::add,"[[1, 2049, 4096], [1, 2049, 4096], []]",128
llama2,4,2048,aten::add,"[[1, 32, 2049, 128], [1, 32, 2049, 128], []]",128
llama2,4,2048,aten::all,"[[1, 2049]]",2
llama2,4,2048,aten::arange,"[[], [], [], [0]]",2
llama2,4,2048,aten::arange,"[[], [], [], [], [], []]",2
llama2,4,2048,aten::cat,"[[], []]",130
llama2,4,2048,aten::cos,"[[1, 2049, 128]]",2
llama2,4,2048,aten::embedding,"[[32000, 4096], [1, 2049], [], [], []]",2
llama2,4,2048,aten::eq,"[[1, 2049], []]",2
llama2,4,2048,aten::expand,"[[1, 1, 2049], [], []]",2
llama2,4,2048,aten::expand,"[[1, 64, 1], [], []]",4
llama2,4,2048,aten::is_nonzero,[[]],2
llama2,4,2048,aten::mul,"[[1, 2049, 11008], [1, 2049, 11008]]",64
llama2,4,2048,aten::mul,"[[1, 2049, 128], []]",4
llama2,4,2048,aten::mul,"[[1, 2049, 4096], [1, 2049, 1]]",130
llama2,4,2048,aten::mul,"[[1, 32, 2049, 128], [1, 1, 2049, 128]]",256
llama2,4,2048,aten::mul,"[[4096], [1, 2049, 4096]]",130
llama2,4,2048,aten::neg,"[[1, 32, 2049, 64]]",128
llama2,4,2048,aten::silu,"[[1, 2049, 11008]]",64
llama2,4,2048,aten::sin,"[[1, 2049, 128]]",2
llama2,4,2048,aten::slice,"[[1, 1, 2049], [], [], [], []]",2
llama2,4,2048,aten::slice,"[[1, 2049, 4096], [], [], [], []]",6
llama2,4,2048,aten::slice,"[[1, 2049], [], [], [], []]",2
llama2,4,2048,aten::slice,"[[1, 32, 2049, 128], [], [], [], []]",256
llama2,4,2048,aten::slice,"[[1, 64], [], [], [], []]",2
llama2,4,2048,aten::to,"[[1, 1, 2049], [], [], [], []]",4
llama2,4,2048,aten::to,"[[1, 2049, 11008], [], [], [], [], [], [], []]",64
llama2,4,2048,aten::to,"[[1, 2049, 128], [], [], [], [], [], [], []]",256
llama2,4,2048,aten::to,"[[1, 2049, 128], [], [], [], []]",4
llama2,4,2048,aten::to,"[[1, 2049, 32000], [], [], [], [], [], [], []]",2
llama2,4,2048,aten::to,"[[1, 2049, 32000], [], [], [], []]",2
llama2,4,2048,aten::to,"[[1, 2049, 4096], [], [], [], [], [], [], []]",710
llama2,4,2048,aten::to,"[[1, 2049, 4096], [], [], [], []]",390
llama2,4,2048,aten::to,"[[1, 2049], [], [], [], [], [], [], []]",136
llama2,4,2048,aten::to,"[[1, 64, 1], [], [], [], []]",4
llama2,4,2048,aten::to,"[[2049], [], [], [], [], [], [], []]",128
llama2,4,2048,aten::transpose,"[[1, 2049, 32, 128], [], []]",256
llama2,4,2048,aten::transpose,"[[1, 32, 2049, 128], [], []]",256
llama2,4,2048,aten::transpose,"[[1, 64, 2049], [], []]",2
llama2,4,2048,aten::transpose,"[[11008, 4096], [], []]",128
llama2,4,2048,aten::transpose,"[[32000, 4096], [], []]",2
llama2,4,2048,aten::transpose,"[[4096, 11008], [], []]",64
llama2,4,2048,aten::transpose,"[[4096, 4096], [], []]",256
llama2,4,2048,aten::unsqueeze,"[[1, 2049, 128], []]",128
llama2,4,2048,aten::unsqueeze,"[[1, 2049], []]",2
llama2,4,2048,aten::unsqueeze,"[[1, 64], []]",2
llama2,4,2048,aten::unsqueeze,"[[2049], []]",2
llama2,4,2048,aten::unsqueeze,"[[64], []]",2
llama2,4,2048,aten::view,"[[1, 1, 2049], []]",2
llama2,4,2048,aten::view,"[[1, 2049, 11008], []]",64
llama2,4,2048,aten::view,"[[1, 2049, 32, 128], []]",64
llama2,4,2048,aten::view,"[[1, 2049, 4096], []]",578
llama2,4,2048,aten::view,"[[1, 2049], []]",2
llama2,4,2048,aten::view,"[[1, 64, 1], []]",2
llama2,4,2048,aten::view,"[[2049, 4096], []]",2
llama2,4,2048,cudadevicesynchronize,[],3
llama2,4,2048,llamarmsnorm_prof,"[[1, 2049, 4096]]",910
llama2,8,2048,aten::add,"[[1, 2049, 1], [], []]",130
llama2,8,2048,aten::add,"[[1, 2049, 4096], [1, 2049, 4096], []]",128
llama2,8,2048,aten::add,"[[1, 32, 2049, 128], [1, 32, 2049, 128], []]",128
llama2,8,2048,aten::all,"[[1, 2049]]",2
llama2,8,2048,aten::arange,"[[], [], [], [0]]",2
llama2,8,2048,aten::arange,"[[], [], [], [], [], []]",2
llama2,8,2048,aten::cat,"[[], []]",130
llama2,8,2048,aten::cos,"[[1, 2049, 128]]",2
llama2,8,2048,aten::embedding,"[[32000, 4096], [1, 2049], [], [], []]",2
llama2,8,2048,aten::eq,"[[1, 2049], []]",2
llama2,8,2048,aten::expand,"[[1, 1, 2049], [], []]",2
llama2,8,2048,aten::expand,"[[1, 64, 1], [], []]",4
llama2,8,2048,aten::is_nonzero,[[]],2
llama2,8,2048,aten::mul,"[[1, 2049, 11008], [1, 2049, 11008]]",64
llama2,8,2048,aten::mul,"[[1, 2049, 128], []]",4
llama2,8,2048,aten::mul,"[[1, 2049, 4096], [1, 2049, 1]]",130
llama2,8,2048,aten::mul,"[[1, 32, 2049, 128], [1, 1, 2049, 128]]",256
llama2,8,2048,aten::mul,"[[4096], [1, 2049, 4096]]",130
llama2,8,2048,aten::neg,"[[1, 32, 2049, 64]]",128
llama2,8,2048,aten::silu,"[[1, 2049, 11008]]",64
llama2,8,2048,aten::sin,"[[1, 2049, 128]]",2
llama2,8,2048,aten::slice,"[[1, 1, 2049], [], [], [], []]",2
llama2,8,2048,aten::slice,"[[1, 2049, 4096], [], [], [], []]",6
llama2,8,2048,aten::slice,"[[1, 2049], [], [], [], []]",2
llama2,8,2048,aten::slice,"[[1, 32, 2049, 128], [], [], [], []]",256
llama2,8,2048,aten::slice,"[[1, 64], [], [], [], []]",2
llama2,8,2048,aten::to,"[[1, 1, 2049], [], [], [], []]",4
llama2,8,2048,aten::to,"[[1, 2049, 11008], [], [], [], [], [], [], []]",64
llama2,8,2048,aten::to,"[[1, 2049, 128], [], [], [], [], [], [], []]",256
llama2,8,2048,aten::to,"[[1, 2049, 128], [], [], [], []]",4
llama2,8,2048,aten::to,"[[1, 2049, 32000], [], [], [], [], [], [], []]",2
llama2,8,2048,aten::to,"[[1, 2049, 32000], [], [], [], []]",2
llama2,8,2048,aten::to,"[[1, 2049, 4096], [], [], [], [], [], [], []]",710
llama2,8,2048,aten::to,"[[1, 2049, 4096], [], [], [], []]",390
llama2,8,2048,aten::to,"[[1, 2049], [], [], [], [], [], [], []]",136
llama2,8,2048,aten::to,"[[1, 64, 1], [], [], [], []]",4
llama2,8,2048,aten::to,"[[2049], [], [], [], [], [], [], []]",128
llama2,8,2048,aten::transpose,"[[1, 2049, 32, 128], [], []]",256
llama2,8,2048,aten::transpose,"[[1, 32, 2049, 128], [], []]",256
llama2,8,2048,aten::transpose,"[[1, 64, 2049], [], []]",2
llama2,8,2048,aten::transpose,"[[11008, 4096], [], []]",128
llama2,8,2048,aten::transpose,"[[32000, 4096], [], []]",2
llama2,8,2048,aten::transpose,"[[4096, 11008], [], []]",64
llama2,8,2048,aten::transpose,"[[4096, 4096], [], []]",256
llama2,8,2048,aten::unsqueeze,"[[1, 2049, 128], []]",128
llama2,8,2048,aten::unsqueeze,"[[1, 2049], []]",2
llama2,8,2048,aten::unsqueeze,"[[1, 64], []]",2
llama2,8,2048,aten::unsqueeze,"[[2049], []]",2
llama2,8,2048,aten::unsqueeze,"[[64], []]",2
llama2,8,2048,aten::view,"[[1, 1, 2049], []]",2
llama2,8,2048,aten::view,"[[1, 2049, 11008], []]",64
llama2,8,2048,aten::view,"[[1, 2049, 32, 128], []]",64
llama2,8,2048,aten::view,"[[1, 2049, 4096], []]",578
llama2,8,2048,aten::view,"[[1, 2049], []]",2
llama2,8,2048,aten::view,"[[1, 64, 1], []]",2
llama2,8,2048,aten::view,"[[2049, 4096], []]",2
llama2,8,2048,cudadevicesynchronize,[],3
llama2,8,2048,llamarmsnorm_prof,[],260
maskformer-base,1,,aten::adaptive_avg_pool1d,"[[1, 1024, 850], []]",2
maskformer-base,1,,aten::add,"[[1, 1, 34], [], []]",2
maskformer-base,1,,aten::add,"[[1, 100, 256], [1, 100, 256], []]",60
maskformer-base,1,,aten::add,"[[1, 108, 8, 144, 144], [1, 108, 1, 144, 144], []]",2
maskformer-base,1,,aten::add,"[[1, 13600, 256], [1, 13600, 256], []]",8
maskformer-base,1,,aten::add,"[[1, 25, 1], [], []]",2
maskformer-base,1,,aten::add,"[[1, 30, 16, 144, 144], [1, 30, 1, 144, 144], []]",18
maskformer-base,1,,aten::add,"[[1, 3400, 512], [1, 3400, 512], []]",72
maskformer-base,1,,aten::add,"[[1, 391, 4, 144, 144], [1, 391, 1, 144, 144], []]",2
maskformer-base,1,,aten::add,"[[1, 54400, 128], [1, 54400, 128], []]",8
maskformer-base,1,,aten::add,"[[1, 850, 1024], [1, 850, 1024], []]",8
maskformer-base,1,,aten::add,"[[1, 850, 256], [1, 850, 256], []]",12
maskformer-base,1,,aten::add,"[[1, 9, 32, 144, 144], [1, 9, 1, 144, 144], []]",2
maskformer-base,1,,aten::add,"[[108, 8, 144, 144], [1, 8, 144, 144], []]",4
maskformer-base,1,,aten::add,"[[30, 16, 144, 144], [1, 16, 144, 144], []]",36
maskformer-base,1,,aten::add,"[[391, 4, 144, 144], [1, 4, 144, 144], []]",4
maskformer-base,1,,aten::add,"[[9, 32, 144, 144], [1, 32, 144, 144], []]",4
maskformer-base,1,,aten::add_,"[[1, 128, 200, 272], [1, 128, 1, 1], []]",2
maskformer-base,1,,aten::add_,"[[1, 256, 100, 136], [1, 256, 100, 136], []]",2
maskformer-base,1,,aten::add_,"[[1, 256, 200, 272], [1, 256, 1, 1], []]",2
maskformer-base,1,,aten::add_,"[[1, 256, 200, 272], [1, 256, 200, 272], []]",2
maskformer-base,1,,aten::add_,"[[1, 256, 25, 34], [1, 256, 1, 1], []]",2
maskformer-base,1,,aten::add_,"[[1, 256, 50, 68], [1, 256, 50, 68], []]",2
maskformer-base,1,,aten::add_,"[[1, 850, 256], [256], []]",24
maskformer-base,1,,aten::arange,"[[], [], [], [0]]",2
maskformer-base,1,,aten::arange,"[[], [], [], [], []]",2
maskformer-base,1,,aten::bitwise_not,"[[1, 25, 34]]",2
maskformer-base,1,,aten::cat,"[[], []]",12
maskformer-base,1,,aten::contiguous,"[[1, 100, 136, 256], []]",4
maskformer-base,1,,aten::contiguous,"[[1, 1024, 25, 34], []]",2
maskformer-base,1,,aten::contiguous,"[[1, 128, 200, 272], []]",2
maskformer-base,1,,aten::contiguous,"[[1, 17, 12, 23, 12, 128], []]",4
maskformer-base,1,,aten::contiguous,"[[1, 17, 23, 12, 12, 128], []]",4
maskformer-base,1,,aten::contiguous,"[[1, 17, 23, 12, 12, 1], []]",2
maskformer-base,1,,aten::contiguous,"[[1, 200, 272, 128], []]",4
maskformer-base,1,,aten::contiguous,"[[1, 25, 34, 1024], []]",4
maskformer-base,1,,aten::contiguous,"[[1, 256, 100, 136], []]",2
maskformer-base,1,,aten::contiguous,"[[1, 3, 12, 3, 12, 1024], []]",4
maskformer-base,1,,aten::contiguous,"[[1, 3, 3, 12, 12, 1024], []]",4
maskformer-base,1,,aten::contiguous,"[[1, 3, 3, 12, 12, 1], []]",2
maskformer-base,1,,aten::contiguous,"[[1, 5, 12, 6, 12, 512], []]",36
maskformer-base,1,,aten::contiguous,"[[1, 5, 6, 12, 12, 1], []]",18
maskformer-base,1,,aten::contiguous,"[[1, 5, 6, 12, 12, 512], []]",36
maskformer-base,1,,aten::contiguous,"[[1, 50, 68, 512], []]",36
maskformer-base,1,,aten::contiguous,"[[1, 512, 50, 68], []]",2
maskformer-base,1,,aten::contiguous,"[[1, 54400, 128], []]",2
maskformer-base,1,,aten::contiguous,"[[1, 8, 100, 32], []]",48
maskformer-base,1,,aten::contiguous,"[[1, 8, 850, 32], []]",24
maskformer-base,1,,aten::contiguous,"[[1, 9, 12, 12, 12, 1], []]",2
maskformer-base,1,,aten::contiguous,"[[1, 9, 12, 12, 12, 256], []]",8
maskformer-base,1,,aten::contiguous,"[[108, 144, 8, 32], []]",4
maskformer-base,1,,aten::contiguous,"[[16, 144, 144], []]",36
maskformer-base,1,,aten::contiguous,"[[30, 144, 16, 32], []]",36
maskformer-base,1,,aten::contiguous,"[[32, 144, 144], []]",4
maskformer-base,1,,aten::contiguous,"[[391, 144, 4, 32], []]",4
maskformer-base,1,,aten::contiguous,"[[4, 144, 144], []]",4
maskformer-base,1,,aten::contiguous,"[[8, 144, 144], []]",4
maskformer-base,1,,aten::contiguous,"[[9, 144, 32, 32], []]",4
maskformer-base,1,,aten::cos,"[[1, 25, 34, 64]]",4
maskformer-base,1,,aten::cumsum,"[[1, 25, 34], [], []]",4
maskformer-base,1,,aten::div,"[[1, 25, 34, 1], [128]]",4
maskformer-base,1,,aten::div,"[[1, 25, 34], [1, 1, 34]]",2
maskformer-base,1,,aten::div,"[[1, 25, 34], [1, 25, 1]]",2
maskformer-base,1,,aten::div,"[[108, 8, 144, 144], []]",4
maskformer-base,1,,aten::div,"[[128], [], []]",2
maskformer-base,1,,aten::div,"[[128], []]",2
maskformer-base,1,,aten::div,"[[30, 16, 144, 144], []]",36
maskformer-base,1,,aten::div,"[[391, 4, 144, 144], []]",4
maskformer-base,1,,aten::div,"[[9, 32, 144, 144], []]",4
maskformer-base,1,,aten::dropout,"[[1, 100, 2048], [], []]",12
maskformer-base,1,,aten::dropout,"[[1, 100, 256], [], []]",36
maskformer-base,1,,aten::dropout,"[[1, 13600, 256], [], []]",4
maskformer-base,1,,aten::dropout,"[[1, 3400, 512], [], []]",36
maskformer-base,1,,aten::dropout,"[[1, 54400, 128], [], []]",6
maskformer-base,1,,aten::dropout,"[[1, 850, 1024], [], []]",4
maskformer-base,1,,aten::dropout,"[[108, 144, 256], [], []]",4
maskformer-base,1,,aten::dropout,"[[108, 8, 144, 144], [], []]",4
maskformer-base,1,,aten::dropout,"[[30, 144, 512], [], []]",36
maskformer-base,1,,aten::dropout,"[[30, 16, 144, 144], [], []]",36
maskformer-base,1,,aten::dropout,"[[391, 144, 128], [], []]",4
maskformer-base,1,,aten::dropout,"[[391, 4, 144, 144], [], []]",4
maskformer-base,1,,aten::dropout,"[[8, 100, 100], [], []]",12
maskformer-base,1,,aten::dropout,"[[8, 100, 850], [], []]",12
maskformer-base,1,,aten::dropout,"[[9, 144, 1024], [], []]",4
maskformer-base,1,,aten::dropout,"[[9, 32, 144, 144], [], []]",4
maskformer-base,1,,aten::eq,"[[108, 144, 144], []]",2
maskformer-base,1,,aten::eq,"[[30, 144, 144], []]",18
maskformer-base,1,,aten::eq,"[[391, 144, 144], []]",2
maskformer-base,1,,aten::eq,"[[9, 144, 144], []]",2
maskformer-base,1,,aten::fill_,"[[1, 100, 256], []]",2
maskformer-base,1,,aten::fill_,"[[1, 108, 144, 256], []]",4
maskformer-base,1,,aten::fill_,"[[1, 192, 264, 1], []]",2
maskformer-base,1,,aten::fill_,"[[1, 192, 6, 1], []]",4
maskformer-base,1,,aten::fill_,"[[1, 204, 276, 128], []]",4
maskformer-base,1,,aten::fill_,"[[1, 204, 276, 1], []]",2
maskformer-base,1,,aten::fill_,"[[1, 24, 24, 1], []]",2
maskformer-base,1,,aten::fill_,"[[1, 24, 6, 1], []]",4
maskformer-base,1,,aten::fill_,"[[1, 25, 34], []]",2
maskformer-base,1,,aten::fill_,"[[1, 36, 36, 1024], []]",4
maskformer-base,1,,aten::fill_,"[[1, 48, 6, 1], []]",36
maskformer-base,1,,aten::fill_,"[[1, 48, 60, 1], []]",18
maskformer-base,1,,aten::fill_,"[[1, 6, 132, 1], []]",4
maskformer-base,1,,aten::fill_,"[[1, 6, 24, 1], []]",4
maskformer-base,1,,aten::fill_,"[[1, 6, 264, 1], []]",4
maskformer-base,1,,aten::fill_,"[[1, 6, 6, 1], []]",96
maskformer-base,1,,aten::fill_,"[[1, 6, 60, 1], []]",36
maskformer-base,1,,aten::fill_,"[[1, 60, 72, 512], []]",36
maskformer-base,1,,aten::fill_,"[[1, 800, 1088], []]",2
maskformer-base,1,,aten::fill_,"[[1, 96, 132, 1], []]",2
maskformer-base,1,,aten::fill_,"[[1, 96, 6, 1], []]",4
maskformer-base,1,,aten::fill_,"[[], []]",2
maskformer-base,1,,aten::flatten,"[[1, 1024, 1], [], []]",2
maskformer-base,1,,aten::flatten,"[[1, 128, 200, 272], [], []]",2
maskformer-base,1,,aten::flatten,"[[1, 25, 34, 64, 2], [], []]",4
maskformer-base,1,,aten::gelu,"[[1, 13600, 1024], []]",4
maskformer-base,1,,aten::gelu,"[[1, 3400, 2048], []]",36
maskformer-base,1,,aten::gelu,"[[1, 54400, 512], []]",4
maskformer-base,1,,aten::gelu,"[[1, 850, 4096], []]",4
maskformer-base,1,,aten::group_norm,"[[1, 256, 100, 136], [], [256], [256], [], []]",4
maskformer-base,1,,aten::group_norm,"[[1, 256, 200, 272], [], [256], [256], [], []]",4
maskformer-base,1,,aten::group_norm,"[[1, 256, 25, 34], [], [256], [256], [], []]",2
maskformer-base,1,,aten::group_norm,"[[1, 256, 50, 68], [], [256], [256], [], []]",4
maskformer-base,1,,aten::index,"[[529, 16], []]",36
maskformer-base,1,,aten::index,"[[529, 32], []]",4
maskformer-base,1,,aten::index,"[[529, 4], []]",4
maskformer-base,1,,aten::index,"[[529, 8], []]",4
maskformer-base,1,,aten::layer_norm,"[[1, 100, 256], [], [256], [256], [], []]",38
maskformer-base,1,,aten::layer_norm,"[[1, 13600, 256], [], [256], [256], [], []]",10
maskformer-base,1,,aten::layer_norm,"[[1, 13600, 512], [], [512], [512], [], []]",2
maskformer-base,1,,aten::layer_norm,"[[1, 3400, 1024], [], [1024], [1024], [], []]",2
maskformer-base,1,,aten::layer_norm,"[[1, 3400, 512], [], [512], [512], [], []]",74
maskformer-base,1,,aten::layer_norm,"[[1, 54400, 128], [], [128], [128], [], []]",12
maskformer-base,1,,aten::layer_norm,"[[1, 850, 1024], [], [1024], [1024], [], []]",12
maskformer-base,1,,aten::layer_norm,"[[1, 850, 2048], [], [2048], [2048], [], []]",2
maskformer-base,1,,aten::lift_fresh,[[]],216
maskformer-base,1,,aten::masked_fill,"[[108, 144, 144], [108, 144, 144], []]",4
maskformer-base,1,,aten::masked_fill,"[[30, 144, 144], [30, 144, 144], []]",36
maskformer-base,1,,aten::masked_fill,"[[391, 144, 144], [391, 144, 144], []]",4
maskformer-base,1,,aten::masked_fill,"[[9, 144, 144], [9, 144, 144], []]",4
maskformer-base,1,,aten::mul,"[[1, 100, 256], []]",24
maskformer-base,1,,aten::mul,"[[1, 25, 34], []]",4
maskformer-base,1,,aten::mul,"[[128], []]",2
maskformer-base,1,,aten::ne,"[[108, 144, 144], []]",2
maskformer-base,1,,aten::ne,"[[30, 144, 144], []]",18
maskformer-base,1,,aten::ne,"[[391, 144, 144], []]",2
maskformer-base,1,,aten::ne,"[[9, 144, 144], []]",2
maskformer-base,1,,aten::ones,"[[], [], [], [], []]",2
maskformer-base,1,,aten::pad,"[[1, 100, 136, 256], [], [], []]",4
maskformer-base,1,,aten::pad,"[[1, 200, 272, 128], [], [], []]",4
maskformer-base,1,,aten::pad,"[[1, 25, 34, 1024], [], [], []]",4
maskformer-base,1,,aten::pad,"[[1, 50, 68, 512], [], [], []]",36
maskformer-base,1,,aten::permute,"[[1, 1, 200, 272, 256], []]",2
maskformer-base,1,,aten::permute,"[[1, 100, 1, 1, 256], []]",2
maskformer-base,1,,aten::permute,"[[1, 100, 256, 1, 1], []]",2
maskformer-base,1,,aten::permute,"[[1, 13600, 256], []]",2
maskformer-base,1,,aten::permute,"[[1, 17, 12, 23, 12, 128], []]",4
maskformer-base,1,,aten::permute,"[[1, 17, 12, 23, 12, 1], []]",2
maskformer-base,1,,aten::permute,"[[1, 17, 23, 12, 12, 128], []]",4
maskformer-base,1,,aten::permute,"[[1, 25, 34, 256], []]",2
maskformer-base,1,,aten::permute,"[[1, 256, 200, 272, 1], []]",2
maskformer-base,1,,aten::permute,"[[1, 256, 850], []]",4
maskformer-base,1,,aten::permute,"[[1, 3, 12, 3, 12, 1024], []]",4
maskformer-base,1,,aten::permute,"[[1, 3, 12, 3, 12, 1], []]",2
maskformer-base,1,,aten::permute,"[[1, 3, 3, 12, 12, 1024], []]",4
maskformer-base,1,,aten::permute,"[[1, 3400, 512], []]",2
maskformer-base,1,,aten::permute,"[[1, 5, 12, 6, 12, 1], []]",18
maskformer-base,1,,aten::permute,"[[1, 5, 12, 6, 12, 512], []]",36
maskformer-base,1,,aten::permute,"[[1, 5, 6, 12, 12, 512], []]",36
maskformer-base,1,,aten::permute,"[[1, 54400, 128], []]",2
maskformer-base,1,,aten::permute,"[[1, 850, 1024], []]",2
maskformer-base,1,,aten::permute,"[[1, 9, 12, 12, 12, 1], []]",2
maskformer-base,1,,aten::permute,"[[1, 9, 12, 12, 12, 256], []]",8
maskformer-base,1,,aten::permute,"[[100, 1, 1, 200, 272], []]",2
maskformer-base,1,,aten::permute,"[[108, 144, 8, 32], []]",12
maskformer-base,1,,aten::permute,"[[108, 8, 144, 32], []]",4
maskformer-base,1,,aten::permute,"[[144, 144, 16], []]",36
maskformer-base,1,,aten::permute,"[[144, 144, 32], []]",4
maskformer-base,1,,aten::permute,"[[144, 144, 4], []]",4
maskformer-base,1,,aten::permute,"[[144, 144, 8], []]",4
maskformer-base,1,,aten::permute,"[[30, 144, 16, 32], []]",108
maskformer-base,1,,aten::permute,"[[30, 16, 144, 32], []]",36
maskformer-base,1,,aten::permute,"[[391, 144, 4, 32], []]",12
maskformer-base,1,,aten::permute,"[[391, 4, 144, 32], []]",4
maskformer-base,1,,aten::permute,"[[9, 144, 32, 32], []]",12
maskformer-base,1,,aten::permute,"[[9, 32, 144, 32], []]",4
maskformer-base,1,,aten::pow,"[[], [128], [128]]",2
maskformer-base,1,,aten::pow,"[[], [128]]",2
maskformer-base,1,,aten::relu,"[[1, 100, 2048]]",12
maskformer-base,1,,aten::relu,"[[1, 100, 256]]",4
maskformer-base,1,,aten::relu_,"[[1, 256, 100, 136]]",2
maskformer-base,1,,aten::relu_,"[[1, 256, 200, 272]]",2
maskformer-base,1,,aten::relu_,"[[1, 256, 25, 34]]",2
maskformer-base,1,,aten::relu_,"[[1, 256, 50, 68]]",2
maskformer-base,1,,aten::repeat,"[[1, 100, 256], []]",2
maskformer-base,1,,aten::reshape,"[[1, 100, 2048], []]",12
maskformer-base,1,,aten::reshape,"[[1, 100, 256], []]",92
maskformer-base,1,,aten::reshape,"[[1, 100, 8, 32], []]",24
maskformer-base,1,,aten::reshape,"[[1, 13600, 1024], []]",4
maskformer-base,1,,aten::reshape,"[[1, 13600, 256], []]",4
maskformer-base,1,,aten::reshape,"[[1, 13600, 512], []]",2
maskformer-base,1,,aten::reshape,"[[1, 3400, 1024], []]",2
maskformer-base,1,,aten::reshape,"[[1, 3400, 2048], []]",36
maskformer-base,1,,aten::reshape,"[[1, 3400, 512], []]",36
maskformer-base,1,,aten::reshape,"[[1, 54400, 128], []]",4
maskformer-base,1,,aten::reshape,"[[1, 54400, 512], []]",4
maskformer-base,1,,aten::reshape,"[[1, 850, 1024], []]",4
maskformer-base,1,,aten::reshape,"[[1, 850, 2048], []]",2
maskformer-base,1,,aten::reshape,"[[1, 850, 256], []]",24
maskformer-base,1,,aten::reshape,"[[1, 850, 4096], []]",4
maskformer-base,1,,aten::reshape,"[[100, 256, 1, 1, 1], []]",2
maskformer-base,1,,aten::reshape,"[[108, 144, 256], []]",16
maskformer-base,1,,aten::reshape,"[[108, 8, 144, 144], []]",4
maskformer-base,1,,aten::reshape,"[[108, 8, 144, 32], []]",8
maskformer-base,1,,aten::reshape,"[[108, 8, 32, 144], []]",4
maskformer-base,1,,aten::reshape,"[[128], []]",2
maskformer-base,1,,aten::reshape,"[[20736], []]",48
maskformer-base,1,,aten::reshape,"[[256, 1, 200, 272, 1], []]",2
maskformer-base,1,,aten::reshape,"[[256], []]",4
maskformer-base,1,,aten::reshape,"[[30, 144, 512], []]",144
maskformer-base,1,,aten::reshape,"[[30, 16, 144, 144], []]",36
maskformer-base,1,,aten::reshape,"[[30, 16, 144, 32], []]",72
maskformer-base,1,,aten::reshape,"[[30, 16, 32, 144], []]",36
maskformer-base,1,,aten::reshape,"[[391, 144, 128], []]",16
maskformer-base,1,,aten::reshape,"[[391, 4, 144, 144], []]",4
maskformer-base,1,,aten::reshape,"[[391, 4, 144, 32], []]",8
maskformer-base,1,,aten::reshape,"[[391, 4, 32, 144], []]",4
maskformer-base,1,,aten::reshape,"[[9, 144, 1024], []]",16
maskformer-base,1,,aten::reshape,"[[9, 32, 144, 144], []]",4
maskformer-base,1,,aten::reshape,"[[9, 32, 144, 32], []]",8
maskformer-base,1,,aten::reshape,"[[9, 32, 32, 144], []]",4
maskformer-base,1,,aten::roll,"[[1, 108, 144, 256], [], []]",12
maskformer-base,1,,aten::roll,"[[1, 204, 276, 128], [], []]",12
maskformer-base,1,,aten::roll,"[[1, 36, 36, 1024], [], []]",12
maskformer-base,1,,aten::roll,"[[1, 60, 72, 512], [], []]",108
maskformer-base,1,,aten::sin,"[[1, 25, 34, 64]]",4
maskformer-base,1,,aten::slice,"[[1, 1, 34], [], [], [], []]",2
maskformer-base,1,,aten::slice,"[[1, 100, 136, 128], [], [], [], []]",8
maskformer-base,1,,aten::slice,"[[1, 100, 136, 256], [], [], [], []]",20
maskformer-base,1,,aten::slice,"[[1, 100, 144, 256], [], [], [], []]",8
maskformer-base,1,,aten::slice,"[[1, 100, 272, 128], [], [], [], []]",8
maskformer-base,1,,aten::slice,"[[1, 108, 144, 1], [], [], [], []]",36
maskformer-base,1,,aten::slice,"[[1, 108, 144, 256], [], [], [], []]",12
maskformer-base,1,,aten::slice,"[[1, 192, 264, 1], [], [], [], []]",2
maskformer-base,1,,aten::slice,"[[1, 192, 276, 1], [], [], [], []]",6
maskformer-base,1,,aten::slice,"[[1, 192, 6, 1], [], [], [], []]",4
maskformer-base,1,,aten::slice,"[[1, 200, 272, 128], [], [], [], []]",20
maskformer-base,1,,aten::slice,"[[1, 200, 276, 128], [], [], [], []]",8
maskformer-base,1,,aten::slice,"[[1, 204, 276, 128], [], [], [], []]",12
maskformer-base,1,,aten::slice,"[[1, 204, 276, 1], [], [], [], []]",36
maskformer-base,1,,aten::slice,"[[1, 24, 24, 1], [], [], [], []]",2
maskformer-base,1,,aten::slice,"[[1, 24, 36, 1], [], [], [], []]",6
maskformer-base,1,,aten::slice,"[[1, 24, 6, 1], [], [], [], []]",4
maskformer-base,1,,aten::slice,"[[1, 25, 34, 1024], [], [], [], []]",4
maskformer-base,1,,aten::slice,"[[1, 25, 34, 128], [], [], [], []]",32
maskformer-base,1,,aten::slice,"[[1, 25, 34, 512], [], [], [], []]",8
maskformer-base,1,,aten::slice,"[[1, 25, 34, 64, 2], [], [], [], []]",8
maskformer-base,1,,aten::slice,"[[1, 25, 34], [], [], [], []]",22
maskformer-base,1,,aten::slice,"[[1, 25, 36, 1024], [], [], [], []]",8
maskformer-base,1,,aten::slice,"[[1, 25, 68, 512], [], [], [], []]",8
maskformer-base,1,,aten::slice,"[[1, 36, 36, 1024], [], [], [], []]",12
maskformer-base,1,,aten::slice,"[[1, 36, 36, 1], [], [], [], []]",36
maskformer-base,1,,aten::slice,"[[1, 48, 6, 1], [], [], [], []]",36
maskformer-base,1,,aten::slice,"[[1, 48, 60, 1], [], [], [], []]",18
maskformer-base,1,,aten::slice,"[[1, 48, 72, 1], [], [], [], []]",54
maskformer-base,1,,aten::slice,"[[1, 50, 136, 256], [], [], [], []]",8
maskformer-base,1,,aten::slice,"[[1, 50, 68, 256], [], [], [], []]",8
maskformer-base,1,,aten::slice,"[[1, 50, 68, 512], [], [], [], []]",52
maskformer-base,1,,aten::slice,"[[1, 50, 72, 512], [], [], [], []]",72
maskformer-base,1,,aten::slice,"[[1, 6, 132, 1], [], [], [], []]",4
maskformer-base,1,,aten::slice,"[[1, 6, 144, 1], [], [], [], []]",12
maskformer-base,1,,aten::slice,"[[1, 6, 24, 1], [], [], [], []]",4
maskformer-base,1,,aten::slice,"[[1, 6, 264, 1], [], [], [], []]",4
maskformer-base,1,,aten::slice,"[[1, 6, 276, 1], [], [], [], []]",12
maskformer-base,1,,aten::slice,"[[1, 6, 36, 1], [], [], [], []]",12
maskformer-base,1,,aten::slice,"[[1, 6, 6, 1], [], [], [], []]",96
maskformer-base,1,,aten::slice,"[[1, 6, 60, 1], [], [], [], []]",36
maskformer-base,1,,aten::slice,"[[1, 6, 72, 1], [], [], [], []]",108
maskformer-base,1,,aten::slice,"[[1, 60, 72, 1], [], [], [], []]",324
maskformer-base,1,,aten::slice,"[[1, 60, 72, 512], [], [], [], []]",108
maskformer-base,1,,aten::slice,"[[1, 96, 132, 1], [], [], [], []]",2
maskformer-base,1,,aten::slice,"[[1, 96, 144, 1], [], [], [], []]",6
maskformer-base,1,,aten::slice,"[[1, 96, 6, 1], [], [], [], []]",4
maskformer-base,1,,aten::softmax,"[[108, 8, 144, 144], [], []]",4
maskformer-base,1,,aten::softmax,"[[30, 16, 144, 144], [], []]",36
maskformer-base,1,,aten::softmax,"[[391, 4, 144, 144], [], []]",4
maskformer-base,1,,aten::softmax,"[[8, 100, 100], [], []]",12
maskformer-base,1,,aten::softmax,"[[8, 100, 850], [], []]",12
maskformer-base,1,,aten::softmax,"[[9, 32, 144, 144], [], []]",4
maskformer-base,1,,aten::stack,"[[], []]",4
maskformer-base,1,,aten::sub,"[[108, 1, 144], [108, 144, 1], []]",2
maskformer-base,1,,aten::sub,"[[30, 1, 144], [30, 144, 1], []]",18
maskformer-base,1,,aten::sub,"[[391, 1, 144], [391, 144, 1], []]",2
maskformer-base,1,,aten::sub,"[[9, 1, 144], [9, 144, 1], []]",2
maskformer-base,1,,aten::to,"[[1, 25, 34], [], [], [], []]",6
maskformer-base,1,,aten::to,"[[108, 144, 144], [], [], [], [], [], [], []]",2
maskformer-base,1,,aten::to,"[[128], [], [], [], [], [], [], []]",2
maskformer-base,1,,aten::to,"[[30, 144, 144], [], [], [], [], [], [], []]",18
maskformer-base,1,,aten::to,"[[391, 144, 144], [], [], [], [], [], [], []]",2
maskformer-base,1,,aten::to,"[[9, 144, 144], [], [], [], [], [], [], []]",2
maskformer-base,1,,aten::to,"[[], [], [], [], []]",48
maskformer-base,1,,aten::transpose,"[[1, 100, 8, 32], [], []]",48
maskformer-base,1,,aten::transpose,"[[1, 128, 54400], [], []]",2
maskformer-base,1,,aten::transpose,"[[1, 8, 100, 32], [], []]",24
maskformer-base,1,,aten::transpose,"[[1, 850, 1024], [], []]",2
maskformer-base,1,,aten::transpose,"[[1, 850, 8, 32], [], []]",24
maskformer-base,1,,aten::transpose,"[[1024, 1024], [], []]",16
maskformer-base,1,,aten::transpose,"[[1024, 2048], [], []]",2
maskformer-base,1,,aten::transpose,"[[1024, 256], [], []]",4
maskformer-base,1,,aten::transpose,"[[1024, 4096], [], []]",4
maskformer-base,1,,aten::transpose,"[[108, 8, 144, 32], [], []]",4
maskformer-base,1,,aten::transpose,"[[128, 128], [], []]",16
maskformer-base,1,,aten::transpose,"[[128, 512], [], []]",4
maskformer-base,1,,aten::transpose,"[[134, 256], [], []]",2
maskformer-base,1,,aten::transpose,"[[2048, 256], [], []]",12
maskformer-base,1,,aten::transpose,"[[2048, 512], [], []]",36
maskformer-base,1,,aten::transpose,"[[256, 1024], [], []]",4
maskformer-base,1,,aten::transpose,"[[256, 2048], [], []]",12
maskformer-base,1,,aten::transpose,"[[256, 256], [], []]",118
maskformer-base,1,,aten::transpose,"[[256, 512], [], []]",2
maskformer-base,1,,aten::transpose,"[[30, 16, 144, 32], [], []]",36
maskformer-base,1,,aten::transpose,"[[391, 4, 144, 32], [], []]",4
maskformer-base,1,,aten::transpose,"[[4096, 1024], [], []]",4
maskformer-base,1,,aten::transpose,"[[512, 1024], [], []]",2
maskformer-base,1,,aten::transpose,"[[512, 128], [], []]",4
maskformer-base,1,,aten::transpose,"[[512, 2048], [], []]",36
maskformer-base,1,,aten::transpose,"[[512, 512], [], []]",144
maskformer-base,1,,aten::transpose,"[[8, 100, 32], [], []]",12
maskformer-base,1,,aten::transpose,"[[8, 850, 32], [], []]",12
maskformer-base,1,,aten::transpose,"[[9, 32, 144, 32], [], []]",4
maskformer-base,1,,aten::type_as,"[[128], [1, 256, 25, 34]]",2
maskformer-base,1,,aten::unsqueeze,"[[1, 100, 256, 1], []]",2
maskformer-base,1,,aten::unsqueeze,"[[1, 100, 256], []]",2
maskformer-base,1,,aten::unsqueeze,"[[1, 1024, 850], []]",2
maskformer-base,1,,aten::unsqueeze,"[[1, 25, 34, 64], []]",8
maskformer-base,1,,aten::unsqueeze,"[[1, 25, 34], []]",4
maskformer-base,1,,aten::unsqueeze,"[[1, 256, 200, 272], []]",2
maskformer-base,1,,aten::unsqueeze,"[[100, 256], []]",2
maskformer-base,1,,aten::unsqueeze,"[[108, 1, 144, 144], []]",2
maskformer-base,1,,aten::unsqueeze,"[[108, 144, 144], []]",2
maskformer-base,1,,aten::unsqueeze,"[[108, 144], []]",4
maskformer-base,1,,aten::unsqueeze,"[[16, 144, 144], []]",36
maskformer-base,1,,aten::unsqueeze,"[[30, 1, 144, 144], []]",18
maskformer-base,1,,aten::unsqueeze,"[[30, 144, 144], []]",18
maskformer-base,1,,aten::unsqueeze,"[[30, 144], []]",36
maskformer-base,1,,aten::unsqueeze,"[[32, 144, 144], []]",4
maskformer-base,1,,aten::unsqueeze,"[[391, 1, 144, 144], []]",2
maskformer-base,1,,aten::unsqueeze,"[[391, 144, 144], []]",2
maskformer-base,1,,aten::unsqueeze,"[[391, 144], []]",4
maskformer-base,1,,aten::unsqueeze,"[[4, 144, 144], []]",4
maskformer-base,1,,aten::unsqueeze,"[[8, 144, 144], []]",4
maskformer-base,1,,aten::unsqueeze,"[[9, 1, 144, 144], []]",2
maskformer-base,1,,aten::unsqueeze,"[[9, 144, 144], []]",2
maskformer-base,1,,aten::unsqueeze,"[[9, 144], []]",4
maskformer-base,1,,aten::upsample_nearest2d,"[[1, 256, 100, 136], [], []]",2
maskformer-base,1,,aten::upsample_nearest2d,"[[1, 256, 25, 34], [], []]",2
maskformer-base,1,,aten::upsample_nearest2d,"[[1, 256, 50, 68], [], []]",2
maskformer-base,1,,aten::view,"[[1, 100, 136, 256], []]",4
maskformer-base,1,,aten::view,"[[1, 100, 136, 512], []]",2
maskformer-base,1,,aten::view,"[[1, 100, 200, 272, 1], []]",2
maskformer-base,1,,aten::view,"[[1, 100, 2048], []]",12
maskformer-base,1,,aten::view,"[[1, 100, 256], []]",140
maskformer-base,1,,aten::view,"[[1, 100, 54400], []]",2
maskformer-base,1,,aten::view,"[[1, 1024, 1], []]",2
maskformer-base,1,,aten::view,"[[1, 1024, 850], []]",2
maskformer-base,1,,aten::view,"[[1, 108, 144, 1], []]",2
maskformer-base,1,,aten::view,"[[1, 108, 144, 256], []]",4
maskformer-base,1,,aten::view,"[[1, 108, 8, 144, 144], []]",2
maskformer-base,1,,aten::view,"[[1, 128, 200, 272], []]",2
maskformer-base,1,,aten::view,"[[1, 128, 54400], []]",2
maskformer-base,1,,aten::view,"[[1, 13600, 1024], []]",4
maskformer-base,1,,aten::view,"[[1, 13600, 256], []]",10
maskformer-base,1,,aten::view,"[[1, 13600, 512], []]",2
maskformer-base,1,,aten::view,"[[1, 17, 12, 23, 12, 128], []]",4
maskformer-base,1,,aten::view,"[[1, 17, 23, 12, 12, 128], []]",4
maskformer-base,1,,aten::view,"[[1, 17, 23, 12, 12, 1], []]",2
maskformer-base,1,,aten::view,"[[1, 200, 272, 128], []]",4
maskformer-base,1,,aten::view,"[[1, 204, 276, 128], []]",4
maskformer-base,1,,aten::view,"[[1, 204, 276, 1], []]",2
maskformer-base,1,,aten::view,"[[1, 25, 34, 1024], []]",4
maskformer-base,1,,aten::view,"[[1, 25, 34, 2048], []]",2
maskformer-base,1,,aten::view,"[[1, 25, 34, 64, 2], []]",4
maskformer-base,1,,aten::view,"[[1, 256, 100, 136], []]",8
maskformer-base,1,,aten::view,"[[1, 256, 13600], []]",2
maskformer-base,1,,aten::view,"[[1, 256, 200, 272], []]",8
maskformer-base,1,,aten::view,"[[1, 256, 25, 34], []]",8
maskformer-base,1,,aten::view,"[[1, 256, 50, 68], []]",8
maskformer-base,1,,aten::view,"[[1, 256], []]",28
maskformer-base,1,,aten::view,"[[1, 3, 12, 3, 12, 1024], []]",4
maskformer-base,1,,aten::view,"[[1, 3, 3, 12, 12, 1024], []]",4
maskformer-base,1,,aten::view,"[[1, 3, 3, 12, 12, 1], []]",2
maskformer-base,1,,aten::view,"[[1, 30, 16, 144, 144], []]",18
maskformer-base,1,,aten::view,"[[1, 3400, 1024], []]",2
maskformer-base,1,,aten::view,"[[1, 3400, 2048], []]",36
maskformer-base,1,,aten::view,"[[1, 3400, 512], []]",74
maskformer-base,1,,aten::view,"[[1, 36, 36, 1024], []]",4
maskformer-base,1,,aten::view,"[[1, 36, 36, 1], []]",2
maskformer-base,1,,aten::view,"[[1, 391, 4, 144, 144], []]",2
maskformer-base,1,,aten::view,"[[1, 5, 12, 6, 12, 512], []]",36
maskformer-base,1,,aten::view,"[[1, 5, 6, 12, 12, 1], []]",18
maskformer-base,1,,aten::view,"[[1, 5, 6, 12, 12, 512], []]",36
maskformer-base,1,,aten::view,"[[1, 50, 68, 1024], []]",2
maskformer-base,1,,aten::view,"[[1, 50, 68, 512], []]",36
maskformer-base,1,,aten::view,"[[1, 512, 3400], []]",2
maskformer-base,1,,aten::view,"[[1, 54400, 128], []]",10
maskformer-base,1,,aten::view,"[[1, 54400, 512], []]",4
maskformer-base,1,,aten::view,"[[1, 60, 72, 1], []]",18
maskformer-base,1,,aten::view,"[[1, 60, 72, 512], []]",36
maskformer-base,1,,aten::view,"[[1, 8, 100, 32], []]",48
maskformer-base,1,,aten::view,"[[1, 8, 850, 32], []]",24
maskformer-base,1,,aten::view,"[[1, 850, 1024], []]",8
maskformer-base,1,,aten::view,"[[1, 850, 2048], []]",2
maskformer-base,1,,aten::view,"[[1, 850, 256], []]",24
maskformer-base,1,,aten::view,"[[1, 850, 4096], []]",4
maskformer-base,1,,aten::view,"[[1, 9, 12, 12, 12, 1], []]",2
maskformer-base,1,,aten::view,"[[1, 9, 12, 12, 12, 256], []]",8
maskformer-base,1,,aten::view,"[[1, 9, 32, 144, 144], []]",2
maskformer-base,1,,aten::view,"[[100, 134], []]",2
maskformer-base,1,,aten::view,"[[100, 2048], []]",12
maskformer-base,1,,aten::view,"[[100, 256, 1, 1, 1], []]",2
maskformer-base,1,,aten::view,"[[100, 256], []]",90
maskformer-base,1,,aten::view,"[[100], []]",76
maskformer-base,1,,aten::view,"[[108, 12, 12, 1], []]",2
maskformer-base,1,,aten::view,"[[108, 12, 12, 256], []]",8
maskformer-base,1,,aten::view,"[[108, 144, 256], []]",32
maskformer-base,1,,aten::view,"[[108, 144, 8, 32], []]",4
maskformer-base,1,,aten::view,"[[108, 8, 144, 144], []]",6
maskformer-base,1,,aten::view,"[[128], []]",2
maskformer-base,1,,aten::view,"[[1296, 1024], []]",16
maskformer-base,1,,aten::view,"[[13600, 1024], []]",4
maskformer-base,1,,aten::view,"[[13600, 256], []]",4
maskformer-base,1,,aten::view,"[[13600], []]",24
maskformer-base,1,,aten::view,"[[144, 144], []]",48
maskformer-base,1,,aten::view,"[[15552, 256], []]",16
maskformer-base,1,,aten::view,"[[20736, 16], []]",36
maskformer-base,1,,aten::view,"[[20736, 32], []]",4
maskformer-base,1,,aten::view,"[[20736, 4], []]",4
maskformer-base,1,,aten::view,"[[20736, 8], []]",4
maskformer-base,1,,aten::view,"[[20736], []]",48
maskformer-base,1,,aten::view,"[[256, 1, 200, 272, 1], []]",2
maskformer-base,1,,aten::view,"[[256], []]",4
maskformer-base,1,,aten::view,"[[30, 12, 12, 1], []]",18
maskformer-base,1,,aten::view,"[[30, 12, 12, 512], []]",72
maskformer-base,1,,aten::view,"[[30, 144, 16, 32], []]",36
maskformer-base,1,,aten::view,"[[30, 144, 512], []]",288
maskformer-base,1,,aten::view,"[[30, 16, 144, 144], []]",54
maskformer-base,1,,aten::view,"[[3400, 2048], []]",36
maskformer-base,1,,aten::view,"[[3400, 512], []]",36
maskformer-base,1,,aten::view,"[[3400], []]",152
maskformer-base,1,,aten::view,"[[391, 12, 12, 128], []]",8
maskformer-base,1,,aten::view,"[[391, 12, 12, 1], []]",2
maskformer-base,1,,aten::view,"[[391, 144, 128], []]",32
maskformer-base,1,,aten::view,"[[391, 144, 4, 32], []]",4
maskformer-base,1,,aten::view,"[[391, 4, 144, 144], []]",6
maskformer-base,1,,aten::view,"[[4320, 512], []]",144
maskformer-base,1,,aten::view,"[[54400, 128], []]",4
maskformer-base,1,,aten::view,"[[54400, 512], []]",4
maskformer-base,1,,aten::view,"[[54400], []]",24
maskformer-base,1,,aten::view,"[[56304, 128], []]",16
maskformer-base,1,,aten::view,"[[8, 100, 32], []]",24
maskformer-base,1,,aten::view,"[[850, 1024], []]",4
maskformer-base,1,,aten::view,"[[850, 4096], []]",4
maskformer-base,1,,aten::view,"[[850], []]",28
maskformer-base,1,,aten::view,"[[9, 12, 12, 1024], []]",8
maskformer-base,1,,aten::view,"[[9, 12, 12, 1], []]",2
maskformer-base,1,,aten::view,"[[9, 144, 1024], []]",32
maskformer-base,1,,aten::view,"[[9, 144, 32, 32], []]",4
maskformer-base,1,,aten::view,"[[9, 32, 144, 144], []]",6
maskformer-base,1,,aten::zeros,"[[], [], [], [], []]",26
maskformer-base,1,,aten::zeros_like,"[[1, 100, 256], [], [], [], [], []]",2
maskformer-base,1,,cudadevicesynchronize,[],3
maskrcnn,1,,aten::__and__,"[[0], [0]]",50
maskrcnn,1,,aten::__and__,"[[4507], [4507]]",50
maskrcnn,1,,aten::add,"[[0, 91], [0, 1], []]",100
maskrcnn,1,,aten::add,"[[0, 91], [0, 91], []]",100
maskrcnn,1,,aten::add,"[[0], [0], []]",300
maskrcnn,1,,aten::add,"[[0], [], []]",200
maskrcnn,1,,aten::add,"[[1, 1000], [], []]",200
maskrcnn,1,,aten::add,"[[1, 1024, 1, 1], [], []]",350
maskrcnn,1,,aten::add,"[[1, 1024, 50, 50], [1, 1024, 1, 1], []]",350
maskrcnn,1,,aten::add,"[[1, 128, 1, 1], [], []]",400
maskrcnn,1,,aten::add,"[[1, 128, 100, 100], [1, 128, 1, 1], []]",350
maskrcnn,1,,aten::add,"[[1, 128, 200, 200], [1, 128, 1, 1], []]",50
maskrcnn,1,,aten::add,"[[1, 2048, 1, 1], [], []]",200
maskrcnn,1,,aten::add,"[[1, 2048, 25, 25], [1, 2048, 1, 1], []]",200
maskrcnn,1,,aten::add,"[[1, 256, 1, 1], [], []]",800
maskrcnn,1,,aten::add,"[[1, 256, 100, 100], [1, 256, 1, 1], []]",50
maskrcnn,1,,aten::add,"[[1, 256, 100, 100], [1, 256, 100, 100], []]",50
maskrcnn,1,,aten::add,"[[1, 256, 200, 200], [1, 256, 1, 1], []]",200
maskrcnn,1,,aten::add,"[[1, 256, 200, 200], [1, 256, 200, 200], []]",50
maskrcnn,1,,aten::add,"[[1, 256, 50, 50], [1, 256, 1, 1], []]",550
maskrcnn,1,,aten::add,"[[1, 256, 50, 50], [1, 256, 50, 50], []]",50
maskrcnn,1,,aten::add,"[[1, 507], [], []]",50
maskrcnn,1,,aten::add,"[[1, 512, 1, 1], [], []]",550
maskrcnn,1,,aten::add,"[[1, 512, 100, 100], [1, 512, 1, 1], []]",250
maskrcnn,1,,aten::add,"[[1, 512, 25, 25], [1, 512, 1, 1], []]",250
maskrcnn,1,,aten::add,"[[1, 512, 50, 50], [1, 512, 1, 1], []]",50
maskrcnn,1,,aten::add,"[[1, 64, 1, 1], [], []]",350
maskrcnn,1,,aten::add,"[[1, 64, 200, 200], [1, 64, 1, 1], []]",300
maskrcnn,1,,aten::add,"[[1, 64, 400, 400], [1, 64, 1, 1], []]",50
maskrcnn,1,,aten::add,"[[10000, 1, 4], [1, 3, 4], []]",50
maskrcnn,1,,aten::add,"[[159882, 1], [159882, 1], []]",200
maskrcnn,1,,aten::add,"[[159882], [159882], []]",100
maskrcnn,1,,aten::add,"[[169, 1, 4], [1, 3, 4], []]",50
maskrcnn,1,,aten::add,"[[2500, 1, 4], [1, 3, 4], []]",50
maskrcnn,1,,aten::add,"[[40000, 1, 4], [1, 3, 4], []]",50
maskrcnn,1,,aten::add,"[[625, 1, 4], [1, 3, 4], []]",50
maskrcnn,1,,aten::add_,"[[0, 256, 14, 14], [], []]",250
maskrcnn,1,,aten::add_,"[[0, 256, 28, 28], [], []]",50
maskrcnn,1,,aten::add_,"[[1, 1024, 50, 50], [1, 1024, 50, 50], []]",300
maskrcnn,1,,aten::add_,"[[1, 12, 100, 100], [1, 12, 1, 1], []]",50
maskrcnn,1,,aten::add_,"[[1, 12, 13, 13], [1, 12, 1, 1], []]",50
maskrcnn,1,,aten::add_,"[[1, 12, 200, 200], [1, 12, 1, 1], []]",50
maskrcnn,1,,aten::add_,"[[1, 12, 25, 25], [1, 12, 1, 1], []]",50
maskrcnn,1,,aten::add_,"[[1, 12, 50, 50], [1, 12, 1, 1], []]",50
maskrcnn,1,,aten::add_,"[[1, 2048, 25, 25], [1, 2048, 25, 25], []]",150
maskrcnn,1,,aten::add_,"[[1, 256, 100, 100], [1, 256, 1, 1], []]",150
maskrcnn,1,,aten::add_,"[[1, 256, 13, 13], [1, 256, 1, 1], []]",50
maskrcnn,1,,aten::add_,"[[1, 256, 200, 200], [1, 256, 1, 1], []]",150
maskrcnn,1,,aten::add_,"[[1, 256, 200, 200], [1, 256, 200, 200], []]",150
maskrcnn,1,,aten::add_,"[[1, 256, 25, 25], [1, 256, 1, 1], []]",150
maskrcnn,1,,aten::add_,"[[1, 256, 50, 50], [1, 256, 1, 1], []]",150
maskrcnn,1,,aten::add_,"[[1, 3, 100, 100], [1, 3, 1, 1], []]",50
maskrcnn,1,,aten::add_,"[[1, 3, 13, 13], [1, 3, 1, 1], []]",50
maskrcnn,1,,aten::add_,"[[1, 3, 200, 200], [1, 3, 1, 1], []]",50
maskrcnn,1,,aten::add_,"[[1, 3, 25, 25], [1, 3, 1, 1], []]",50
maskrcnn,1,,aten::add_,"[[1, 3, 50, 50], [1, 3, 1, 1], []]",50
maskrcnn,1,,aten::add_,"[[1, 512, 100, 100], [1, 512, 100, 100], []]",200
maskrcnn,1,,aten::arange,"[[], [], [], [0]]",650
maskrcnn,1,,aten::arange,"[[], [], [], [], [], []]",500
maskrcnn,1,,aten::arange,"[[], [], [], [], []]",150
maskrcnn,1,,aten::cat,"[[], []]",1300
maskrcnn,1,,aten::clamp,"[[0, 182], [], []]",100
maskrcnn,1,,aten::clamp,"[[0, 91], [], []]",100
maskrcnn,1,,aten::clamp,"[[0], [], []]",100
maskrcnn,1,,aten::clamp,"[[159882, 1], [], []]",100
maskrcnn,1,,aten::clamp,"[[4507, 2], [], []]",100
maskrcnn,1,,aten::copy_,"[[0, 1, 28, 28], [0, 1, 28, 28], []]",50
maskrcnn,1,,aten::copy_,"[[0, 4], [0, 4], []]",150
maskrcnn,1,,aten::copy_,"[[0], [0], []]",300
maskrcnn,1,,aten::copy_,"[[1, 100, 100, 3, 1], [1, 100, 100, 3, 1], []]",50
maskrcnn,1,,aten::copy_,"[[1, 100, 100, 3, 4], [1, 100, 100, 3, 4], []]",50
maskrcnn,1,,aten::copy_,"[[1, 13, 13, 3, 1], [1, 13, 13, 3, 1], []]",50
maskrcnn,1,,aten::copy_,"[[1, 13, 13, 3, 4], [1, 13, 13, 3, 4], []]",50
maskrcnn,1,,aten::copy_,"[[1, 200, 200, 3, 1], [1, 200, 200, 3, 1], []]",50
maskrcnn,1,,aten::copy_,"[[1, 200, 200, 3, 4], [1, 200, 200, 3, 4], []]",50
maskrcnn,1,,aten::copy_,"[[1, 25, 25, 3, 1], [1, 25, 25, 3, 1], []]",50
maskrcnn,1,,aten::copy_,"[[1, 25, 25, 3, 4], [1, 25, 25, 3, 4], []]",50
maskrcnn,1,,aten::copy_,"[[1, 3, 224, 224], [1, 3, 224, 224], []]",50
maskrcnn,1,,aten::copy_,"[[1, 4507, 1], [1, 4507, 1], []]",50
maskrcnn,1,,aten::copy_,"[[1, 4507], [1, 4507], []]",100
maskrcnn,1,,aten::copy_,"[[1, 50, 50, 3, 1], [1, 50, 50, 3, 1], []]",50
maskrcnn,1,,aten::copy_,"[[1, 50, 50, 3, 4], [1, 50, 50, 3, 4], []]",50
maskrcnn,1,,aten::copy_,"[[100, 100], [100, 100], []]",100
maskrcnn,1,,aten::copy_,"[[13, 13], [13, 13], []]",100
maskrcnn,1,,aten::copy_,"[[200, 200], [200, 200], []]",100
maskrcnn,1,,aten::copy_,"[[25, 25], [25, 25], []]",100
maskrcnn,1,,aten::copy_,"[[3, 800, 800], [3, 800, 800], []]",50
maskrcnn,1,,aten::copy_,"[[3], [3], []]",100
maskrcnn,1,,aten::copy_,"[[50, 50], [50, 50], []]",100
maskrcnn,1,,aten::copy_,"[[], [], []]",400
maskrcnn,1,,aten::detach,"[[159882, 1]]",50
maskrcnn,1,,aten::detach,"[[159882, 4]]",50
maskrcnn,1,,aten::detach_,[[]],500
maskrcnn,1,,aten::div,"[[0, 91], []]",200
maskrcnn,1,,aten::div,"[[0], []]",100
maskrcnn,1,,aten::div,"[[159882, 1], []]",200
maskrcnn,1,,aten::div,"[[3, 224, 224], [3, 1, 1]]",50
maskrcnn,1,,aten::div,"[[], []]",100
maskrcnn,1,,aten::empty,"[[], [], [], [], [], []]",3900
maskrcnn,1,,aten::eq,"[[0], []]",400
maskrcnn,1,,aten::exp,"[[0, 91]]",100
maskrcnn,1,,aten::exp,"[[159882, 1]]",100
maskrcnn,1,,aten::expand_as,"[[1, 159882], [1, 159882]]",50
maskrcnn,1,,aten::expand_as,"[[1, 91], [0, 91]]",50
maskrcnn,1,,aten::fill_,"[[0, 1, 30, 30], []]",50
maskrcnn,1,,aten::fill_,"[[0, 1], []]",100
maskrcnn,1,,aten::fill_,"[[0, 256, 14, 14], []]",250
maskrcnn,1,,aten::fill_,"[[0, 256, 7, 7], []]",250
maskrcnn,1,,aten::fill_,"[[0, 4], []]",50
maskrcnn,1,,aten::fill_,"[[1, 3, 800, 800], []]",50
maskrcnn,1,,aten::fill_,"[[120000], []]",50
maskrcnn,1,,aten::fill_,"[[1875], []]",50
maskrcnn,1,,aten::fill_,"[[30000], []]",50
maskrcnn,1,,aten::fill_,"[[507], []]",50
maskrcnn,1,,aten::fill_,"[[7500], []]",50
maskrcnn,1,,aten::fill_,"[[], []]",500
maskrcnn,1,,aten::flatten,"[[0, 1024], [], []]",50
maskrcnn,1,,aten::flatten,"[[0, 256, 7, 7], [], []]",50
maskrcnn,1,,aten::flatten,"[[0, 91, 4], [], []]",50
maskrcnn,1,,aten::flatten,"[[1, 159882, 1], [], []]",50
maskrcnn,1,,aten::flatten,"[[159882, 1, 4], [], []]",50
maskrcnn,1,,aten::floor,[[0]],100
maskrcnn,1,,aten::full,"[[], [], [], [], [], []]",250
maskrcnn,1,,aten::full_like,"[[0, 1], [], [], [], [], [], []]",100
maskrcnn,1,,aten::ge,"[[0], []]",150
maskrcnn,1,,aten::ge,"[[4507], []]",100
maskrcnn,1,,aten::gt,"[[0], []]",50
maskrcnn,1,,aten::index,"[[0, 4], []]",250
maskrcnn,1,,aten::index,"[[0, 5], []]",400
maskrcnn,1,,aten::index,"[[0, 91, 28, 28], []]",50
maskrcnn,1,,aten::index,"[[0], []]",450
maskrcnn,1,,aten::index,"[[1, 159882, 4], []]",50
maskrcnn,1,,aten::index,"[[1, 159882], []]",100
maskrcnn,1,,aten::index,"[[4507, 4], []]",50
maskrcnn,1,,aten::index,"[[4507], []]",100
maskrcnn,1,,aten::index_put_,"[[0, 256, 14, 14], [], [0, 256, 14, 14], []]",200
maskrcnn,1,,aten::index_put_,"[[0, 256, 7, 7], [], [0, 256, 7, 7], []]",200
maskrcnn,1,,aten::lift_fresh,[[3]],100
maskrcnn,1,,aten::lift_fresh,[[]],500
maskrcnn,1,,aten::log2,[[0]],100
maskrcnn,1,,aten::max_pool2d,"[[1, 256, 25, 25], [], [], [], [], []]",50
maskrcnn,1,,aten::max_pool2d,"[[1, 64, 400, 400], [], [], [], [], []]",50
maskrcnn,1,,aten::meshgrid,"[[], []]",250
maskrcnn,1,,aten::mul,"[[0, 256, 14, 14], []]",250
maskrcnn,1,,aten::mul,"[[0, 256, 28, 28], []]",50
maskrcnn,1,,aten::mul,"[[0, 91], [0, 1]]",200
maskrcnn,1,,aten::mul,"[[0], [0]]",100
maskrcnn,1,,aten::mul,"[[0], []]",500
maskrcnn,1,,aten::mul,"[[1, 1024, 1, 1], [1, 1024, 1, 1]]",700
maskrcnn,1,,aten::mul,"[[1, 1024, 50, 50], [1, 1024, 1, 1]]",350
maskrcnn,1,,aten::mul,"[[1, 128, 1, 1], [1, 128, 1, 1]]",800
maskrcnn,1,,aten::mul,"[[1, 128, 100, 100], [1, 128, 1, 1]]",350
maskrcnn,1,,aten::mul,"[[1, 128, 200, 200], [1, 128, 1, 1]]",50
maskrcnn,1,,aten::mul,"[[1, 2048, 1, 1], [1, 2048, 1, 1]]",400
maskrcnn,1,,aten::mul,"[[1, 2048, 25, 25], [1, 2048, 1, 1]]",200
maskrcnn,1,,aten::mul,"[[1, 256, 1, 1], [1, 256, 1, 1]]",1600
maskrcnn,1,,aten::mul,"[[1, 256, 100, 100], [1, 256, 1, 1]]",50
maskrcnn,1,,aten::mul,"[[1, 256, 200, 200], [1, 256, 1, 1]]",200
maskrcnn,1,,aten::mul,"[[1, 256, 50, 50], [1, 256, 1, 1]]",550
maskrcnn,1,,aten::mul,"[[1, 512, 1, 1], [1, 512, 1, 1]]",1100
maskrcnn,1,,aten::mul,"[[1, 512, 100, 100], [1, 512, 1, 1]]",250
maskrcnn,1,,aten::mul,"[[1, 512, 25, 25], [1, 512, 1, 1]]",250
maskrcnn,1,,aten::mul,"[[1, 512, 50, 50], [1, 512, 1, 1]]",50
maskrcnn,1,,aten::mul,"[[1, 64, 1, 1], [1, 64, 1, 1]]",700
maskrcnn,1,,aten::mul,"[[1, 64, 200, 200], [1, 64, 1, 1]]",300
maskrcnn,1,,aten::mul,"[[1, 64, 400, 400], [1, 64, 1, 1]]",50
maskrcnn,1,,aten::mul,"[[100], []]",100
maskrcnn,1,,aten::mul,"[[13], []]",100
maskrcnn,1,,aten::mul,"[[159882, 1], [159882, 1]]",200
maskrcnn,1,,aten::mul,"[[159882], []]",100
maskrcnn,1,,aten::mul,"[[200], []]",100
maskrcnn,1,,aten::mul,"[[25], []]",100
maskrcnn,1,,aten::mul,"[[50], []]",100
maskrcnn,1,,aten::mul,"[[], [0, 91]]",100
maskrcnn,1,,aten::mul,"[[], [159882, 1]]",100
maskrcnn,1,,aten::mul_,"[[0], []]",100
maskrcnn,1,,aten::new_empty,"[[0, 1, 30, 30], [], [], [], [], []]",50
maskrcnn,1,,aten::new_empty,"[[3, 800, 800], [], [], [], [], []]",50
maskrcnn,1,,aten::new_full,"[[3, 800, 800], [], [], [], [], [], []]",50
maskrcnn,1,,aten::pad,"[[0, 1, 28, 28], [], [], []]",50
maskrcnn,1,,aten::permute,"[[1, 3, 1, 100, 100], []]",50
maskrcnn,1,,aten::permute,"[[1, 3, 1, 13, 13], []]",50
maskrcnn,1,,aten::permute,"[[1, 3, 1, 200, 200], []]",50
maskrcnn,1,,aten::permute,"[[1, 3, 1, 25, 25], []]",50
maskrcnn,1,,aten::permute,"[[1, 3, 1, 50, 50], []]",50
maskrcnn,1,,aten::permute,"[[1, 3, 4, 100, 100], []]",50
maskrcnn,1,,aten::permute,"[[1, 3, 4, 13, 13], []]",50
maskrcnn,1,,aten::permute,"[[1, 3, 4, 200, 200], []]",50
maskrcnn,1,,aten::permute,"[[1, 3, 4, 25, 25], []]",50
maskrcnn,1,,aten::permute,"[[1, 3, 4, 50, 50], []]",50
maskrcnn,1,,aten::relu,"[[0, 1024]]",100
maskrcnn,1,,aten::relu_,"[[0, 256, 14, 14]]",200
maskrcnn,1,,aten::relu_,"[[0, 256, 28, 28]]",50
maskrcnn,1,,aten::relu_,"[[1, 1024, 50, 50]]",300
maskrcnn,1,,aten::relu_,"[[1, 128, 100, 100]]",350
maskrcnn,1,,aten::relu_,"[[1, 128, 200, 200]]",50
maskrcnn,1,,aten::relu_,"[[1, 2048, 25, 25]]",150
maskrcnn,1,,aten::relu_,"[[1, 256, 100, 100]]",100
maskrcnn,1,,aten::relu_,"[[1, 256, 13, 13]]",50
maskrcnn,1,,aten::relu_,"[[1, 256, 200, 200]]",200
maskrcnn,1,,aten::relu_,"[[1, 256, 25, 25]]",50
maskrcnn,1,,aten::relu_,"[[1, 256, 50, 50]]",600
maskrcnn,1,,aten::relu_,"[[1, 512, 100, 100]]",200
maskrcnn,1,,aten::relu_,"[[1, 512, 25, 25]]",250
maskrcnn,1,,aten::relu_,"[[1, 512, 50, 50]]",50
maskrcnn,1,,aten::relu_,"[[1, 64, 200, 200]]",300
maskrcnn,1,,aten::relu_,"[[1, 64, 400, 400]]",50
maskrcnn,1,,aten::reshape,"[[0, 182, 2], []]",50
maskrcnn,1,,aten::reshape,"[[0, 363], []]",50
maskrcnn,1,,aten::reshape,"[[0, 90], []]",100
maskrcnn,1,,aten::reshape,"[[0], []]",1750
maskrcnn,1,,aten::reshape,"[[1, 100, 100, 3, 1], []]",50
maskrcnn,1,,aten::reshape,"[[1, 100, 100, 3, 4], []]",50
maskrcnn,1,,aten::reshape,"[[1, 13, 13, 3, 1], []]",50
maskrcnn,1,,aten::reshape,"[[1, 13, 13, 3, 4], []]",50
maskrcnn,1,,aten::reshape,"[[1, 159882, 4], []]",50
maskrcnn,1,,aten::reshape,"[[1, 200, 200, 3, 1], []]",50
maskrcnn,1,,aten::reshape,"[[1, 200, 200, 3, 4], []]",50
maskrcnn,1,,aten::reshape,"[[1, 25, 25, 3, 1], []]",50
maskrcnn,1,,aten::reshape,"[[1, 25, 25, 3, 4], []]",50
maskrcnn,1,,aten::reshape,"[[1, 4507], []]",300
maskrcnn,1,,aten::reshape,"[[1, 50, 50, 3, 1], []]",50
maskrcnn,1,,aten::reshape,"[[1, 50, 50, 3, 4], []]",50
maskrcnn,1,,aten::reshape,"[[100, 100], []]",100
maskrcnn,1,,aten::reshape,"[[10000, 3, 4], []]",50
maskrcnn,1,,aten::reshape,"[[1024], []]",1400
maskrcnn,1,,aten::reshape,"[[128], []]",1600
maskrcnn,1,,aten::reshape,"[[12], []]",250
maskrcnn,1,,aten::reshape,"[[13, 13], []]",100
maskrcnn,1,,aten::reshape,"[[159882, 1], []]",50
maskrcnn,1,,aten::reshape,"[[159882, 4], []]",100
maskrcnn,1,,aten::reshape,"[[159882], []]",50
maskrcnn,1,,aten::reshape,"[[169, 3, 4], []]",50
maskrcnn,1,,aten::reshape,"[[200, 200], []]",100
maskrcnn,1,,aten::reshape,"[[2048], []]",800
maskrcnn,1,,aten::reshape,"[[25, 25], []]",100
maskrcnn,1,,aten::reshape,"[[2500, 3, 4], []]",50
maskrcnn,1,,aten::reshape,"[[256], []]",3850
maskrcnn,1,,aten::reshape,"[[3], []]",250
maskrcnn,1,,aten::reshape,"[[40000, 3, 4], []]",50
maskrcnn,1,,aten::reshape,"[[4507, 2, 2], []]",50
maskrcnn,1,,aten::reshape,"[[50, 50], []]",100
maskrcnn,1,,aten::reshape,"[[512], []]",2200
maskrcnn,1,,aten::reshape,"[[625, 3, 4], []]",50
maskrcnn,1,,aten::reshape,"[[64], []]",1400
maskrcnn,1,,aten::select,"[[0, 1], [], []]",600
maskrcnn,1,,aten::select,"[[0, 4], [], []]",1700
maskrcnn,1,,aten::select,"[[1, 3, 100, 100], [], []]",50
maskrcnn,1,,aten::select,"[[1, 3, 13, 13], [], []]",50
maskrcnn,1,,aten::select,"[[1, 3, 200, 200], [], []]",50
maskrcnn,1,,aten::select,"[[1, 3, 224, 224], [], []]",100
maskrcnn,1,,aten::select,"[[1, 3, 25, 25], [], []]",50
maskrcnn,1,,aten::select,"[[1, 3, 50, 50], [], []]",50
maskrcnn,1,,aten::select,"[[1, 3, 800, 800], [], []]",100
maskrcnn,1,,aten::select,"[[1, 4507, 4], [], []]",50
maskrcnn,1,,aten::select,"[[1, 4507], [], []]",100
maskrcnn,1,,aten::select,"[[159882, 4], [], []]",300
maskrcnn,1,,aten::select,"[[23296], [], []]",50
maskrcnn,1,,aten::select,"[[256], [], []]",250
maskrcnn,1,,aten::select,"[[262144], [], []]",50
maskrcnn,1,,aten::select,"[[4507, 4], [], []]",200
maskrcnn,1,,aten::select,"[[589824], [], []]",200
maskrcnn,1,,aten::select,"[[91], [], []]",50
maskrcnn,1,,aten::sigmoid,"[[0, 91, 28, 28]]",50
maskrcnn,1,,aten::sigmoid,"[[1, 4507]]",50
maskrcnn,1,,aten::slice,"[[0, 1, 28, 29], [], [], [], []]",50
maskrcnn,1,,aten::slice,"[[0, 1, 28, 30], [], [], [], []]",50
maskrcnn,1,,aten::slice,"[[0, 1, 29, 30], [], [], [], []]",50
maskrcnn,1,,aten::slice,"[[0, 1, 30, 30], [], [], [], []]",50
maskrcnn,1,,aten::slice,"[[0, 28, 28], [], [], [], []]",50
maskrcnn,1,,aten::slice,"[[0, 364], [], [], [], []]",600
maskrcnn,1,,aten::slice,"[[0, 4], [], [], [], []]",1700
maskrcnn,1,,aten::slice,"[[0, 91], [], [], [], []]",200
maskrcnn,1,,aten::slice,"[[0], [], [], [], []]",400
maskrcnn,1,,aten::slice,"[[159882, 4], [], [], [], []]",750
maskrcnn,1,,aten::slice,"[[159882], [], [], [], []]",300
maskrcnn,1,,aten::slice,"[[1], [], [], [], []]",50
maskrcnn,1,,aten::slice,"[[3], [], [], [], []]",100
maskrcnn,1,,aten::slice,"[[4507, 4], [], [], [], []]",300
maskrcnn,1,,aten::softmax,"[[0, 91], [], []]",50
maskrcnn,1,,aten::split_with_sizes,"[[0, 1, 28, 28], [], []]",50
maskrcnn,1,,aten::split_with_sizes,"[[0, 364], [], []]",50
maskrcnn,1,,aten::split_with_sizes,"[[0, 91], [], []]",50
maskrcnn,1,,aten::split_with_sizes,"[[1, 159882], [], []]",50
maskrcnn,1,,aten::sqrt,[[0]],100
maskrcnn,1,,aten::stack,"[[], []]",500
maskrcnn,1,,aten::sub,"[[0, 91], [0, 91], []]",100
maskrcnn,1,,aten::sub,"[[0], [0], []]",600
maskrcnn,1,,aten::sub,"[[0], [], []]",100
maskrcnn,1,,aten::sub,"[[1, 1024, 1, 1], [1, 1024, 1, 1], []]",350
maskrcnn,1,,aten::sub,"[[1, 128, 1, 1], [1, 128, 1, 1], []]",400
maskrcnn,1,,aten::sub,"[[1, 2048, 1, 1], [1, 2048, 1, 1], []]",200
maskrcnn,1,,aten::sub,"[[1, 256, 1, 1], [1, 256, 1, 1], []]",800
maskrcnn,1,,aten::sub,"[[1, 512, 1, 1], [1, 512, 1, 1], []]",550
maskrcnn,1,,aten::sub,"[[1, 64, 1, 1], [1, 64, 1, 1], []]",350
maskrcnn,1,,aten::sub,"[[159882, 1], [159882, 1], []]",100
maskrcnn,1,,aten::sub,"[[159882], [159882], []]",100
maskrcnn,1,,aten::sub,"[[3, 224, 224], [3, 1, 1], []]",50
maskrcnn,1,,aten::sub,"[[4507], [4507], []]",100
maskrcnn,1,,aten::to,"[[0, 182], [], [], [], []]",100
maskrcnn,1,,aten::to,"[[0, 256, 14, 14], [], [], [], []]",200
maskrcnn,1,,aten::to,"[[0, 256, 7, 7], [], [], [], []]",200
maskrcnn,1,,aten::to,"[[0, 4], [], [], [], []]",200
maskrcnn,1,,aten::to,"[[0, 91], [], [], [], []]",100
maskrcnn,1,,aten::to,"[[0], [], [], [], []]",300
maskrcnn,1,,aten::to,"[[1, 3, 224, 224], [], [], [], [], [], [], []]",50
maskrcnn,1,,aten::to,"[[159882, 1], [], [], [], []]",100
maskrcnn,1,,aten::to,"[[159882, 4], [], [], [], []]",50
maskrcnn,1,,aten::to,"[[3, 4], [], [], [], [], []]",250
maskrcnn,1,,aten::to,"[[3], [], [], [], [], []]",100
maskrcnn,1,,aten::to,"[[4507, 2], [], [], [], []]",100
maskrcnn,1,,aten::to,"[[], [], [], [], [], []]",500
maskrcnn,1,,aten::topk,"[[1, 120000], [], [], [], []]",50
maskrcnn,1,,aten::topk,"[[1, 1875], [], [], [], []]",50
maskrcnn,1,,aten::topk,"[[1, 30000], [], [], [], []]",50
maskrcnn,1,,aten::topk,"[[1, 507], [], [], [], []]",50
maskrcnn,1,,aten::topk,"[[1, 7500], [], [], [], []]",50
maskrcnn,1,,aten::unbind,"[[0, 1, 30, 30], []]",50
maskrcnn,1,,aten::unbind,"[[0, 1], []]",600
maskrcnn,1,,aten::unbind,"[[0, 4], []]",100
maskrcnn,1,,aten::unbind,"[[1, 3, 224, 224], []]",100
maskrcnn,1,,aten::unbind,"[[1, 4507, 4], []]",50
maskrcnn,1,,aten::unbind,"[[1, 4507], []]",100
maskrcnn,1,,aten::unsqueeze,"[[0, 182], []]",100
maskrcnn,1,,aten::unsqueeze,"[[0, 28, 28], []]",50
maskrcnn,1,,aten::unsqueeze,"[[0, 91], []]",200
maskrcnn,1,,aten::unsqueeze,"[[0], []]",500
maskrcnn,1,,aten::unsqueeze,"[[10000], []]",200
maskrcnn,1,,aten::unsqueeze,"[[159882, 1], []]",200
maskrcnn,1,,aten::unsqueeze,"[[159882], []]",300
maskrcnn,1,,aten::unsqueeze,"[[169], []]",200
maskrcnn,1,,aten::unsqueeze,"[[1], []]",50
maskrcnn,1,,aten::unsqueeze,"[[2500], []]",200
maskrcnn,1,,aten::unsqueeze,"[[3, 1], []]",100
maskrcnn,1,,aten::unsqueeze,"[[3, 224, 224], []]",50
maskrcnn,1,,aten::unsqueeze,"[[3], []]",100
maskrcnn,1,,aten::unsqueeze,"[[40000], []]",200
maskrcnn,1,,aten::unsqueeze,"[[4507, 2], []]",100
maskrcnn,1,,aten::unsqueeze,"[[625], []]",200
maskrcnn,1,,aten::upsample_bilinear2d,"[[1, 3, 224, 224], [], [], []]",50
maskrcnn,1,,aten::upsample_nearest2d,"[[1, 256, 100, 100], [], []]",50
maskrcnn,1,,aten::upsample_nearest2d,"[[1, 256, 25, 25], [], []]",50
maskrcnn,1,,aten::upsample_nearest2d,"[[1, 256, 50, 50], [], []]",50
maskrcnn,1,,aten::view,"[[0, 182, 2], []]",50
maskrcnn,1,,aten::view,"[[0, 256, 14, 14], []]",250
maskrcnn,1,,aten::view,"[[0, 256, 28, 28], []]",50
maskrcnn,1,,aten::view,"[[0, 256, 7, 7], []]",50
maskrcnn,1,,aten::view,"[[0, 363], []]",50
maskrcnn,1,,aten::view,"[[0, 90], []]",100
maskrcnn,1,,aten::view,"[[0, 91, 4], []]",50
maskrcnn,1,,aten::view,"[[0], []]",1750
maskrcnn,1,,aten::view,"[[1, 12, 100, 100], []]",50
maskrcnn,1,,aten::view,"[[1, 12, 13, 13], []]",50
maskrcnn,1,,aten::view,"[[1, 12, 200, 200], []]",50
maskrcnn,1,,aten::view,"[[1, 12, 25, 25], []]",50
maskrcnn,1,,aten::view,"[[1, 12, 50, 50], []]",50
maskrcnn,1,,aten::view,"[[1, 159882, 1], []]",50
maskrcnn,1,,aten::view,"[[1, 159882, 4], []]",50
maskrcnn,1,,aten::view,"[[1, 3, 100, 100], []]",50
maskrcnn,1,,aten::view,"[[1, 3, 13, 13], []]",50
maskrcnn,1,,aten::view,"[[1, 3, 200, 200], []]",50
maskrcnn,1,,aten::view,"[[1, 3, 25, 25], []]",50
maskrcnn,1,,aten::view,"[[1, 3, 50, 50], []]",50
maskrcnn,1,,aten::view,"[[1, 4507], []]",150
maskrcnn,1,,aten::view,"[[10000, 3, 4], []]",50
maskrcnn,1,,aten::view,"[[10000, 4], []]",50
maskrcnn,1,,aten::view,"[[100], []]",100
maskrcnn,1,,aten::view,"[[1024], []]",1400
maskrcnn,1,,aten::view,"[[128], []]",1600
maskrcnn,1,,aten::view,"[[12], []]",250
maskrcnn,1,,aten::view,"[[13], []]",100
maskrcnn,1,,aten::view,"[[159882, 1, 4], []]",100
maskrcnn,1,,aten::view,"[[159882, 1], []]",50
maskrcnn,1,,aten::view,"[[159882, 4], []]",100
maskrcnn,1,,aten::view,"[[159882], []]",50
maskrcnn,1,,aten::view,"[[169, 3, 4], []]",50
maskrcnn,1,,aten::view,"[[169, 4], []]",50
maskrcnn,1,,aten::view,"[[200], []]",100
maskrcnn,1,,aten::view,"[[2048], []]",800
maskrcnn,1,,aten::view,"[[2500, 3, 4], []]",50
maskrcnn,1,,aten::view,"[[2500, 4], []]",50
maskrcnn,1,,aten::view,"[[256], []]",3850
maskrcnn,1,,aten::view,"[[25], []]",100
maskrcnn,1,,aten::view,"[[3, 4], []]",250
maskrcnn,1,,aten::view,"[[3], []]",250
maskrcnn,1,,aten::view,"[[40000, 3, 4], []]",50
maskrcnn,1,,aten::view,"[[40000, 4], []]",50
maskrcnn,1,,aten::view,"[[4507, 2, 2], []]",50
maskrcnn,1,,aten::view,"[[50], []]",100
maskrcnn,1,,aten::view,"[[512], []]",2200
maskrcnn,1,,aten::view,"[[625, 3, 4], []]",50
maskrcnn,1,,aten::view,"[[625, 4], []]",50
maskrcnn,1,,aten::view,"[[64], []]",1400
maskrcnn,1,,aten::view,"[[91], []]",50
maskrcnn,1,,aten::where,[[0]],550
maskrcnn,1,,aten::where,[[4507]],50
maskrcnn,1,,aten::zeros,"[[], [], [], [], []]",500
maskrcnn,1,,aten::zeros_like,"[[0, 4], [], [], [], [], []]",50
maskrcnn,1,,cudadevicesynchronize,[],51
maskrcnn,1,,frozenbatchnorm2d_prof,"[[1, 1024, 50, 50]]",770
maskrcnn,1,,frozenbatchnorm2d_prof,"[[1, 128, 100, 100]]",770
maskrcnn,1,,frozenbatchnorm2d_prof,"[[1, 128, 200, 200]]",110
maskrcnn,1,,frozenbatchnorm2d_prof,"[[1, 2048, 25, 25]]",440
maskrcnn,1,,frozenbatchnorm2d_prof,"[[1, 256, 100, 100]]",110
maskrcnn,1,,frozenbatchnorm2d_prof,"[[1, 256, 200, 200]]",440
maskrcnn,1,,frozenbatchnorm2d_prof,"[[1, 256, 50, 50]]",1210
maskrcnn,1,,frozenbatchnorm2d_prof,"[[1, 512, 100, 100]]",550
maskrcnn,1,,frozenbatchnorm2d_prof,"[[1, 512, 25, 25]]",550
maskrcnn,1,,frozenbatchnorm2d_prof,"[[1, 512, 50, 50]]",110
maskrcnn,1,,frozenbatchnorm2d_prof,"[[1, 64, 200, 200]]",660
maskrcnn,1,,frozenbatchnorm2d_prof,"[[1, 64, 400, 400]]",110
maskrcnn,1,,torchvision::roi_align,"[[1, 256, 100, 100], [0, 5], [], [], [], [], []]",100
maskrcnn,1,,torchvision::roi_align,"[[1, 256, 200, 200], [0, 5], [], [], [], [], []]",100
maskrcnn,1,,torchvision::roi_align,"[[1, 256, 25, 25], [0, 5], [], [], [], [], []]",100
maskrcnn,1,,torchvision::roi_align,"[[1, 256, 50, 50], [0, 5], [], [], [], [], []]",100
segformer,1,,aten::add,"[[1, 1024, 160], [1, 1024, 160], []]",8
segformer,1,,aten::add,"[[1, 16384, 32], [1, 16384, 32], []]",8
segformer,1,,aten::add,"[[1, 256, 256], [1, 256, 256], []]",8
segformer,1,,aten::add,"[[1, 4096, 64], [1, 4096, 64], []]",8
segformer,1,,aten::batch_norm,"[[1, 256, 128, 128], [256], [256], [256], [256], [], [], [], []]",2
segformer,1,,aten::cat,"[[], []]",2
segformer,1,,aten::contiguous,"[[1, 1024, 16, 16], []]",4
segformer,1,,aten::contiguous,"[[1, 1024, 160], []]",2
segformer,1,,aten::contiguous,"[[1, 1024, 5, 32], []]",4
segformer,1,,aten::contiguous,"[[1, 128, 128, 128], []]",4
segformer,1,,aten::contiguous,"[[1, 160, 32, 32], []]",6
segformer,1,,aten::contiguous,"[[1, 16384, 32], []]",2
segformer,1,,aten::contiguous,"[[1, 256, 16, 16], []]",2
segformer,1,,aten::contiguous,"[[1, 256, 160], []]",4
segformer,1,,aten::contiguous,"[[1, 256, 256], []]",2
segformer,1,,aten::contiguous,"[[1, 256, 32], []]",4
segformer,1,,aten::contiguous,"[[1, 256, 64, 64], []]",4
segformer,1,,aten::contiguous,"[[1, 256, 64], []]",4
segformer,1,,aten::contiguous,"[[1, 256, 8, 32], []]",4
segformer,1,,aten::contiguous,"[[1, 32, 128, 128], []]",6
segformer,1,,aten::contiguous,"[[1, 4096, 2, 32], []]",4
segformer,1,,aten::contiguous,"[[1, 4096, 64], []]",2
segformer,1,,aten::contiguous,"[[1, 64, 64, 64], []]",6
segformer,1,,aten::contiguous,"[[1, 640, 32, 32], []]",4
segformer,1,,aten::div,"[[1, 1, 16384, 256], []]",4
segformer,1,,aten::div,"[[1, 2, 4096, 256], []]",4
segformer,1,,aten::div,"[[1, 5, 1024, 256], []]",4
segformer,1,,aten::div,"[[1, 8, 256, 256], []]",4
segformer,1,,aten::dropout,"[[1, 1, 16384, 256], [], []]",4
segformer,1,,aten::dropout,"[[1, 1024, 160], [], []]",8
segformer,1,,aten::dropout,"[[1, 1024, 640], [], []]",4
segformer,1,,aten::dropout,"[[1, 16384, 128], [], []]",4
segformer,1,,aten::dropout,"[[1, 16384, 32], [], []]",8
segformer,1,,aten::dropout,"[[1, 2, 4096, 256], [], []]",4
segformer,1,,aten::dropout,"[[1, 256, 1024], [], []]",4
segformer,1,,aten::dropout,"[[1, 256, 128, 128], [], []]",2
segformer,1,,aten::dropout,"[[1, 256, 256], [], []]",8
segformer,1,,aten::dropout,"[[1, 4096, 256], [], []]",4
segformer,1,,aten::dropout,"[[1, 4096, 64], [], []]",8
segformer,1,,aten::dropout,"[[1, 5, 1024, 256], [], []]",4
segformer,1,,aten::dropout,"[[1, 8, 256, 256], [], []]",4
segformer,1,,aten::flatten,"[[1, 1024, 16, 16], [], []]",4
segformer,1,,aten::flatten,"[[1, 128, 128, 128], [], []]",4
segformer,1,,aten::flatten,"[[1, 160, 32, 32], [], []]",4
segformer,1,,aten::flatten,"[[1, 256, 16, 16], [], []]",4
segformer,1,,aten::flatten,"[[1, 256, 64, 64], [], []]",4
segformer,1,,aten::flatten,"[[1, 32, 128, 128], [], []]",4
segformer,1,,aten::flatten,"[[1, 64, 64, 64], [], []]",4
segformer,1,,aten::flatten,"[[1, 640, 32, 32], [], []]",4
segformer,1,,aten::gelu,"[[1, 1024, 640], []]",4
segformer,1,,aten::gelu,"[[1, 16384, 128], []]",4
segformer,1,,aten::gelu,"[[1, 256, 1024], []]",4
segformer,1,,aten::gelu,"[[1, 4096, 256], []]",4
segformer,1,,aten::layer_norm,"[[1, 1024, 160], [], [160], [160], [], []]",12
segformer,1,,aten::layer_norm,"[[1, 16384, 32], [], [32], [32], [], []]",12
segformer,1,,aten::layer_norm,"[[1, 256, 160], [], [160], [160], [], []]",4
segformer,1,,aten::layer_norm,"[[1, 256, 256], [], [256], [256], [], []]",12
segformer,1,,aten::layer_norm,"[[1, 256, 32], [], [32], [32], [], []]",4
segformer,1,,aten::layer_norm,"[[1, 256, 64], [], [64], [64], [], []]",4
segformer,1,,aten::layer_norm,"[[1, 4096, 64], [], [64], [64], [], []]",12
segformer,1,,aten::permute,"[[1, 1, 16384, 32], []]",4
segformer,1,,aten::permute,"[[1, 1024, 160], []]",4
segformer,1,,aten::permute,"[[1, 1024, 256], []]",2
segformer,1,,aten::permute,"[[1, 1024, 5, 32], []]",4
segformer,1,,aten::permute,"[[1, 128, 128, 32], []]",2
segformer,1,,aten::permute,"[[1, 16, 16, 256], []]",2
segformer,1,,aten::permute,"[[1, 160, 256], []]",4
segformer,1,,aten::permute,"[[1, 16384, 1, 32], []]",4
segformer,1,,aten::permute,"[[1, 16384, 256], []]",2
segformer,1,,aten::permute,"[[1, 16384, 32], []]",4
segformer,1,,aten::permute,"[[1, 2, 4096, 32], []]",4
segformer,1,,aten::permute,"[[1, 256, 1, 32], []]",8
segformer,1,,aten::permute,"[[1, 256, 2, 32], []]",8
segformer,1,,aten::permute,"[[1, 256, 256], []]",2
segformer,1,,aten::permute,"[[1, 256, 5, 32], []]",8
segformer,1,,aten::permute,"[[1, 256, 8, 32], []]",12
segformer,1,,aten::permute,"[[1, 32, 256], []]",4
segformer,1,,aten::permute,"[[1, 32, 32, 160], []]",2
segformer,1,,aten::permute,"[[1, 4096, 2, 32], []]",4
segformer,1,,aten::permute,"[[1, 4096, 256], []]",2
segformer,1,,aten::permute,"[[1, 4096, 64], []]",4
segformer,1,,aten::permute,"[[1, 5, 1024, 32], []]",4
segformer,1,,aten::permute,"[[1, 64, 256], []]",4
segformer,1,,aten::permute,"[[1, 64, 64, 64], []]",2
segformer,1,,aten::permute,"[[1, 8, 256, 32], []]",4
segformer,1,,aten::relu,"[[1, 256, 128, 128]]",2
segformer,1,,aten::reshape,"[[1, 1, 16384, 256], []]",4
segformer,1,,aten::reshape,"[[1, 1, 16384, 32], []]",4
segformer,1,,aten::reshape,"[[1, 1, 256, 32], []]",4
segformer,1,,aten::reshape,"[[1, 1, 32, 256], []]",4
segformer,1,,aten::reshape,"[[1, 1024, 160], []]",16
segformer,1,,aten::reshape,"[[1, 1024, 640], []]",4
segformer,1,,aten::reshape,"[[1, 160, 1024], []]",4
segformer,1,,aten::reshape,"[[1, 160, 16, 16], []]",4
segformer,1,,aten::reshape,"[[1, 16384, 128], []]",4
segformer,1,,aten::reshape,"[[1, 16384, 32], []]",16
segformer,1,,aten::reshape,"[[1, 2, 256, 32], []]",4
segformer,1,,aten::reshape,"[[1, 2, 32, 256], []]",4
segformer,1,,aten::reshape,"[[1, 2, 4096, 256], []]",4
segformer,1,,aten::reshape,"[[1, 2, 4096, 32], []]",4
segformer,1,,aten::reshape,"[[1, 256, 1024], []]",6
segformer,1,,aten::reshape,"[[1, 256, 128, 128], []]",2
segformer,1,,aten::reshape,"[[1, 256, 160], []]",8
segformer,1,,aten::reshape,"[[1, 256, 16384], []]",2
segformer,1,,aten::reshape,"[[1, 256, 256], []]",26
segformer,1,,aten::reshape,"[[1, 256, 32], []]",8
segformer,1,,aten::reshape,"[[1, 256, 4096], []]",2
segformer,1,,aten::reshape,"[[1, 256, 64], []]",8
segformer,1,,aten::reshape,"[[1, 32, 16, 16], []]",4
segformer,1,,aten::reshape,"[[1, 32, 16384], []]",4
segformer,1,,aten::reshape,"[[1, 4096, 256], []]",4
segformer,1,,aten::reshape,"[[1, 4096, 64], []]",16
segformer,1,,aten::reshape,"[[1, 5, 1024, 256], []]",4
segformer,1,,aten::reshape,"[[1, 5, 1024, 32], []]",4
segformer,1,,aten::reshape,"[[1, 5, 256, 32], []]",4
segformer,1,,aten::reshape,"[[1, 5, 32, 256], []]",4
segformer,1,,aten::reshape,"[[1, 64, 16, 16], []]",4
segformer,1,,aten::reshape,"[[1, 64, 4096], []]",4
segformer,1,,aten::reshape,"[[1, 8, 256, 256], []]",4
segformer,1,,aten::reshape,"[[1, 8, 256, 32], []]",8
segformer,1,,aten::reshape,"[[1, 8, 32, 256], []]",4
segformer,1,,aten::reshape,"[[150], []]",2
segformer,1,,aten::reshape,"[[160], []]",6
segformer,1,,aten::reshape,"[[256], []]",2
segformer,1,,aten::reshape,"[[32], []]",6
segformer,1,,aten::reshape,"[[64], []]",6
segformer,1,,aten::softmax,"[[1, 1, 16384, 256], [], []]",4
segformer,1,,aten::softmax,"[[1, 2, 4096, 256], [], []]",4
segformer,1,,aten::softmax,"[[1, 5, 1024, 256], [], []]",4
segformer,1,,aten::softmax,"[[1, 8, 256, 256], [], []]",4
segformer,1,,aten::transpose,"[[1, 1, 256, 32], [], []]",4
segformer,1,,aten::transpose,"[[1, 1024, 256], [], []]",4
segformer,1,,aten::transpose,"[[1, 1024, 640], [], []]",4
segformer,1,,aten::transpose,"[[1, 128, 16384], [], []]",4
segformer,1,,aten::transpose,"[[1, 160, 1024], [], []]",4
segformer,1,,aten::transpose,"[[1, 16384, 128], [], []]",4
segformer,1,,aten::transpose,"[[1, 2, 256, 32], [], []]",4
segformer,1,,aten::transpose,"[[1, 256, 1024], [], []]",4
segformer,1,,aten::transpose,"[[1, 256, 256], [], []]",4
segformer,1,,aten::transpose,"[[1, 256, 4096], [], []]",4
segformer,1,,aten::transpose,"[[1, 32, 16384], [], []]",4
segformer,1,,aten::transpose,"[[1, 4096, 256], [], []]",4
segformer,1,,aten::transpose,"[[1, 5, 256, 32], [], []]",4
segformer,1,,aten::transpose,"[[1, 64, 4096], [], []]",4
segformer,1,,aten::transpose,"[[1, 640, 1024], [], []]",4
segformer,1,,aten::transpose,"[[1, 8, 256, 32], [], []]",4
segformer,1,,aten::transpose,"[[1024, 256], [], []]",4
segformer,1,,aten::transpose,"[[128, 32], [], []]",4
segformer,1,,aten::transpose,"[[160, 160], [], []]",16
segformer,1,,aten::transpose,"[[160, 640], [], []]",4
segformer,1,,aten::transpose,"[[256, 1024], [], []]",4
segformer,1,,aten::transpose,"[[256, 160], [], []]",2
segformer,1,,aten::transpose,"[[256, 256], [], []]",18
segformer,1,,aten::transpose,"[[256, 32], [], []]",2
segformer,1,,aten::transpose,"[[256, 64], [], []]",6
segformer,1,,aten::transpose,"[[32, 128], [], []]",4
segformer,1,,aten::transpose,"[[32, 32], [], []]",16
segformer,1,,aten::transpose,"[[64, 256], [], []]",4
segformer,1,,aten::transpose,"[[64, 64], [], []]",16
segformer,1,,aten::transpose,"[[640, 160], [], []]",4
segformer,1,,aten::upsample_bilinear2d,"[[1, 256, 128, 128], [], [], []]",2
segformer,1,,aten::upsample_bilinear2d,"[[1, 256, 16, 16], [], [], []]",2
segformer,1,,aten::upsample_bilinear2d,"[[1, 256, 32, 32], [], [], []]",2
segformer,1,,aten::upsample_bilinear2d,"[[1, 256, 64, 64], [], [], []]",2
segformer,1,,aten::view,"[[1, 1, 16384, 256], []]",4
segformer,1,,aten::view,"[[1, 1, 16384, 32], []]",4
segformer,1,,aten::view,"[[1, 1, 256, 32], []]",4
segformer,1,,aten::view,"[[1, 1024, 16, 16], []]",4
segformer,1,,aten::view,"[[1, 1024, 160], []]",18
segformer,1,,aten::view,"[[1, 1024, 256], []]",4
segformer,1,,aten::view,"[[1, 1024, 5, 32], []]",4
segformer,1,,aten::view,"[[1, 128, 128, 128], []]",4
segformer,1,,aten::view,"[[1, 128, 16384], []]",4
segformer,1,,aten::view,"[[1, 160, 16, 16], []]",4
segformer,1,,aten::view,"[[1, 160, 32, 32], []]",4
segformer,1,,aten::view,"[[1, 16384, 1, 32], []]",4
segformer,1,,aten::view,"[[1, 16384, 32], []]",18
segformer,1,,aten::view,"[[1, 2, 4096, 256], []]",4
segformer,1,,aten::view,"[[1, 256, 128, 128], []]",4
segformer,1,,aten::view,"[[1, 256, 16, 16], []]",4
segformer,1,,aten::view,"[[1, 256, 160], []]",16
segformer,1,,aten::view,"[[1, 256, 256], []]",34
segformer,1,,aten::view,"[[1, 256, 32], []]",16
segformer,1,,aten::view,"[[1, 256, 4096], []]",4
segformer,1,,aten::view,"[[1, 256, 64, 64], []]",4
segformer,1,,aten::view,"[[1, 256, 64], []]",16
segformer,1,,aten::view,"[[1, 256, 8, 32], []]",4
segformer,1,,aten::view,"[[1, 32, 128, 128], []]",4
segformer,1,,aten::view,"[[1, 32, 16, 16], []]",4
segformer,1,,aten::view,"[[1, 4096, 2, 32], []]",4
segformer,1,,aten::view,"[[1, 4096, 64], []]",18
segformer,1,,aten::view,"[[1, 5, 1024, 256], []]",4
segformer,1,,aten::view,"[[1, 64, 16, 16], []]",4
segformer,1,,aten::view,"[[1, 64, 64, 64], []]",4
segformer,1,,aten::view,"[[1, 640, 1024], []]",4
segformer,1,,aten::view,"[[1, 640, 32, 32], []]",4
segformer,1,,aten::view,"[[1, 8, 256, 256], []]",4
segformer,1,,aten::view,"[[1024, 160], []]",8
segformer,1,,aten::view,"[[1024, 640], []]",4
segformer,1,,aten::view,"[[1024], []]",24
segformer,1,,aten::view,"[[150], []]",2
segformer,1,,aten::view,"[[160], []]",6
segformer,1,,aten::view,"[[16384, 128], []]",4
segformer,1,,aten::view,"[[16384, 32], []]",8
segformer,1,,aten::view,"[[16384], []]",24
segformer,1,,aten::view,"[[256, 1024], []]",4
segformer,1,,aten::view,"[[256, 160], []]",8
segformer,1,,aten::view,"[[256, 256], []]",16
segformer,1,,aten::view,"[[256, 32], []]",8
segformer,1,,aten::view,"[[256, 64], []]",8
segformer,1,,aten::view,"[[256], []]",50
segformer,1,,aten::view,"[[32], []]",6
segformer,1,,aten::view,"[[4096, 256], []]",4
segformer,1,,aten::view,"[[4096, 64], []]",8
segformer,1,,aten::view,"[[4096], []]",24
segformer,1,,aten::view,"[[64], []]",6
segformer,1,,cudadevicesynchronize,[],3
swin-base,1,,aten::adaptive_avg_pool2d,"[[1, 1024, 7, 7], []]",50
swin-base,1,,aten::add,"[[1, 14, 14, 512], [1, 14, 14, 512], []]",1800
swin-base,1,,aten::add,"[[1, 16, 8, 49, 49], [1, 16, 1, 49, 49], []]",50
swin-base,1,,aten::add,"[[1, 28, 28, 256], [1, 28, 28, 256], []]",200
swin-base,1,,aten::add,"[[1, 32, 49, 49], [1, 32, 49, 49], []]",100
swin-base,1,,aten::add,"[[1, 4, 16, 49, 49], [1, 4, 1, 49, 49], []]",450
swin-base,1,,aten::add,"[[1, 56, 56, 128], [1, 56, 56, 128], []]",200
swin-base,1,,aten::add,"[[1, 64, 4, 49, 49], [1, 64, 1, 49, 49], []]",50
swin-base,1,,aten::add,"[[1, 7, 7, 1024], [1, 7, 7, 1024], []]",200
swin-base,1,,aten::add,"[[16, 8, 49, 49], [1, 8, 49, 49], []]",100
swin-base,1,,aten::add,"[[4, 16, 49, 49], [1, 16, 49, 49], []]",900
swin-base,1,,aten::add,"[[64, 4, 49, 49], [1, 4, 49, 49], []]",100
swin-base,1,,aten::cat,"[[], []]",150
swin-base,1,,aten::contiguous,"[[1, 56, 56, 128], []]",50
swin-base,1,,aten::contiguous,"[[16, 49, 49], []]",900
swin-base,1,,aten::contiguous,"[[32, 49, 49], []]",100
swin-base,1,,aten::contiguous,"[[4, 49, 49], []]",100
swin-base,1,,aten::contiguous,"[[8, 49, 49], []]",100
swin-base,1,,aten::dropout,"[[1, 14, 14, 2048], [], []]",900
swin-base,1,,aten::dropout,"[[1, 14, 14, 512], [], []]",900
swin-base,1,,aten::dropout,"[[1, 28, 28, 1024], [], []]",100
swin-base,1,,aten::dropout,"[[1, 28, 28, 256], [], []]",100
swin-base,1,,aten::dropout,"[[1, 32, 49, 49], [], []]",100
swin-base,1,,aten::dropout,"[[1, 49, 1024], [], []]",100
swin-base,1,,aten::dropout,"[[1, 56, 56, 128], [], []]",100
swin-base,1,,aten::dropout,"[[1, 56, 56, 512], [], []]",100
swin-base,1,,aten::dropout,"[[1, 7, 7, 1024], [], []]",100
swin-base,1,,aten::dropout,"[[1, 7, 7, 4096], [], []]",100
swin-base,1,,aten::dropout,"[[16, 49, 256], [], []]",100
swin-base,1,,aten::dropout,"[[16, 8, 49, 49], [], []]",100
swin-base,1,,aten::dropout,"[[4, 16, 49, 49], [], []]",900
swin-base,1,,aten::dropout,"[[4, 49, 512], [], []]",900
swin-base,1,,aten::dropout,"[[64, 4, 49, 49], [], []]",100
swin-base,1,,aten::dropout,"[[64, 49, 128], [], []]",100
swin-base,1,,aten::eq,"[[16, 49, 49], []]",50
swin-base,1,,aten::eq,"[[4, 49, 49], []]",450
swin-base,1,,aten::eq,"[[64, 49, 49], []]",50
swin-base,1,,aten::fill_,"[[14, 14], []]",450
swin-base,1,,aten::fill_,"[[21, 21], []]",50
swin-base,1,,aten::fill_,"[[21, 3], []]",50
swin-base,1,,aten::fill_,"[[21, 4], []]",50
swin-base,1,,aten::fill_,"[[28, 28], []]",50
swin-base,1,,aten::fill_,"[[3, 21], []]",50
swin-base,1,,aten::fill_,"[[3, 3], []]",550
swin-base,1,,aten::fill_,"[[3, 49], []]",50
swin-base,1,,aten::fill_,"[[3, 4], []]",550
swin-base,1,,aten::fill_,"[[3, 7], []]",450
swin-base,1,,aten::fill_,"[[4, 21], []]",50
swin-base,1,,aten::fill_,"[[4, 3], []]",550
swin-base,1,,aten::fill_,"[[4, 49], []]",50
swin-base,1,,aten::fill_,"[[4, 4], []]",550
swin-base,1,,aten::fill_,"[[4, 7], []]",450
swin-base,1,,aten::fill_,"[[49, 3], []]",50
swin-base,1,,aten::fill_,"[[49, 49], []]",50
swin-base,1,,aten::fill_,"[[49, 4], []]",50
swin-base,1,,aten::fill_,"[[56, 56], []]",50
swin-base,1,,aten::fill_,"[[7, 3], []]",450
swin-base,1,,aten::fill_,"[[7, 4], []]",450
swin-base,1,,aten::fill_,"[[7, 7], []]",450
swin-base,1,,aten::flatten,"[[1, 1024, 1, 1], [], []]",50
swin-base,1,,aten::gelu,"[[1, 14, 14, 2048], []]",900
swin-base,1,,aten::gelu,"[[1, 28, 28, 1024], []]",100
swin-base,1,,aten::gelu,"[[1, 56, 56, 512], []]",100
swin-base,1,,aten::gelu,"[[1, 7, 7, 4096], []]",100
swin-base,1,,aten::index,"[[169, 16], []]",900
swin-base,1,,aten::index,"[[169, 32], []]",100
swin-base,1,,aten::index,"[[169, 4], []]",100
swin-base,1,,aten::index,"[[169, 8], []]",100
swin-base,1,,aten::layer_norm,"[[1, 14, 14, 1024], [], [1024], [1024], [], []]",50
swin-base,1,,aten::layer_norm,"[[1, 14, 14, 512], [], [512], [512], [], []]",1800
swin-base,1,,aten::layer_norm,"[[1, 28, 28, 256], [], [256], [256], [], []]",200
swin-base,1,,aten::layer_norm,"[[1, 28, 28, 512], [], [512], [512], [], []]",50
swin-base,1,,aten::layer_norm,"[[1, 56, 56, 128], [], [128], [128], [], []]",250
swin-base,1,,aten::layer_norm,"[[1, 7, 7, 1024], [], [1024], [1024], [], []]",250
swin-base,1,,aten::layer_norm,"[[1, 7, 7, 2048], [], [2048], [2048], [], []]",50
swin-base,1,,aten::lift_fresh,[[]],4950
swin-base,1,,aten::masked_fill,"[[16, 49, 49], [16, 49, 49], []]",100
swin-base,1,,aten::masked_fill,"[[4, 49, 49], [4, 49, 49], []]",900
swin-base,1,,aten::masked_fill,"[[64, 49, 49], [64, 49, 49], []]",100
swin-base,1,,aten::mul,"[[1, 32, 49, 32], []]",100
swin-base,1,,aten::mul,"[[16, 8, 49, 32], []]",100
swin-base,1,,aten::mul,"[[4, 16, 49, 32], []]",900
swin-base,1,,aten::mul,"[[64, 4, 49, 32], []]",100
swin-base,1,,aten::ne,"[[16, 49, 49], []]",50
swin-base,1,,aten::ne,"[[4, 49, 49], []]",450
swin-base,1,,aten::ne,"[[64, 49, 49], []]",50
swin-base,1,,aten::new_zeros,"[[16, 49, 256], [], [], [], [], []]",50
swin-base,1,,aten::new_zeros,"[[4, 49, 512], [], [], [], [], []]",450
swin-base,1,,aten::new_zeros,"[[64, 49, 128], [], [], [], [], []]",50
swin-base,1,,aten::pad,"[[1, 14, 14, 512], [], [], []]",950
swin-base,1,,aten::pad,"[[1, 28, 28, 256], [], [], []]",150
swin-base,1,,aten::pad,"[[1, 56, 56, 128], [], [], []]",150
swin-base,1,,aten::pad,"[[1, 7, 7, 1024], [], [], []]",100
swin-base,1,,aten::permute,"[[1, 1, 1, 7, 7, 1024], []]",100
swin-base,1,,aten::permute,"[[1, 1, 7, 1, 7, 1024], []]",100
swin-base,1,,aten::permute,"[[1, 128, 56, 56], []]",50
swin-base,1,,aten::permute,"[[1, 2, 2, 7, 7, 512], []]",900
swin-base,1,,aten::permute,"[[1, 2, 7, 2, 7, 512], []]",900
swin-base,1,,aten::permute,"[[1, 4, 4, 7, 7, 256], []]",100
swin-base,1,,aten::permute,"[[1, 4, 7, 4, 7, 256], []]",100
swin-base,1,,aten::permute,"[[1, 49, 3, 32, 32], []]",100
swin-base,1,,aten::permute,"[[1, 7, 7, 1024], []]",50
swin-base,1,,aten::permute,"[[1, 8, 7, 8, 7, 128], []]",100
swin-base,1,,aten::permute,"[[1, 8, 8, 7, 7, 128], []]",100
swin-base,1,,aten::permute,"[[16, 49, 3, 8, 32], []]",100
swin-base,1,,aten::permute,"[[2, 7, 2, 7], []]",450
swin-base,1,,aten::permute,"[[4, 49, 3, 16, 32], []]",900
swin-base,1,,aten::permute,"[[4, 7, 4, 7], []]",50
swin-base,1,,aten::permute,"[[49, 49, 16], []]",900
swin-base,1,,aten::permute,"[[49, 49, 32], []]",100
swin-base,1,,aten::permute,"[[49, 49, 4], []]",100
swin-base,1,,aten::permute,"[[49, 49, 8], []]",100
swin-base,1,,aten::permute,"[[64, 49, 3, 4, 32], []]",100
swin-base,1,,aten::permute,"[[8, 7, 8, 7], []]",50
swin-base,1,,aten::reshape,"[[1, 1, 1, 7, 7, 1024], []]",100
swin-base,1,,aten::reshape,"[[1, 1, 7, 1, 7, 1024], []]",100
swin-base,1,,aten::reshape,"[[1, 14, 14, 1024], []]",50
swin-base,1,,aten::reshape,"[[1, 14, 14, 2048], []]",900
swin-base,1,,aten::reshape,"[[1, 14, 14, 512], []]",900
swin-base,1,,aten::reshape,"[[1, 2, 2, 7, 7, 512], []]",900
swin-base,1,,aten::reshape,"[[1, 2, 7, 2, 7, 512], []]",900
swin-base,1,,aten::reshape,"[[1, 28, 28, 1024], []]",100
swin-base,1,,aten::reshape,"[[1, 28, 28, 256], []]",100
swin-base,1,,aten::reshape,"[[1, 28, 28, 512], []]",50
swin-base,1,,aten::reshape,"[[1, 32, 32, 49], []]",100
swin-base,1,,aten::reshape,"[[1, 32, 49, 32], []]",200
swin-base,1,,aten::reshape,"[[1, 32, 49, 49], []]",100
swin-base,1,,aten::reshape,"[[1, 4, 4, 7, 7, 256], []]",100
swin-base,1,,aten::reshape,"[[1, 4, 7, 4, 7, 256], []]",100
swin-base,1,,aten::reshape,"[[1, 49, 1024], []]",200
swin-base,1,,aten::reshape,"[[1, 49, 3072], []]",100
swin-base,1,,aten::reshape,"[[1, 49, 32, 32], []]",100
swin-base,1,,aten::reshape,"[[1, 56, 56, 128], []]",100
swin-base,1,,aten::reshape,"[[1, 56, 56, 512], []]",100
swin-base,1,,aten::reshape,"[[1, 7, 7, 1024], []]",100
swin-base,1,,aten::reshape,"[[1, 7, 7, 2048], []]",50
swin-base,1,,aten::reshape,"[[1, 7, 7, 4096], []]",100
swin-base,1,,aten::reshape,"[[1, 8, 7, 8, 7, 128], []]",100
swin-base,1,,aten::reshape,"[[1, 8, 8, 7, 7, 128], []]",100
swin-base,1,,aten::reshape,"[[128], []]",50
swin-base,1,,aten::reshape,"[[16, 49, 256], []]",200
swin-base,1,,aten::reshape,"[[16, 49, 768], []]",100
swin-base,1,,aten::reshape,"[[16, 49, 8, 32], []]",100
swin-base,1,,aten::reshape,"[[16, 8, 32, 49], []]",100
swin-base,1,,aten::reshape,"[[16, 8, 49, 32], []]",200
swin-base,1,,aten::reshape,"[[16, 8, 49, 49], []]",100
swin-base,1,,aten::reshape,"[[2, 2, 7, 7], []]",450
swin-base,1,,aten::reshape,"[[2401], []]",1200
swin-base,1,,aten::reshape,"[[4, 16, 32, 49], []]",900
swin-base,1,,aten::reshape,"[[4, 16, 49, 32], []]",1800
swin-base,1,,aten::reshape,"[[4, 16, 49, 49], []]",900
swin-base,1,,aten::reshape,"[[4, 4, 7, 7], []]",50
swin-base,1,,aten::reshape,"[[4, 49, 1536], []]",900
swin-base,1,,aten::reshape,"[[4, 49, 16, 32], []]",900
swin-base,1,,aten::reshape,"[[4, 49, 512], []]",1800
swin-base,1,,aten::reshape,"[[64, 4, 32, 49], []]",100
swin-base,1,,aten::reshape,"[[64, 4, 49, 32], []]",200
swin-base,1,,aten::reshape,"[[64, 4, 49, 49], []]",100
swin-base,1,,aten::reshape,"[[64, 49, 128], []]",200
swin-base,1,,aten::reshape,"[[64, 49, 384], []]",100
swin-base,1,,aten::reshape,"[[64, 49, 4, 32], []]",100
swin-base,1,,aten::reshape,"[[8, 8, 7, 7], []]",50
swin-base,1,,aten::roll,"[[1, 14, 14, 512], [], []]",2700
swin-base,1,,aten::roll,"[[1, 28, 28, 256], [], []]",300
swin-base,1,,aten::roll,"[[1, 56, 56, 128], [], []]",300
swin-base,1,,aten::select,"[[3, 1, 32, 49, 32], [], []]",300
swin-base,1,,aten::select,"[[3, 16, 8, 49, 32], [], []]",300
swin-base,1,,aten::select,"[[3, 4, 16, 49, 32], [], []]",2700
swin-base,1,,aten::select,"[[3, 64, 4, 49, 32], [], []]",300
swin-base,1,,aten::slice,"[[1, 14, 14, 256], [], [], [], []]",200
swin-base,1,,aten::slice,"[[1, 14, 14, 512], [], [], [], []]",2000
swin-base,1,,aten::slice,"[[1, 14, 28, 256], [], [], [], []]",200
swin-base,1,,aten::slice,"[[1, 28, 28, 128], [], [], [], []]",200
swin-base,1,,aten::slice,"[[1, 28, 28, 256], [], [], [], []]",400
swin-base,1,,aten::slice,"[[1, 28, 56, 128], [], [], [], []]",200
swin-base,1,,aten::slice,"[[1, 56, 56, 128], [], [], [], []]",400
swin-base,1,,aten::slice,"[[1, 7, 14, 512], [], [], [], []]",200
swin-base,1,,aten::slice,"[[1, 7, 7, 1024], [], [], [], []]",200
swin-base,1,,aten::slice,"[[1, 7, 7, 512], [], [], [], []]",200
swin-base,1,,aten::slice,"[[14, 14], [], [], [], []]",4050
swin-base,1,,aten::slice,"[[21, 28], [], [], [], []]",150
swin-base,1,,aten::slice,"[[28, 28], [], [], [], []]",450
swin-base,1,,aten::slice,"[[3, 14], [], [], [], []]",1350
swin-base,1,,aten::slice,"[[3, 28], [], [], [], []]",150
swin-base,1,,aten::slice,"[[3, 56], [], [], [], []]",150
swin-base,1,,aten::slice,"[[4, 14], [], [], [], []]",1350
swin-base,1,,aten::slice,"[[4, 28], [], [], [], []]",150
swin-base,1,,aten::slice,"[[4, 56], [], [], [], []]",150
swin-base,1,,aten::slice,"[[49, 56], [], [], [], []]",150
swin-base,1,,aten::slice,"[[56, 56], [], [], [], []]",450
swin-base,1,,aten::slice,"[[7, 14], [], [], [], []]",1350
swin-base,1,,aten::softmax,"[[1, 32, 49, 49], [], []]",100
swin-base,1,,aten::softmax,"[[16, 8, 49, 49], [], []]",100
swin-base,1,,aten::softmax,"[[4, 16, 49, 49], [], []]",900
swin-base,1,,aten::softmax,"[[64, 4, 49, 49], [], []]",100
swin-base,1,,aten::sub,"[[16, 1, 49], [16, 49, 1], []]",50
swin-base,1,,aten::sub,"[[4, 1, 49], [4, 49, 1], []]",450
swin-base,1,,aten::sub,"[[64, 1, 49], [64, 49, 1], []]",50
swin-base,1,,aten::transpose,"[[1, 32, 49, 32], [], []]",200
swin-base,1,,aten::transpose,"[[1000, 1024], [], []]",50
swin-base,1,,aten::transpose,"[[1024, 1024], [], []]",100
swin-base,1,,aten::transpose,"[[1024, 2048], [], []]",50
swin-base,1,,aten::transpose,"[[1024, 256], [], []]",100
swin-base,1,,aten::transpose,"[[1024, 4096], [], []]",100
swin-base,1,,aten::transpose,"[[128, 128], [], []]",100
swin-base,1,,aten::transpose,"[[128, 512], [], []]",100
swin-base,1,,aten::transpose,"[[1536, 512], [], []]",900
swin-base,1,,aten::transpose,"[[16, 8, 49, 32], [], []]",200
swin-base,1,,aten::transpose,"[[2048, 512], [], []]",900
swin-base,1,,aten::transpose,"[[256, 1024], [], []]",100
swin-base,1,,aten::transpose,"[[256, 256], [], []]",100
swin-base,1,,aten::transpose,"[[256, 512], [], []]",50
swin-base,1,,aten::transpose,"[[3072, 1024], [], []]",100
swin-base,1,,aten::transpose,"[[384, 128], [], []]",100
swin-base,1,,aten::transpose,"[[4, 16, 49, 32], [], []]",1800
swin-base,1,,aten::transpose,"[[4096, 1024], [], []]",100
swin-base,1,,aten::transpose,"[[512, 1024], [], []]",50
swin-base,1,,aten::transpose,"[[512, 128], [], []]",100
swin-base,1,,aten::transpose,"[[512, 2048], [], []]",900
swin-base,1,,aten::transpose,"[[512, 512], [], []]",900
swin-base,1,,aten::transpose,"[[64, 4, 49, 32], [], []]",200
swin-base,1,,aten::transpose,"[[768, 256], [], []]",100
swin-base,1,,aten::unsqueeze,"[[16, 1, 49, 49], []]",50
swin-base,1,,aten::unsqueeze,"[[16, 49, 49], []]",950
swin-base,1,,aten::unsqueeze,"[[16, 49], []]",100
swin-base,1,,aten::unsqueeze,"[[32, 49, 49], []]",100
swin-base,1,,aten::unsqueeze,"[[4, 1, 49, 49], []]",450
swin-base,1,,aten::unsqueeze,"[[4, 49, 49], []]",550
swin-base,1,,aten::unsqueeze,"[[4, 49], []]",900
swin-base,1,,aten::unsqueeze,"[[64, 1, 49, 49], []]",50
swin-base,1,,aten::unsqueeze,"[[64, 49, 49], []]",50
swin-base,1,,aten::unsqueeze,"[[64, 49], []]",100
swin-base,1,,aten::unsqueeze,"[[8, 49, 49], []]",100
swin-base,1,,aten::view,"[[1, 1, 1, 7, 7, 1024], []]",100
swin-base,1,,aten::view,"[[1, 1, 7, 1, 7, 1024], []]",100
swin-base,1,,aten::view,"[[1, 1024, 1, 1], []]",50
swin-base,1,,aten::view,"[[1, 14, 14, 1024], []]",50
swin-base,1,,aten::view,"[[1, 14, 14, 2048], []]",900
swin-base,1,,aten::view,"[[1, 14, 14, 512], []]",1800
swin-base,1,,aten::view,"[[1, 16, 8, 49, 49], []]",50
swin-base,1,,aten::view,"[[1, 28, 28, 1024], []]",100
swin-base,1,,aten::view,"[[1, 28, 28, 256], []]",200
swin-base,1,,aten::view,"[[1, 28, 28, 512], []]",50
swin-base,1,,aten::view,"[[1, 32, 49, 49], []]",100
swin-base,1,,aten::view,"[[1, 4, 16, 49, 49], []]",450
swin-base,1,,aten::view,"[[1, 49, 1024], []]",300
swin-base,1,,aten::view,"[[1, 49, 3072], []]",100
swin-base,1,,aten::view,"[[1, 56, 56, 128], []]",200
swin-base,1,,aten::view,"[[1, 56, 56, 512], []]",100
swin-base,1,,aten::view,"[[1, 64, 4, 49, 49], []]",50
swin-base,1,,aten::view,"[[1, 7, 7, 1024], []]",200
swin-base,1,,aten::view,"[[1, 7, 7, 2048], []]",50
swin-base,1,,aten::view,"[[1, 7, 7, 4096], []]",100
swin-base,1,,aten::view,"[[128], []]",50
swin-base,1,,aten::view,"[[14, 14], []]",450
swin-base,1,,aten::view,"[[16, 49, 256], []]",300
swin-base,1,,aten::view,"[[16, 49, 768], []]",100
swin-base,1,,aten::view,"[[16, 8, 49, 49], []]",150
swin-base,1,,aten::view,"[[196, 1536], []]",900
swin-base,1,,aten::view,"[[196, 2048], []]",900
swin-base,1,,aten::view,"[[196, 512], []]",1800
swin-base,1,,aten::view,"[[196], []]",3700
swin-base,1,,aten::view,"[[2401, 16], []]",900
swin-base,1,,aten::view,"[[2401, 32], []]",100
swin-base,1,,aten::view,"[[2401, 4], []]",100
swin-base,1,,aten::view,"[[2401, 8], []]",100
swin-base,1,,aten::view,"[[2401], []]",1200
swin-base,1,,aten::view,"[[28, 28], []]",50
swin-base,1,,aten::view,"[[3136, 128], []]",200
swin-base,1,,aten::view,"[[3136, 384], []]",100
swin-base,1,,aten::view,"[[3136, 512], []]",100
swin-base,1,,aten::view,"[[3136], []]",500
swin-base,1,,aten::view,"[[4, 16, 49, 49], []]",1350
swin-base,1,,aten::view,"[[4, 49, 1536], []]",900
swin-base,1,,aten::view,"[[4, 49, 512], []]",2700
swin-base,1,,aten::view,"[[49, 1024], []]",200
swin-base,1,,aten::view,"[[49, 3072], []]",100
swin-base,1,,aten::view,"[[49, 4096], []]",100
swin-base,1,,aten::view,"[[49], []]",600
swin-base,1,,aten::view,"[[56, 56], []]",50
swin-base,1,,aten::view,"[[64, 4, 49, 49], []]",150
swin-base,1,,aten::view,"[[64, 49, 128], []]",300
swin-base,1,,aten::view,"[[64, 49, 384], []]",100
swin-base,1,,aten::view,"[[784, 1024], []]",100
swin-base,1,,aten::view,"[[784, 256], []]",200
swin-base,1,,aten::view,"[[784, 768], []]",100
swin-base,1,,aten::view,"[[784], []]",500
swin-base,1,,cudadevicesynchronize,[],51
swin-base,2,,aten::adaptive_avg_pool2d,"[[2, 1024, 7, 7], []]",50
swin-base,2,,aten::add,"[[128, 4, 49, 49], [1, 4, 49, 49], []]",100
swin-base,2,,aten::add,"[[2, 14, 14, 512], [2, 14, 14, 512], []]",1800
swin-base,2,,aten::add,"[[2, 16, 8, 49, 49], [1, 16, 1, 49, 49], []]",50
swin-base,2,,aten::add,"[[2, 28, 28, 256], [2, 28, 28, 256], []]",200
swin-base,2,,aten::add,"[[2, 32, 49, 49], [1, 32, 49, 49], []]",100
swin-base,2,,aten::add,"[[2, 4, 16, 49, 49], [1, 4, 1, 49, 49], []]",450
swin-base,2,,aten::add,"[[2, 56, 56, 128], [2, 56, 56, 128], []]",200
swin-base,2,,aten::add,"[[2, 64, 4, 49, 49], [1, 64, 1, 49, 49], []]",50
swin-base,2,,aten::add,"[[2, 7, 7, 1024], [2, 7, 7, 1024], []]",200
swin-base,2,,aten::add,"[[32, 8, 49, 49], [1, 8, 49, 49], []]",100
swin-base,2,,aten::add,"[[8, 16, 49, 49], [1, 16, 49, 49], []]",900
swin-base,2,,aten::cat,"[[], []]",150
swin-base,2,,aten::contiguous,"[[16, 49, 49], []]",900
swin-base,2,,aten::contiguous,"[[2, 56, 56, 128], []]",50
swin-base,2,,aten::contiguous,"[[32, 49, 49], []]",100
swin-base,2,,aten::contiguous,"[[4, 49, 49], []]",100
swin-base,2,,aten::contiguous,"[[8, 49, 49], []]",100
swin-base,2,,aten::dropout,"[[128, 4, 49, 49], [], []]",100
swin-base,2,,aten::dropout,"[[128, 49, 128], [], []]",100
swin-base,2,,aten::dropout,"[[2, 14, 14, 2048], [], []]",900
swin-base,2,,aten::dropout,"[[2, 14, 14, 512], [], []]",900
swin-base,2,,aten::dropout,"[[2, 28, 28, 1024], [], []]",100
swin-base,2,,aten::dropout,"[[2, 28, 28, 256], [], []]",100
swin-base,2,,aten::dropout,"[[2, 32, 49, 49], [], []]",100
swin-base,2,,aten::dropout,"[[2, 49, 1024], [], []]",100
swin-base,2,,aten::dropout,"[[2, 56, 56, 128], [], []]",100
swin-base,2,,aten::dropout,"[[2, 56, 56, 512], [], []]",100
swin-base,2,,aten::dropout,"[[2, 7, 7, 1024], [], []]",100
swin-base,2,,aten::dropout,"[[2, 7, 7, 4096], [], []]",100
swin-base,2,,aten::dropout,"[[32, 49, 256], [], []]",100
swin-base,2,,aten::dropout,"[[32, 8, 49, 49], [], []]",100
swin-base,2,,aten::dropout,"[[8, 16, 49, 49], [], []]",900
swin-base,2,,aten::dropout,"[[8, 49, 512], [], []]",900
swin-base,2,,aten::eq,"[[16, 49, 49], []]",50
swin-base,2,,aten::eq,"[[4, 49, 49], []]",450
swin-base,2,,aten::eq,"[[64, 49, 49], []]",50
swin-base,2,,aten::fill_,"[[14, 14], []]",450
swin-base,2,,aten::fill_,"[[21, 21], []]",50
swin-base,2,,aten::fill_,"[[21, 3], []]",50
swin-base,2,,aten::fill_,"[[21, 4], []]",50
swin-base,2,,aten::fill_,"[[28, 28], []]",50
swin-base,2,,aten::fill_,"[[3, 21], []]",50
swin-base,2,,aten::fill_,"[[3, 3], []]",550
swin-base,2,,aten::fill_,"[[3, 49], []]",50
swin-base,2,,aten::fill_,"[[3, 4], []]",550
swin-base,2,,aten::fill_,"[[3, 7], []]",450
swin-base,2,,aten::fill_,"[[4, 21], []]",50
swin-base,2,,aten::fill_,"[[4, 3], []]",550
swin-base,2,,aten::fill_,"[[4, 49], []]",50
swin-base,2,,aten::fill_,"[[4, 4], []]",550
swin-base,2,,aten::fill_,"[[4, 7], []]",450
swin-base,2,,aten::fill_,"[[49, 3], []]",50
swin-base,2,,aten::fill_,"[[49, 49], []]",50
swin-base,2,,aten::fill_,"[[49, 4], []]",50
swin-base,2,,aten::fill_,"[[56, 56], []]",50
swin-base,2,,aten::fill_,"[[7, 3], []]",450
swin-base,2,,aten::fill_,"[[7, 4], []]",450
swin-base,2,,aten::fill_,"[[7, 7], []]",450
swin-base,2,,aten::flatten,"[[2, 1024, 1, 1], [], []]",50
swin-base,2,,aten::gelu,"[[2, 14, 14, 2048], []]",900
swin-base,2,,aten::gelu,"[[2, 28, 28, 1024], []]",100
swin-base,2,,aten::gelu,"[[2, 56, 56, 512], []]",100
swin-base,2,,aten::gelu,"[[2, 7, 7, 4096], []]",100
swin-base,2,,aten::index,"[[169, 16], []]",900
swin-base,2,,aten::index,"[[169, 32], []]",100
swin-base,2,,aten::index,"[[169, 4], []]",100
swin-base,2,,aten::index,"[[169, 8], []]",100
swin-base,2,,aten::layer_norm,"[[2, 14, 14, 1024], [], [1024], [1024], [], []]",50
swin-base,2,,aten::layer_norm,"[[2, 14, 14, 512], [], [512], [512], [], []]",1800
swin-base,2,,aten::layer_norm,"[[2, 28, 28, 256], [], [256], [256], [], []]",200
swin-base,2,,aten::layer_norm,"[[2, 28, 28, 512], [], [512], [512], [], []]",50
swin-base,2,,aten::layer_norm,"[[2, 56, 56, 128], [], [128], [128], [], []]",250
swin-base,2,,aten::layer_norm,"[[2, 7, 7, 1024], [], [1024], [1024], [], []]",250
swin-base,2,,aten::layer_norm,"[[2, 7, 7, 2048], [], [2048], [2048], [], []]",50
swin-base,2,,aten::lift_fresh,[[]],4950
swin-base,2,,aten::masked_fill,"[[16, 49, 49], [16, 49, 49], []]",100
swin-base,2,,aten::masked_fill,"[[4, 49, 49], [4, 49, 49], []]",900
swin-base,2,,aten::masked_fill,"[[64, 49, 49], [64, 49, 49], []]",100
swin-base,2,,aten::mul,"[[128, 4, 49, 32], []]",100
swin-base,2,,aten::mul,"[[2, 32, 49, 32], []]",100
swin-base,2,,aten::mul,"[[32, 8, 49, 32], []]",100
swin-base,2,,aten::mul,"[[8, 16, 49, 32], []]",900
swin-base,2,,aten::ne,"[[16, 49, 49], []]",50
swin-base,2,,aten::ne,"[[4, 49, 49], []]",450
swin-base,2,,aten::ne,"[[64, 49, 49], []]",50
swin-base,2,,aten::new_zeros,"[[128, 49, 128], [], [], [], [], []]",50
swin-base,2,,aten::new_zeros,"[[32, 49, 256], [], [], [], [], []]",50
swin-base,2,,aten::new_zeros,"[[8, 49, 512], [], [], [], [], []]",450
swin-base,2,,aten::pad,"[[2, 14, 14, 512], [], [], []]",950
swin-base,2,,aten::pad,"[[2, 28, 28, 256], [], [], []]",150
swin-base,2,,aten::pad,"[[2, 56, 56, 128], [], [], []]",150
swin-base,2,,aten::pad,"[[2, 7, 7, 1024], [], [], []]",100
swin-base,2,,aten::permute,"[[128, 49, 3, 4, 32], []]",100
swin-base,2,,aten::permute,"[[2, 1, 1, 7, 7, 1024], []]",100
swin-base,2,,aten::permute,"[[2, 1, 7, 1, 7, 1024], []]",100
swin-base,2,,aten::permute,"[[2, 128, 56, 56], []]",50
swin-base,2,,aten::permute,"[[2, 2, 2, 7, 7, 512], []]",900
swin-base,2,,aten::permute,"[[2, 2, 7, 2, 7, 512], []]",900
swin-base,2,,aten::permute,"[[2, 4, 4, 7, 7, 256], []]",100
swin-base,2,,aten::permute,"[[2, 4, 7, 4, 7, 256], []]",100
swin-base,2,,aten::permute,"[[2, 49, 3, 32, 32], []]",100
swin-base,2,,aten::permute,"[[2, 7, 2, 7], []]",450
swin-base,2,,aten::permute,"[[2, 7, 7, 1024], []]",50
swin-base,2,,aten::permute,"[[2, 8, 7, 8, 7, 128], []]",100
swin-base,2,,aten::permute,"[[2, 8, 8, 7, 7, 128], []]",100
swin-base,2,,aten::permute,"[[32, 49, 3, 8, 32], []]",100
swin-base,2,,aten::permute,"[[4, 7, 4, 7], []]",50
swin-base,2,,aten::permute,"[[49, 49, 16], []]",900
swin-base,2,,aten::permute,"[[49, 49, 32], []]",100
swin-base,2,,aten::permute,"[[49, 49, 4], []]",100
swin-base,2,,aten::permute,"[[49, 49, 8], []]",100
swin-base,2,,aten::permute,"[[8, 49, 3, 16, 32], []]",900
swin-base,2,,aten::permute,"[[8, 7, 8, 7], []]",50
swin-base,2,,aten::reshape,"[[128, 4, 32, 49], []]",100
swin-base,2,,aten::reshape,"[[128, 4, 49, 32], []]",200
swin-base,2,,aten::reshape,"[[128, 4, 49, 49], []]",100
swin-base,2,,aten::reshape,"[[128, 49, 128], []]",200
swin-base,2,,aten::reshape,"[[128, 49, 384], []]",100
swin-base,2,,aten::reshape,"[[128, 49, 4, 32], []]",100
swin-base,2,,aten::reshape,"[[128], []]",50
swin-base,2,,aten::reshape,"[[2, 1, 1, 7, 7, 1024], []]",100
swin-base,2,,aten::reshape,"[[2, 1, 7, 1, 7, 1024], []]",100
swin-base,2,,aten::reshape,"[[2, 14, 14, 1024], []]",50
swin-base,2,,aten::reshape,"[[2, 14, 14, 2048], []]",900
swin-base,2,,aten::reshape,"[[2, 14, 14, 512], []]",900
swin-base,2,,aten::reshape,"[[2, 2, 2, 7, 7, 512], []]",900
swin-base,2,,aten::reshape,"[[2, 2, 7, 2, 7, 512], []]",900
swin-base,2,,aten::reshape,"[[2, 2, 7, 7], []]",450
swin-base,2,,aten::reshape,"[[2, 28, 28, 1024], []]",100
swin-base,2,,aten::reshape,"[[2, 28, 28, 256], []]",100
swin-base,2,,aten::reshape,"[[2, 28, 28, 512], []]",50
swin-base,2,,aten::reshape,"[[2, 32, 32, 49], []]",100
swin-base,2,,aten::reshape,"[[2, 32, 49, 32], []]",200
swin-base,2,,aten::reshape,"[[2, 32, 49, 49], []]",100
swin-base,2,,aten::reshape,"[[2, 4, 4, 7, 7, 256], []]",100
swin-base,2,,aten::reshape,"[[2, 4, 7, 4, 7, 256], []]",100
swin-base,2,,aten::reshape,"[[2, 49, 1024], []]",200
swin-base,2,,aten::reshape,"[[2, 49, 3072], []]",100
swin-base,2,,aten::reshape,"[[2, 49, 32, 32], []]",100
swin-base,2,,aten::reshape,"[[2, 56, 56, 128], []]",100
swin-base,2,,aten::reshape,"[[2, 56, 56, 512], []]",100
swin-base,2,,aten::reshape,"[[2, 7, 7, 1024], []]",100
swin-base,2,,aten::reshape,"[[2, 7, 7, 2048], []]",50
swin-base,2,,aten::reshape,"[[2, 7, 7, 4096], []]",100
swin-base,2,,aten::reshape,"[[2, 8, 7, 8, 7, 128], []]",100
swin-base,2,,aten::reshape,"[[2, 8, 8, 7, 7, 128], []]",100
swin-base,2,,aten::reshape,"[[2401], []]",1200
swin-base,2,,aten::reshape,"[[32, 49, 256], []]",200
swin-base,2,,aten::reshape,"[[32, 49, 768], []]",100
swin-base,2,,aten::reshape,"[[32, 49, 8, 32], []]",100
swin-base,2,,aten::reshape,"[[32, 8, 32, 49], []]",100
swin-base,2,,aten::reshape,"[[32, 8, 49, 32], []]",200
swin-base,2,,aten::reshape,"[[32, 8, 49, 49], []]",100
swin-base,2,,aten::reshape,"[[4, 4, 7, 7], []]",50
swin-base,2,,aten::reshape,"[[8, 16, 32, 49], []]",900
swin-base,2,,aten::reshape,"[[8, 16, 49, 32], []]",1800
swin-base,2,,aten::reshape,"[[8, 16, 49, 49], []]",900
swin-base,2,,aten::reshape,"[[8, 49, 1536], []]",900
swin-base,2,,aten::reshape,"[[8, 49, 16, 32], []]",900
swin-base,2,,aten::reshape,"[[8, 49, 512], []]",1800
swin-base,2,,aten::reshape,"[[8, 8, 7, 7], []]",50
swin-base,2,,aten::roll,"[[2, 14, 14, 512], [], []]",2700
swin-base,2,,aten::roll,"[[2, 28, 28, 256], [], []]",300
swin-base,2,,aten::roll,"[[2, 56, 56, 128], [], []]",300
swin-base,2,,aten::select,"[[3, 128, 4, 49, 32], [], []]",300
swin-base,2,,aten::select,"[[3, 2, 32, 49, 32], [], []]",300
swin-base,2,,aten::select,"[[3, 32, 8, 49, 32], [], []]",300
swin-base,2,,aten::select,"[[3, 8, 16, 49, 32], [], []]",2700
swin-base,2,,aten::slice,"[[14, 14], [], [], [], []]",4050
swin-base,2,,aten::slice,"[[2, 14, 14, 256], [], [], [], []]",200
swin-base,2,,aten::slice,"[[2, 14, 14, 512], [], [], [], []]",2000
swin-base,2,,aten::slice,"[[2, 14, 28, 256], [], [], [], []]",200
swin-base,2,,aten::slice,"[[2, 28, 28, 128], [], [], [], []]",200
swin-base,2,,aten::slice,"[[2, 28, 28, 256], [], [], [], []]",400
swin-base,2,,aten::slice,"[[2, 28, 56, 128], [], [], [], []]",200
swin-base,2,,aten::slice,"[[2, 56, 56, 128], [], [], [], []]",400
swin-base,2,,aten::slice,"[[2, 7, 14, 512], [], [], [], []]",200
swin-base,2,,aten::slice,"[[2, 7, 7, 1024], [], [], [], []]",200
swin-base,2,,aten::slice,"[[2, 7, 7, 512], [], [], [], []]",200
swin-base,2,,aten::slice,"[[21, 28], [], [], [], []]",150
swin-base,2,,aten::slice,"[[28, 28], [], [], [], []]",450
swin-base,2,,aten::slice,"[[3, 14], [], [], [], []]",1350
swin-base,2,,aten::slice,"[[3, 28], [], [], [], []]",150
swin-base,2,,aten::slice,"[[3, 56], [], [], [], []]",150
swin-base,2,,aten::slice,"[[4, 14], [], [], [], []]",1350
swin-base,2,,aten::slice,"[[4, 28], [], [], [], []]",150
swin-base,2,,aten::slice,"[[4, 56], [], [], [], []]",150
swin-base,2,,aten::slice,"[[49, 56], [], [], [], []]",150
swin-base,2,,aten::slice,"[[56, 56], [], [], [], []]",450
swin-base,2,,aten::slice,"[[7, 14], [], [], [], []]",1350
swin-base,2,,aten::softmax,"[[128, 4, 49, 49], [], []]",100
swin-base,2,,aten::softmax,"[[2, 32, 49, 49], [], []]",100
swin-base,2,,aten::softmax,"[[32, 8, 49, 49], [], []]",100
swin-base,2,,aten::softmax,"[[8, 16, 49, 49], [], []]",900
swin-base,2,,aten::sub,"[[16, 1, 49], [16, 49, 1], []]",50
swin-base,2,,aten::sub,"[[4, 1, 49], [4, 49, 1], []]",450
swin-base,2,,aten::sub,"[[64, 1, 49], [64, 49, 1], []]",50
swin-base,2,,aten::transpose,"[[1000, 1024], [], []]",50
swin-base,2,,aten::transpose,"[[1024, 1024], [], []]",100
swin-base,2,,aten::transpose,"[[1024, 2048], [], []]",50
swin-base,2,,aten::transpose,"[[1024, 256], [], []]",100
swin-base,2,,aten::transpose,"[[1024, 4096], [], []]",100
swin-base,2,,aten::transpose,"[[128, 128], [], []]",100
swin-base,2,,aten::transpose,"[[128, 4, 49, 32], [], []]",200
swin-base,2,,aten::transpose,"[[128, 512], [], []]",100
swin-base,2,,aten::transpose,"[[1536, 512], [], []]",900
swin-base,2,,aten::transpose,"[[2, 32, 49, 32], [], []]",200
swin-base,2,,aten::transpose,"[[2048, 512], [], []]",900
swin-base,2,,aten::transpose,"[[256, 1024], [], []]",100
swin-base,2,,aten::transpose,"[[256, 256], [], []]",100
swin-base,2,,aten::transpose,"[[256, 512], [], []]",50
swin-base,2,,aten::transpose,"[[3072, 1024], [], []]",100
swin-base,2,,aten::transpose,"[[32, 8, 49, 32], [], []]",200
swin-base,2,,aten::transpose,"[[384, 128], [], []]",100
swin-base,2,,aten::transpose,"[[4096, 1024], [], []]",100
swin-base,2,,aten::transpose,"[[512, 1024], [], []]",50
swin-base,2,,aten::transpose,"[[512, 128], [], []]",100
swin-base,2,,aten::transpose,"[[512, 2048], [], []]",900
swin-base,2,,aten::transpose,"[[512, 512], [], []]",900
swin-base,2,,aten::transpose,"[[768, 256], [], []]",100
swin-base,2,,aten::transpose,"[[8, 16, 49, 32], [], []]",1800
swin-base,2,,aten::unsqueeze,"[[16, 1, 49, 49], []]",50
swin-base,2,,aten::unsqueeze,"[[16, 49, 49], []]",950
swin-base,2,,aten::unsqueeze,"[[16, 49], []]",100
swin-base,2,,aten::unsqueeze,"[[32, 49, 49], []]",100
swin-base,2,,aten::unsqueeze,"[[4, 1, 49, 49], []]",450
swin-base,2,,aten::unsqueeze,"[[4, 49, 49], []]",550
swin-base,2,,aten::unsqueeze,"[[4, 49], []]",900
swin-base,2,,aten::unsqueeze,"[[64, 1, 49, 49], []]",50
swin-base,2,,aten::unsqueeze,"[[64, 49, 49], []]",50
swin-base,2,,aten::unsqueeze,"[[64, 49], []]",100
swin-base,2,,aten::unsqueeze,"[[8, 49, 49], []]",100
swin-base,2,,aten::view,"[[128, 4, 49, 49], []]",150
swin-base,2,,aten::view,"[[128, 49, 128], []]",300
swin-base,2,,aten::view,"[[128, 49, 384], []]",100
swin-base,2,,aten::view,"[[128], []]",50
swin-base,2,,aten::view,"[[14, 14], []]",450
swin-base,2,,aten::view,"[[1568, 1024], []]",100
swin-base,2,,aten::view,"[[1568, 256], []]",200
swin-base,2,,aten::view,"[[1568, 768], []]",100
swin-base,2,,aten::view,"[[1568], []]",500
swin-base,2,,aten::view,"[[2, 1, 1, 7, 7, 1024], []]",100
swin-base,2,,aten::view,"[[2, 1, 7, 1, 7, 1024], []]",100
swin-base,2,,aten::view,"[[2, 1024, 1, 1], []]",50
swin-base,2,,aten::view,"[[2, 14, 14, 1024], []]",50
swin-base,2,,aten::view,"[[2, 14, 14, 2048], []]",900
swin-base,2,,aten::view,"[[2, 14, 14, 512], []]",1800
swin-base,2,,aten::view,"[[2, 16, 8, 49, 49], []]",50
swin-base,2,,aten::view,"[[2, 28, 28, 1024], []]",100
swin-base,2,,aten::view,"[[2, 28, 28, 256], []]",200
swin-base,2,,aten::view,"[[2, 28, 28, 512], []]",50
swin-base,2,,aten::view,"[[2, 32, 49, 49], []]",100
swin-base,2,,aten::view,"[[2, 4, 16, 49, 49], []]",450
swin-base,2,,aten::view,"[[2, 49, 1024], []]",300
swin-base,2,,aten::view,"[[2, 49, 3072], []]",100
swin-base,2,,aten::view,"[[2, 56, 56, 128], []]",200
swin-base,2,,aten::view,"[[2, 56, 56, 512], []]",100
swin-base,2,,aten::view,"[[2, 64, 4, 49, 49], []]",50
swin-base,2,,aten::view,"[[2, 7, 7, 1024], []]",200
swin-base,2,,aten::view,"[[2, 7, 7, 2048], []]",50
swin-base,2,,aten::view,"[[2, 7, 7, 4096], []]",100
swin-base,2,,aten::view,"[[2401, 16], []]",900
swin-base,2,,aten::view,"[[2401, 32], []]",100
swin-base,2,,aten::view,"[[2401, 4], []]",100
swin-base,2,,aten::view,"[[2401, 8], []]",100
swin-base,2,,aten::view,"[[2401], []]",1200
swin-base,2,,aten::view,"[[28, 28], []]",50
swin-base,2,,aten::view,"[[32, 49, 256], []]",300
swin-base,2,,aten::view,"[[32, 49, 768], []]",100
swin-base,2,,aten::view,"[[32, 8, 49, 49], []]",150
swin-base,2,,aten::view,"[[392, 1536], []]",900
swin-base,2,,aten::view,"[[392, 2048], []]",900
swin-base,2,,aten::view,"[[392, 512], []]",1800
swin-base,2,,aten::view,"[[392], []]",3700
swin-base,2,,aten::view,"[[56, 56], []]",50
swin-base,2,,aten::view,"[[6272, 128], []]",200
swin-base,2,,aten::view,"[[6272, 384], []]",100
swin-base,2,,aten::view,"[[6272, 512], []]",100
swin-base,2,,aten::view,"[[6272], []]",500
swin-base,2,,aten::view,"[[8, 16, 49, 49], []]",1350
swin-base,2,,aten::view,"[[8, 49, 1536], []]",900
swin-base,2,,aten::view,"[[8, 49, 512], []]",2700
swin-base,2,,aten::view,"[[98, 1024], []]",200
swin-base,2,,aten::view,"[[98, 3072], []]",100
swin-base,2,,aten::view,"[[98, 4096], []]",100
swin-base,2,,aten::view,"[[98], []]",600
swin-base,2,,cudadevicesynchronize,[],51
swin-base,4,,aten::adaptive_avg_pool2d,"[[4, 1024, 7, 7], []]",50
swin-base,4,,aten::add,"[[16, 16, 49, 49], [1, 16, 49, 49], []]",900
swin-base,4,,aten::add,"[[256, 4, 49, 49], [1, 4, 49, 49], []]",100
swin-base,4,,aten::add,"[[4, 14, 14, 512], [4, 14, 14, 512], []]",1800
swin-base,4,,aten::add,"[[4, 16, 8, 49, 49], [1, 16, 1, 49, 49], []]",50
swin-base,4,,aten::add,"[[4, 28, 28, 256], [4, 28, 28, 256], []]",200
swin-base,4,,aten::add,"[[4, 32, 49, 49], [1, 32, 49, 49], []]",100
swin-base,4,,aten::add,"[[4, 4, 16, 49, 49], [1, 4, 1, 49, 49], []]",450
swin-base,4,,aten::add,"[[4, 56, 56, 128], [4, 56, 56, 128], []]",200
swin-base,4,,aten::add,"[[4, 64, 4, 49, 49], [1, 64, 1, 49, 49], []]",50
swin-base,4,,aten::add,"[[4, 7, 7, 1024], [4, 7, 7, 1024], []]",200
swin-base,4,,aten::add,"[[64, 8, 49, 49], [1, 8, 49, 49], []]",100
swin-base,4,,aten::cat,"[[], []]",150
swin-base,4,,aten::contiguous,"[[16, 49, 49], []]",900
swin-base,4,,aten::contiguous,"[[32, 49, 49], []]",100
swin-base,4,,aten::contiguous,"[[4, 49, 49], []]",100
swin-base,4,,aten::contiguous,"[[4, 56, 56, 128], []]",50
swin-base,4,,aten::contiguous,"[[8, 49, 49], []]",100
swin-base,4,,aten::dropout,"[[16, 16, 49, 49], [], []]",900
swin-base,4,,aten::dropout,"[[16, 49, 512], [], []]",900
swin-base,4,,aten::dropout,"[[256, 4, 49, 49], [], []]",100
swin-base,4,,aten::dropout,"[[256, 49, 128], [], []]",100
swin-base,4,,aten::dropout,"[[4, 14, 14, 2048], [], []]",900
swin-base,4,,aten::dropout,"[[4, 14, 14, 512], [], []]",900
swin-base,4,,aten::dropout,"[[4, 28, 28, 1024], [], []]",100
swin-base,4,,aten::dropout,"[[4, 28, 28, 256], [], []]",100
swin-base,4,,aten::dropout,"[[4, 32, 49, 49], [], []]",100
swin-base,4,,aten::dropout,"[[4, 49, 1024], [], []]",100
swin-base,4,,aten::dropout,"[[4, 56, 56, 128], [], []]",100
swin-base,4,,aten::dropout,"[[4, 56, 56, 512], [], []]",100
swin-base,4,,aten::dropout,"[[4, 7, 7, 1024], [], []]",100
swin-base,4,,aten::dropout,"[[4, 7, 7, 4096], [], []]",100
swin-base,4,,aten::dropout,"[[64, 49, 256], [], []]",100
swin-base,4,,aten::dropout,"[[64, 8, 49, 49], [], []]",100
swin-base,4,,aten::eq,"[[16, 49, 49], []]",50
swin-base,4,,aten::eq,"[[4, 49, 49], []]",450
swin-base,4,,aten::eq,"[[64, 49, 49], []]",50
swin-base,4,,aten::fill_,"[[14, 14], []]",450
swin-base,4,,aten::fill_,"[[21, 21], []]",50
swin-base,4,,aten::fill_,"[[21, 3], []]",50
swin-base,4,,aten::fill_,"[[21, 4], []]",50
swin-base,4,,aten::fill_,"[[28, 28], []]",50
swin-base,4,,aten::fill_,"[[3, 21], []]",50
swin-base,4,,aten::fill_,"[[3, 3], []]",550
swin-base,4,,aten::fill_,"[[3, 49], []]",50
swin-base,4,,aten::fill_,"[[3, 4], []]",550
swin-base,4,,aten::fill_,"[[3, 7], []]",450
swin-base,4,,aten::fill_,"[[4, 21], []]",50
swin-base,4,,aten::fill_,"[[4, 3], []]",550
swin-base,4,,aten::fill_,"[[4, 49], []]",50
swin-base,4,,aten::fill_,"[[4, 4], []]",550
swin-base,4,,aten::fill_,"[[4, 7], []]",450
swin-base,4,,aten::fill_,"[[49, 3], []]",50
swin-base,4,,aten::fill_,"[[49, 49], []]",50
swin-base,4,,aten::fill_,"[[49, 4], []]",50
swin-base,4,,aten::fill_,"[[56, 56], []]",50
swin-base,4,,aten::fill_,"[[7, 3], []]",450
swin-base,4,,aten::fill_,"[[7, 4], []]",450
swin-base,4,,aten::fill_,"[[7, 7], []]",450
swin-base,4,,aten::flatten,"[[4, 1024, 1, 1], [], []]",50
swin-base,4,,aten::gelu,"[[4, 14, 14, 2048], []]",900
swin-base,4,,aten::gelu,"[[4, 28, 28, 1024], []]",100
swin-base,4,,aten::gelu,"[[4, 56, 56, 512], []]",100
swin-base,4,,aten::gelu,"[[4, 7, 7, 4096], []]",100
swin-base,4,,aten::index,"[[169, 16], []]",900
swin-base,4,,aten::index,"[[169, 32], []]",100
swin-base,4,,aten::index,"[[169, 4], []]",100
swin-base,4,,aten::index,"[[169, 8], []]",100
swin-base,4,,aten::layer_norm,"[[4, 14, 14, 1024], [], [1024], [1024], [], []]",50
swin-base,4,,aten::layer_norm,"[[4, 14, 14, 512], [], [512], [512], [], []]",1800
swin-base,4,,aten::layer_norm,"[[4, 28, 28, 256], [], [256], [256], [], []]",200
swin-base,4,,aten::layer_norm,"[[4, 28, 28, 512], [], [512], [512], [], []]",50
swin-base,4,,aten::layer_norm,"[[4, 56, 56, 128], [], [128], [128], [], []]",250
swin-base,4,,aten::layer_norm,"[[4, 7, 7, 1024], [], [1024], [1024], [], []]",250
swin-base,4,,aten::layer_norm,"[[4, 7, 7, 2048], [], [2048], [2048], [], []]",50
swin-base,4,,aten::lift_fresh,[[]],4950
swin-base,4,,aten::masked_fill,"[[16, 49, 49], [16, 49, 49], []]",100
swin-base,4,,aten::masked_fill,"[[4, 49, 49], [4, 49, 49], []]",900
swin-base,4,,aten::masked_fill,"[[64, 49, 49], [64, 49, 49], []]",100
swin-base,4,,aten::mul,"[[16, 16, 49, 32], []]",900
swin-base,4,,aten::mul,"[[256, 4, 49, 32], []]",100
swin-base,4,,aten::mul,"[[4, 32, 49, 32], []]",100
swin-base,4,,aten::mul,"[[64, 8, 49, 32], []]",100
swin-base,4,,aten::ne,"[[16, 49, 49], []]",50
swin-base,4,,aten::ne,"[[4, 49, 49], []]",450
swin-base,4,,aten::ne,"[[64, 49, 49], []]",50
swin-base,4,,aten::new_zeros,"[[16, 49, 512], [], [], [], [], []]",450
swin-base,4,,aten::new_zeros,"[[256, 49, 128], [], [], [], [], []]",50
swin-base,4,,aten::new_zeros,"[[64, 49, 256], [], [], [], [], []]",50
swin-base,4,,aten::pad,"[[4, 14, 14, 512], [], [], []]",950
swin-base,4,,aten::pad,"[[4, 28, 28, 256], [], [], []]",150
swin-base,4,,aten::pad,"[[4, 56, 56, 128], [], [], []]",150
swin-base,4,,aten::pad,"[[4, 7, 7, 1024], [], [], []]",100
swin-base,4,,aten::permute,"[[16, 49, 3, 16, 32], []]",900
swin-base,4,,aten::permute,"[[2, 7, 2, 7], []]",450
swin-base,4,,aten::permute,"[[256, 49, 3, 4, 32], []]",100
swin-base,4,,aten::permute,"[[4, 1, 1, 7, 7, 1024], []]",100
swin-base,4,,aten::permute,"[[4, 1, 7, 1, 7, 1024], []]",100
swin-base,4,,aten::permute,"[[4, 128, 56, 56], []]",50
swin-base,4,,aten::permute,"[[4, 2, 2, 7, 7, 512], []]",900
swin-base,4,,aten::permute,"[[4, 2, 7, 2, 7, 512], []]",900
swin-base,4,,aten::permute,"[[4, 4, 4, 7, 7, 256], []]",100
swin-base,4,,aten::permute,"[[4, 4, 7, 4, 7, 256], []]",100
swin-base,4,,aten::permute,"[[4, 49, 3, 32, 32], []]",100
swin-base,4,,aten::permute,"[[4, 7, 4, 7], []]",50
swin-base,4,,aten::permute,"[[4, 7, 7, 1024], []]",50
swin-base,4,,aten::permute,"[[4, 8, 7, 8, 7, 128], []]",100
swin-base,4,,aten::permute,"[[4, 8, 8, 7, 7, 128], []]",100
swin-base,4,,aten::permute,"[[49, 49, 16], []]",900
swin-base,4,,aten::permute,"[[49, 49, 32], []]",100
swin-base,4,,aten::permute,"[[49, 49, 4], []]",100
swin-base,4,,aten::permute,"[[49, 49, 8], []]",100
swin-base,4,,aten::permute,"[[64, 49, 3, 8, 32], []]",100
swin-base,4,,aten::permute,"[[8, 7, 8, 7], []]",50
swin-base,4,,aten::reshape,"[[128], []]",50
swin-base,4,,aten::reshape,"[[16, 16, 32, 49], []]",900
swin-base,4,,aten::reshape,"[[16, 16, 49, 32], []]",1800
swin-base,4,,aten::reshape,"[[16, 16, 49, 49], []]",900
swin-base,4,,aten::reshape,"[[16, 49, 1536], []]",900
swin-base,4,,aten::reshape,"[[16, 49, 16, 32], []]",900
swin-base,4,,aten::reshape,"[[16, 49, 512], []]",1800
swin-base,4,,aten::reshape,"[[2, 2, 7, 7], []]",450
swin-base,4,,aten::reshape,"[[2401], []]",1200
swin-base,4,,aten::reshape,"[[256, 4, 32, 49], []]",100
swin-base,4,,aten::reshape,"[[256, 4, 49, 32], []]",200
swin-base,4,,aten::reshape,"[[256, 4, 49, 49], []]",100
swin-base,4,,aten::reshape,"[[256, 49, 128], []]",200
swin-base,4,,aten::reshape,"[[256, 49, 384], []]",100
swin-base,4,,aten::reshape,"[[256, 49, 4, 32], []]",100
swin-base,4,,aten::reshape,"[[4, 1, 1, 7, 7, 1024], []]",100
swin-base,4,,aten::reshape,"[[4, 1, 7, 1, 7, 1024], []]",100
swin-base,4,,aten::reshape,"[[4, 14, 14, 1024], []]",50
swin-base,4,,aten::reshape,"[[4, 14, 14, 2048], []]",900
swin-base,4,,aten::reshape,"[[4, 14, 14, 512], []]",900
swin-base,4,,aten::reshape,"[[4, 2, 2, 7, 7, 512], []]",900
swin-base,4,,aten::reshape,"[[4, 2, 7, 2, 7, 512], []]",900
swin-base,4,,aten::reshape,"[[4, 28, 28, 1024], []]",100
swin-base,4,,aten::reshape,"[[4, 28, 28, 256], []]",100
swin-base,4,,aten::reshape,"[[4, 28, 28, 512], []]",50
swin-base,4,,aten::reshape,"[[4, 32, 32, 49], []]",100
swin-base,4,,aten::reshape,"[[4, 32, 49, 32], []]",200
swin-base,4,,aten::reshape,"[[4, 32, 49, 49], []]",100
swin-base,4,,aten::reshape,"[[4, 4, 4, 7, 7, 256], []]",100
swin-base,4,,aten::reshape,"[[4, 4, 7, 4, 7, 256], []]",100
swin-base,4,,aten::reshape,"[[4, 4, 7, 7], []]",50
swin-base,4,,aten::reshape,"[[4, 49, 1024], []]",200
swin-base,4,,aten::reshape,"[[4, 49, 3072], []]",100
swin-base,4,,aten::reshape,"[[4, 49, 32, 32], []]",100
swin-base,4,,aten::reshape,"[[4, 56, 56, 128], []]",100
swin-base,4,,aten::reshape,"[[4, 56, 56, 512], []]",100
swin-base,4,,aten::reshape,"[[4, 7, 7, 1024], []]",100
swin-base,4,,aten::reshape,"[[4, 7, 7, 2048], []]",50
swin-base,4,,aten::reshape,"[[4, 7, 7, 4096], []]",100
swin-base,4,,aten::reshape,"[[4, 8, 7, 8, 7, 128], []]",100
swin-base,4,,aten::reshape,"[[4, 8, 8, 7, 7, 128], []]",100
swin-base,4,,aten::reshape,"[[64, 49, 256], []]",200
swin-base,4,,aten::reshape,"[[64, 49, 768], []]",100
swin-base,4,,aten::reshape,"[[64, 49, 8, 32], []]",100
swin-base,4,,aten::reshape,"[[64, 8, 32, 49], []]",100
swin-base,4,,aten::reshape,"[[64, 8, 49, 32], []]",200
swin-base,4,,aten::reshape,"[[64, 8, 49, 49], []]",100
swin-base,4,,aten::reshape,"[[8, 8, 7, 7], []]",50
swin-base,4,,aten::roll,"[[4, 14, 14, 512], [], []]",2700
swin-base,4,,aten::roll,"[[4, 28, 28, 256], [], []]",300
swin-base,4,,aten::roll,"[[4, 56, 56, 128], [], []]",300
swin-base,4,,aten::select,"[[3, 16, 16, 49, 32], [], []]",2700
swin-base,4,,aten::select,"[[3, 256, 4, 49, 32], [], []]",300
swin-base,4,,aten::select,"[[3, 4, 32, 49, 32], [], []]",300
swin-base,4,,aten::select,"[[3, 64, 8, 49, 32], [], []]",300
swin-base,4,,aten::slice,"[[14, 14], [], [], [], []]",4050
swin-base,4,,aten::slice,"[[21, 28], [], [], [], []]",150
swin-base,4,,aten::slice,"[[28, 28], [], [], [], []]",450
swin-base,4,,aten::slice,"[[3, 14], [], [], [], []]",1350
swin-base,4,,aten::slice,"[[3, 28], [], [], [], []]",150
swin-base,4,,aten::slice,"[[3, 56], [], [], [], []]",150
swin-base,4,,aten::slice,"[[4, 14, 14, 256], [], [], [], []]",200
swin-base,4,,aten::slice,"[[4, 14, 14, 512], [], [], [], []]",2000
swin-base,4,,aten::slice,"[[4, 14, 28, 256], [], [], [], []]",200
swin-base,4,,aten::slice,"[[4, 14], [], [], [], []]",1350
swin-base,4,,aten::slice,"[[4, 28, 28, 128], [], [], [], []]",200
swin-base,4,,aten::slice,"[[4, 28, 28, 256], [], [], [], []]",400
swin-base,4,,aten::slice,"[[4, 28, 56, 128], [], [], [], []]",200
swin-base,4,,aten::slice,"[[4, 28], [], [], [], []]",150
swin-base,4,,aten::slice,"[[4, 56, 56, 128], [], [], [], []]",400
swin-base,4,,aten::slice,"[[4, 56], [], [], [], []]",150
swin-base,4,,aten::slice,"[[4, 7, 14, 512], [], [], [], []]",200
swin-base,4,,aten::slice,"[[4, 7, 7, 1024], [], [], [], []]",200
swin-base,4,,aten::slice,"[[4, 7, 7, 512], [], [], [], []]",200
swin-base,4,,aten::slice,"[[49, 56], [], [], [], []]",150
swin-base,4,,aten::slice,"[[56, 56], [], [], [], []]",450
swin-base,4,,aten::slice,"[[7, 14], [], [], [], []]",1350
swin-base,4,,aten::softmax,"[[16, 16, 49, 49], [], []]",900
swin-base,4,,aten::softmax,"[[256, 4, 49, 49], [], []]",100
swin-base,4,,aten::softmax,"[[4, 32, 49, 49], [], []]",100
swin-base,4,,aten::softmax,"[[64, 8, 49, 49], [], []]",100
swin-base,4,,aten::sub,"[[16, 1, 49], [16, 49, 1], []]",50
swin-base,4,,aten::sub,"[[4, 1, 49], [4, 49, 1], []]",450
swin-base,4,,aten::sub,"[[64, 1, 49], [64, 49, 1], []]",50
swin-base,4,,aten::transpose,"[[1000, 1024], [], []]",50
swin-base,4,,aten::transpose,"[[1024, 1024], [], []]",100
swin-base,4,,aten::transpose,"[[1024, 2048], [], []]",50
swin-base,4,,aten::transpose,"[[1024, 256], [], []]",100
swin-base,4,,aten::transpose,"[[1024, 4096], [], []]",100
swin-base,4,,aten::transpose,"[[128, 128], [], []]",100
swin-base,4,,aten::transpose,"[[128, 512], [], []]",100
swin-base,4,,aten::transpose,"[[1536, 512], [], []]",900
swin-base,4,,aten::transpose,"[[16, 16, 49, 32], [], []]",1800
swin-base,4,,aten::transpose,"[[2048, 512], [], []]",900
swin-base,4,,aten::transpose,"[[256, 1024], [], []]",100
swin-base,4,,aten::transpose,"[[256, 256], [], []]",100
swin-base,4,,aten::transpose,"[[256, 4, 49, 32], [], []]",200
swin-base,4,,aten::transpose,"[[256, 512], [], []]",50
swin-base,4,,aten::transpose,"[[3072, 1024], [], []]",100
swin-base,4,,aten::transpose,"[[384, 128], [], []]",100
swin-base,4,,aten::transpose,"[[4, 32, 49, 32], [], []]",200
swin-base,4,,aten::transpose,"[[4096, 1024], [], []]",100
swin-base,4,,aten::transpose,"[[512, 1024], [], []]",50
swin-base,4,,aten::transpose,"[[512, 128], [], []]",100
swin-base,4,,aten::transpose,"[[512, 2048], [], []]",900
swin-base,4,,aten::transpose,"[[512, 512], [], []]",900
swin-base,4,,aten::transpose,"[[64, 8, 49, 32], [], []]",200
swin-base,4,,aten::transpose,"[[768, 256], [], []]",100
swin-base,4,,aten::unsqueeze,"[[16, 1, 49, 49], []]",50
swin-base,4,,aten::unsqueeze,"[[16, 49, 49], []]",950
swin-base,4,,aten::unsqueeze,"[[16, 49], []]",100
swin-base,4,,aten::unsqueeze,"[[32, 49, 49], []]",100
swin-base,4,,aten::unsqueeze,"[[4, 1, 49, 49], []]",450
swin-base,4,,aten::unsqueeze,"[[4, 49, 49], []]",550
swin-base,4,,aten::unsqueeze,"[[4, 49], []]",900
swin-base,4,,aten::unsqueeze,"[[64, 1, 49, 49], []]",50
swin-base,4,,aten::unsqueeze,"[[64, 49, 49], []]",50
swin-base,4,,aten::unsqueeze,"[[64, 49], []]",100
swin-base,4,,aten::unsqueeze,"[[8, 49, 49], []]",100
swin-base,4,,aten::view,"[[12544, 128], []]",200
swin-base,4,,aten::view,"[[12544, 384], []]",100
swin-base,4,,aten::view,"[[12544, 512], []]",100
swin-base,4,,aten::view,"[[12544], []]",500
swin-base,4,,aten::view,"[[128], []]",50
swin-base,4,,aten::view,"[[14, 14], []]",450
swin-base,4,,aten::view,"[[16, 16, 49, 49], []]",1350
swin-base,4,,aten::view,"[[16, 49, 1536], []]",900
swin-base,4,,aten::view,"[[16, 49, 512], []]",2700
swin-base,4,,aten::view,"[[196, 1024], []]",200
swin-base,4,,aten::view,"[[196, 3072], []]",100
swin-base,4,,aten::view,"[[196, 4096], []]",100
swin-base,4,,aten::view,"[[196], []]",600
swin-base,4,,aten::view,"[[2401, 16], []]",900
swin-base,4,,aten::view,"[[2401, 32], []]",100
swin-base,4,,aten::view,"[[2401, 4], []]",100
swin-base,4,,aten::view,"[[2401, 8], []]",100
swin-base,4,,aten::view,"[[2401], []]",1200
swin-base,4,,aten::view,"[[256, 4, 49, 49], []]",150
swin-base,4,,aten::view,"[[256, 49, 128], []]",300
swin-base,4,,aten::view,"[[256, 49, 384], []]",100
swin-base,4,,aten::view,"[[28, 28], []]",50
swin-base,4,,aten::view,"[[3136, 1024], []]",100
swin-base,4,,aten::view,"[[3136, 256], []]",200
swin-base,4,,aten::view,"[[3136, 768], []]",100
swin-base,4,,aten::view,"[[3136], []]",500
swin-base,4,,aten::view,"[[4, 1, 1, 7, 7, 1024], []]",100
swin-base,4,,aten::view,"[[4, 1, 7, 1, 7, 1024], []]",100
swin-base,4,,aten::view,"[[4, 1024, 1, 1], []]",50
swin-base,4,,aten::view,"[[4, 14, 14, 1024], []]",50
swin-base,4,,aten::view,"[[4, 14, 14, 2048], []]",900
swin-base,4,,aten::view,"[[4, 14, 14, 512], []]",1800
swin-base,4,,aten::view,"[[4, 16, 8, 49, 49], []]",50
swin-base,4,,aten::view,"[[4, 28, 28, 1024], []]",100
swin-base,4,,aten::view,"[[4, 28, 28, 256], []]",200
swin-base,4,,aten::view,"[[4, 28, 28, 512], []]",50
swin-base,4,,aten::view,"[[4, 32, 49, 49], []]",100
swin-base,4,,aten::view,"[[4, 4, 16, 49, 49], []]",450
swin-base,4,,aten::view,"[[4, 49, 1024], []]",300
swin-base,4,,aten::view,"[[4, 49, 3072], []]",100
swin-base,4,,aten::view,"[[4, 56, 56, 128], []]",200
swin-base,4,,aten::view,"[[4, 56, 56, 512], []]",100
swin-base,4,,aten::view,"[[4, 64, 4, 49, 49], []]",50
swin-base,4,,aten::view,"[[4, 7, 7, 1024], []]",200
swin-base,4,,aten::view,"[[4, 7, 7, 2048], []]",50
swin-base,4,,aten::view,"[[4, 7, 7, 4096], []]",100
swin-base,4,,aten::view,"[[56, 56], []]",50
swin-base,4,,aten::view,"[[64, 49, 256], []]",300
swin-base,4,,aten::view,"[[64, 49, 768], []]",100
swin-base,4,,aten::view,"[[64, 8, 49, 49], []]",150
swin-base,4,,aten::view,"[[784, 1536], []]",900
swin-base,4,,aten::view,"[[784, 2048], []]",900
swin-base,4,,aten::view,"[[784, 512], []]",1800
swin-base,4,,aten::view,"[[784], []]",3700
swin-base,4,,cudadevicesynchronize,[],51
swin-base,8,,aten::adaptive_avg_pool2d,"[[8, 1024, 7, 7], []]",50
swin-base,8,,aten::add,"[[128, 8, 49, 49], [1, 8, 49, 49], []]",100
swin-base,8,,aten::add,"[[32, 16, 49, 49], [1, 16, 49, 49], []]",900
swin-base,8,,aten::add,"[[512, 4, 49, 49], [1, 4, 49, 49], []]",100
swin-base,8,,aten::add,"[[8, 14, 14, 512], [8, 14, 14, 512], []]",1800
swin-base,8,,aten::add,"[[8, 16, 8, 49, 49], [1, 16, 1, 49, 49], []]",50
swin-base,8,,aten::add,"[[8, 28, 28, 256], [8, 28, 28, 256], []]",200
swin-base,8,,aten::add,"[[8, 32, 49, 49], [1, 32, 49, 49], []]",100
swin-base,8,,aten::add,"[[8, 4, 16, 49, 49], [1, 4, 1, 49, 49], []]",450
swin-base,8,,aten::add,"[[8, 56, 56, 128], [8, 56, 56, 128], []]",200
swin-base,8,,aten::add,"[[8, 64, 4, 49, 49], [1, 64, 1, 49, 49], []]",50
swin-base,8,,aten::add,"[[8, 7, 7, 1024], [8, 7, 7, 1024], []]",200
swin-base,8,,aten::cat,"[[], []]",150
swin-base,8,,aten::contiguous,"[[16, 49, 49], []]",900
swin-base,8,,aten::contiguous,"[[32, 49, 49], []]",100
swin-base,8,,aten::contiguous,"[[4, 49, 49], []]",100
swin-base,8,,aten::contiguous,"[[8, 49, 49], []]",100
swin-base,8,,aten::contiguous,"[[8, 56, 56, 128], []]",50
swin-base,8,,aten::dropout,"[[128, 49, 256], [], []]",100
swin-base,8,,aten::dropout,"[[128, 8, 49, 49], [], []]",100
swin-base,8,,aten::dropout,"[[32, 16, 49, 49], [], []]",900
swin-base,8,,aten::dropout,"[[32, 49, 512], [], []]",900
swin-base,8,,aten::dropout,"[[512, 4, 49, 49], [], []]",100
swin-base,8,,aten::dropout,"[[512, 49, 128], [], []]",100
swin-base,8,,aten::dropout,"[[8, 14, 14, 2048], [], []]",900
swin-base,8,,aten::dropout,"[[8, 14, 14, 512], [], []]",900
swin-base,8,,aten::dropout,"[[8, 28, 28, 1024], [], []]",100
swin-base,8,,aten::dropout,"[[8, 28, 28, 256], [], []]",100
swin-base,8,,aten::dropout,"[[8, 32, 49, 49], [], []]",100
swin-base,8,,aten::dropout,"[[8, 49, 1024], [], []]",100
swin-base,8,,aten::dropout,"[[8, 56, 56, 128], [], []]",100
swin-base,8,,aten::dropout,"[[8, 56, 56, 512], [], []]",100
swin-base,8,,aten::dropout,"[[8, 7, 7, 1024], [], []]",100
swin-base,8,,aten::dropout,"[[8, 7, 7, 4096], [], []]",100
swin-base,8,,aten::eq,"[[16, 49, 49], []]",50
swin-base,8,,aten::eq,"[[4, 49, 49], []]",450
swin-base,8,,aten::eq,"[[64, 49, 49], []]",50
swin-base,8,,aten::fill_,"[[14, 14], []]",450
swin-base,8,,aten::fill_,"[[21, 21], []]",50
swin-base,8,,aten::fill_,"[[21, 3], []]",50
swin-base,8,,aten::fill_,"[[21, 4], []]",50
swin-base,8,,aten::fill_,"[[28, 28], []]",50
swin-base,8,,aten::fill_,"[[3, 21], []]",50
swin-base,8,,aten::fill_,"[[3, 3], []]",550
swin-base,8,,aten::fill_,"[[3, 49], []]",50
swin-base,8,,aten::fill_,"[[3, 4], []]",550
swin-base,8,,aten::fill_,"[[3, 7], []]",450
swin-base,8,,aten::fill_,"[[4, 21], []]",50
swin-base,8,,aten::fill_,"[[4, 3], []]",550
swin-base,8,,aten::fill_,"[[4, 49], []]",50
swin-base,8,,aten::fill_,"[[4, 4], []]",550
swin-base,8,,aten::fill_,"[[4, 7], []]",450
swin-base,8,,aten::fill_,"[[49, 3], []]",50
swin-base,8,,aten::fill_,"[[49, 49], []]",50
swin-base,8,,aten::fill_,"[[49, 4], []]",50
swin-base,8,,aten::fill_,"[[56, 56], []]",50
swin-base,8,,aten::fill_,"[[7, 3], []]",450
swin-base,8,,aten::fill_,"[[7, 4], []]",450
swin-base,8,,aten::fill_,"[[7, 7], []]",450
swin-base,8,,aten::flatten,"[[8, 1024, 1, 1], [], []]",50
swin-base,8,,aten::gelu,"[[8, 14, 14, 2048], []]",900
swin-base,8,,aten::gelu,"[[8, 28, 28, 1024], []]",100
swin-base,8,,aten::gelu,"[[8, 56, 56, 512], []]",100
swin-base,8,,aten::gelu,"[[8, 7, 7, 4096], []]",100
swin-base,8,,aten::index,"[[169, 16], []]",900
swin-base,8,,aten::index,"[[169, 32], []]",100
swin-base,8,,aten::index,"[[169, 4], []]",100
swin-base,8,,aten::index,"[[169, 8], []]",100
swin-base,8,,aten::layer_norm,"[[8, 14, 14, 1024], [], [1024], [1024], [], []]",50
swin-base,8,,aten::layer_norm,"[[8, 14, 14, 512], [], [512], [512], [], []]",1800
swin-base,8,,aten::layer_norm,"[[8, 28, 28, 256], [], [256], [256], [], []]",200
swin-base,8,,aten::layer_norm,"[[8, 28, 28, 512], [], [512], [512], [], []]",50
swin-base,8,,aten::layer_norm,"[[8, 56, 56, 128], [], [128], [128], [], []]",250
swin-base,8,,aten::layer_norm,"[[8, 7, 7, 1024], [], [1024], [1024], [], []]",250
swin-base,8,,aten::layer_norm,"[[8, 7, 7, 2048], [], [2048], [2048], [], []]",50
swin-base,8,,aten::lift_fresh,[[]],4950
swin-base,8,,aten::masked_fill,"[[16, 49, 49], [16, 49, 49], []]",100
swin-base,8,,aten::masked_fill,"[[4, 49, 49], [4, 49, 49], []]",900
swin-base,8,,aten::masked_fill,"[[64, 49, 49], [64, 49, 49], []]",100
swin-base,8,,aten::mul,"[[128, 8, 49, 32], []]",100
swin-base,8,,aten::mul,"[[32, 16, 49, 32], []]",900
swin-base,8,,aten::mul,"[[512, 4, 49, 32], []]",100
swin-base,8,,aten::mul,"[[8, 32, 49, 32], []]",100
swin-base,8,,aten::ne,"[[16, 49, 49], []]",50
swin-base,8,,aten::ne,"[[4, 49, 49], []]",450
swin-base,8,,aten::ne,"[[64, 49, 49], []]",50
swin-base,8,,aten::new_zeros,"[[128, 49, 256], [], [], [], [], []]",50
swin-base,8,,aten::new_zeros,"[[32, 49, 512], [], [], [], [], []]",450
swin-base,8,,aten::new_zeros,"[[512, 49, 128], [], [], [], [], []]",50
swin-base,8,,aten::pad,"[[8, 14, 14, 512], [], [], []]",950
swin-base,8,,aten::pad,"[[8, 28, 28, 256], [], [], []]",150
swin-base,8,,aten::pad,"[[8, 56, 56, 128], [], [], []]",150
swin-base,8,,aten::pad,"[[8, 7, 7, 1024], [], [], []]",100
swin-base,8,,aten::permute,"[[128, 49, 3, 8, 32], []]",100
swin-base,8,,aten::permute,"[[2, 7, 2, 7], []]",450
swin-base,8,,aten::permute,"[[32, 49, 3, 16, 32], []]",900
swin-base,8,,aten::permute,"[[4, 7, 4, 7], []]",50
swin-base,8,,aten::permute,"[[49, 49, 16], []]",900
swin-base,8,,aten::permute,"[[49, 49, 32], []]",100
swin-base,8,,aten::permute,"[[49, 49, 4], []]",100
swin-base,8,,aten::permute,"[[49, 49, 8], []]",100
swin-base,8,,aten::permute,"[[512, 49, 3, 4, 32], []]",100
swin-base,8,,aten::permute,"[[8, 1, 1, 7, 7, 1024], []]",100
swin-base,8,,aten::permute,"[[8, 1, 7, 1, 7, 1024], []]",100
swin-base,8,,aten::permute,"[[8, 128, 56, 56], []]",50
swin-base,8,,aten::permute,"[[8, 2, 2, 7, 7, 512], []]",900
swin-base,8,,aten::permute,"[[8, 2, 7, 2, 7, 512], []]",900
swin-base,8,,aten::permute,"[[8, 4, 4, 7, 7, 256], []]",100
swin-base,8,,aten::permute,"[[8, 4, 7, 4, 7, 256], []]",100
swin-base,8,,aten::permute,"[[8, 49, 3, 32, 32], []]",100
swin-base,8,,aten::permute,"[[8, 7, 7, 1024], []]",50
swin-base,8,,aten::permute,"[[8, 7, 8, 7], []]",50
swin-base,8,,aten::permute,"[[8, 8, 7, 8, 7, 128], []]",100
swin-base,8,,aten::permute,"[[8, 8, 8, 7, 7, 128], []]",100
swin-base,8,,aten::reshape,"[[128, 49, 256], []]",200
swin-base,8,,aten::reshape,"[[128, 49, 768], []]",100
swin-base,8,,aten::reshape,"[[128, 49, 8, 32], []]",100
swin-base,8,,aten::reshape,"[[128, 8, 32, 49], []]",100
swin-base,8,,aten::reshape,"[[128, 8, 49, 32], []]",200
swin-base,8,,aten::reshape,"[[128, 8, 49, 49], []]",100
swin-base,8,,aten::reshape,"[[128], []]",50
swin-base,8,,aten::reshape,"[[2, 2, 7, 7], []]",450
swin-base,8,,aten::reshape,"[[2401], []]",1200
swin-base,8,,aten::reshape,"[[32, 16, 32, 49], []]",900
swin-base,8,,aten::reshape,"[[32, 16, 49, 32], []]",1800
swin-base,8,,aten::reshape,"[[32, 16, 49, 49], []]",900
swin-base,8,,aten::reshape,"[[32, 49, 1536], []]",900
swin-base,8,,aten::reshape,"[[32, 49, 16, 32], []]",900
swin-base,8,,aten::reshape,"[[32, 49, 512], []]",1800
swin-base,8,,aten::reshape,"[[4, 4, 7, 7], []]",50
swin-base,8,,aten::reshape,"[[512, 4, 32, 49], []]",100
swin-base,8,,aten::reshape,"[[512, 4, 49, 32], []]",200
swin-base,8,,aten::reshape,"[[512, 4, 49, 49], []]",100
swin-base,8,,aten::reshape,"[[512, 49, 128], []]",200
swin-base,8,,aten::reshape,"[[512, 49, 384], []]",100
swin-base,8,,aten::reshape,"[[512, 49, 4, 32], []]",100
swin-base,8,,aten::reshape,"[[8, 1, 1, 7, 7, 1024], []]",100
swin-base,8,,aten::reshape,"[[8, 1, 7, 1, 7, 1024], []]",100
swin-base,8,,aten::reshape,"[[8, 14, 14, 1024], []]",50
swin-base,8,,aten::reshape,"[[8, 14, 14, 2048], []]",900
swin-base,8,,aten::reshape,"[[8, 14, 14, 512], []]",900
swin-base,8,,aten::reshape,"[[8, 2, 2, 7, 7, 512], []]",900
swin-base,8,,aten::reshape,"[[8, 2, 7, 2, 7, 512], []]",900
swin-base,8,,aten::reshape,"[[8, 28, 28, 1024], []]",100
swin-base,8,,aten::reshape,"[[8, 28, 28, 256], []]",100
swin-base,8,,aten::reshape,"[[8, 28, 28, 512], []]",50
swin-base,8,,aten::reshape,"[[8, 32, 32, 49], []]",100
swin-base,8,,aten::reshape,"[[8, 32, 49, 32], []]",200
swin-base,8,,aten::reshape,"[[8, 32, 49, 49], []]",100
swin-base,8,,aten::reshape,"[[8, 4, 4, 7, 7, 256], []]",100
swin-base,8,,aten::reshape,"[[8, 4, 7, 4, 7, 256], []]",100
swin-base,8,,aten::reshape,"[[8, 49, 1024], []]",200
swin-base,8,,aten::reshape,"[[8, 49, 3072], []]",100
swin-base,8,,aten::reshape,"[[8, 49, 32, 32], []]",100
swin-base,8,,aten::reshape,"[[8, 56, 56, 128], []]",100
swin-base,8,,aten::reshape,"[[8, 56, 56, 512], []]",100
swin-base,8,,aten::reshape,"[[8, 7, 7, 1024], []]",100
swin-base,8,,aten::reshape,"[[8, 7, 7, 2048], []]",50
swin-base,8,,aten::reshape,"[[8, 7, 7, 4096], []]",100
swin-base,8,,aten::reshape,"[[8, 8, 7, 7], []]",50
swin-base,8,,aten::reshape,"[[8, 8, 7, 8, 7, 128], []]",100
swin-base,8,,aten::reshape,"[[8, 8, 8, 7, 7, 128], []]",100
swin-base,8,,aten::roll,"[[8, 14, 14, 512], [], []]",2700
swin-base,8,,aten::roll,"[[8, 28, 28, 256], [], []]",300
swin-base,8,,aten::roll,"[[8, 56, 56, 128], [], []]",300
swin-base,8,,aten::select,"[[3, 128, 8, 49, 32], [], []]",300
swin-base,8,,aten::select,"[[3, 32, 16, 49, 32], [], []]",2700
swin-base,8,,aten::select,"[[3, 512, 4, 49, 32], [], []]",300
swin-base,8,,aten::select,"[[3, 8, 32, 49, 32], [], []]",300
swin-base,8,,aten::slice,"[[14, 14], [], [], [], []]",4050
swin-base,8,,aten::slice,"[[21, 28], [], [], [], []]",150
swin-base,8,,aten::slice,"[[28, 28], [], [], [], []]",450
swin-base,8,,aten::slice,"[[3, 14], [], [], [], []]",1350
swin-base,8,,aten::slice,"[[3, 28], [], [], [], []]",150
swin-base,8,,aten::slice,"[[3, 56], [], [], [], []]",150
swin-base,8,,aten::slice,"[[4, 14], [], [], [], []]",1350
swin-base,8,,aten::slice,"[[4, 28], [], [], [], []]",150
swin-base,8,,aten::slice,"[[4, 56], [], [], [], []]",150
swin-base,8,,aten::slice,"[[49, 56], [], [], [], []]",150
swin-base,8,,aten::slice,"[[56, 56], [], [], [], []]",450
swin-base,8,,aten::slice,"[[7, 14], [], [], [], []]",1350
swin-base,8,,aten::slice,"[[8, 14, 14, 256], [], [], [], []]",200
swin-base,8,,aten::slice,"[[8, 14, 14, 512], [], [], [], []]",2000
swin-base,8,,aten::slice,"[[8, 14, 28, 256], [], [], [], []]",200
swin-base,8,,aten::slice,"[[8, 28, 28, 128], [], [], [], []]",200
swin-base,8,,aten::slice,"[[8, 28, 28, 256], [], [], [], []]",400
swin-base,8,,aten::slice,"[[8, 28, 56, 128], [], [], [], []]",200
swin-base,8,,aten::slice,"[[8, 56, 56, 128], [], [], [], []]",400
swin-base,8,,aten::slice,"[[8, 7, 14, 512], [], [], [], []]",200
swin-base,8,,aten::slice,"[[8, 7, 7, 1024], [], [], [], []]",200
swin-base,8,,aten::slice,"[[8, 7, 7, 512], [], [], [], []]",200
swin-base,8,,aten::softmax,"[[128, 8, 49, 49], [], []]",100
swin-base,8,,aten::softmax,"[[32, 16, 49, 49], [], []]",900
swin-base,8,,aten::softmax,"[[512, 4, 49, 49], [], []]",100
swin-base,8,,aten::softmax,"[[8, 32, 49, 49], [], []]",100
swin-base,8,,aten::sub,"[[16, 1, 49], [16, 49, 1], []]",50
swin-base,8,,aten::sub,"[[4, 1, 49], [4, 49, 1], []]",450
swin-base,8,,aten::sub,"[[64, 1, 49], [64, 49, 1], []]",50
swin-base,8,,aten::transpose,"[[1000, 1024], [], []]",50
swin-base,8,,aten::transpose,"[[1024, 1024], [], []]",100
swin-base,8,,aten::transpose,"[[1024, 2048], [], []]",50
swin-base,8,,aten::transpose,"[[1024, 256], [], []]",100
swin-base,8,,aten::transpose,"[[1024, 4096], [], []]",100
swin-base,8,,aten::transpose,"[[128, 128], [], []]",100
swin-base,8,,aten::transpose,"[[128, 512], [], []]",100
swin-base,8,,aten::transpose,"[[128, 8, 49, 32], [], []]",200
swin-base,8,,aten::transpose,"[[1536, 512], [], []]",900
swin-base,8,,aten::transpose,"[[2048, 512], [], []]",900
swin-base,8,,aten::transpose,"[[256, 1024], [], []]",100
swin-base,8,,aten::transpose,"[[256, 256], [], []]",100
swin-base,8,,aten::transpose,"[[256, 512], [], []]",50
swin-base,8,,aten::transpose,"[[3072, 1024], [], []]",100
swin-base,8,,aten::transpose,"[[32, 16, 49, 32], [], []]",1800
swin-base,8,,aten::transpose,"[[384, 128], [], []]",100
swin-base,8,,aten::transpose,"[[4096, 1024], [], []]",100
swin-base,8,,aten::transpose,"[[512, 1024], [], []]",50
swin-base,8,,aten::transpose,"[[512, 128], [], []]",100
swin-base,8,,aten::transpose,"[[512, 2048], [], []]",900
swin-base,8,,aten::transpose,"[[512, 4, 49, 32], [], []]",200
swin-base,8,,aten::transpose,"[[512, 512], [], []]",900
swin-base,8,,aten::transpose,"[[768, 256], [], []]",100
swin-base,8,,aten::transpose,"[[8, 32, 49, 32], [], []]",200
swin-base,8,,aten::unsqueeze,"[[16, 1, 49, 49], []]",50
swin-base,8,,aten::unsqueeze,"[[16, 49, 49], []]",950
swin-base,8,,aten::unsqueeze,"[[16, 49], []]",100
swin-base,8,,aten::unsqueeze,"[[32, 49, 49], []]",100
swin-base,8,,aten::unsqueeze,"[[4, 1, 49, 49], []]",450
swin-base,8,,aten::unsqueeze,"[[4, 49, 49], []]",550
swin-base,8,,aten::unsqueeze,"[[4, 49], []]",900
swin-base,8,,aten::unsqueeze,"[[64, 1, 49, 49], []]",50
swin-base,8,,aten::unsqueeze,"[[64, 49, 49], []]",50
swin-base,8,,aten::unsqueeze,"[[64, 49], []]",100
swin-base,8,,aten::unsqueeze,"[[8, 49, 49], []]",100
swin-base,8,,aten::view,"[[128, 49, 256], []]",300
swin-base,8,,aten::view,"[[128, 49, 768], []]",100
swin-base,8,,aten::view,"[[128, 8, 49, 49], []]",150
swin-base,8,,aten::view,"[[128], []]",50
swin-base,8,,aten::view,"[[14, 14], []]",450
swin-base,8,,aten::view,"[[1568, 1536], []]",900
swin-base,8,,aten::view,"[[1568, 2048], []]",900
swin-base,8,,aten::view,"[[1568, 512], []]",1800
swin-base,8,,aten::view,"[[1568], []]",3700
swin-base,8,,aten::view,"[[2401, 16], []]",900
swin-base,8,,aten::view,"[[2401, 32], []]",100
swin-base,8,,aten::view,"[[2401, 4], []]",100
swin-base,8,,aten::view,"[[2401, 8], []]",100
swin-base,8,,aten::view,"[[2401], []]",1200
swin-base,8,,aten::view,"[[25088, 128], []]",200
swin-base,8,,aten::view,"[[25088, 384], []]",100
swin-base,8,,aten::view,"[[25088, 512], []]",100
swin-base,8,,aten::view,"[[25088], []]",500
swin-base,8,,aten::view,"[[28, 28], []]",50
swin-base,8,,aten::view,"[[32, 16, 49, 49], []]",1350
swin-base,8,,aten::view,"[[32, 49, 1536], []]",900
swin-base,8,,aten::view,"[[32, 49, 512], []]",2700
swin-base,8,,aten::view,"[[392, 1024], []]",200
swin-base,8,,aten::view,"[[392, 3072], []]",100
swin-base,8,,aten::view,"[[392, 4096], []]",100
swin-base,8,,aten::view,"[[392], []]",600
swin-base,8,,aten::view,"[[512, 4, 49, 49], []]",150
swin-base,8,,aten::view,"[[512, 49, 128], []]",300
swin-base,8,,aten::view,"[[512, 49, 384], []]",100
swin-base,8,,aten::view,"[[56, 56], []]",50
swin-base,8,,aten::view,"[[6272, 1024], []]",100
swin-base,8,,aten::view,"[[6272, 256], []]",200
swin-base,8,,aten::view,"[[6272, 768], []]",100
swin-base,8,,aten::view,"[[6272], []]",500
swin-base,8,,aten::view,"[[8, 1, 1, 7, 7, 1024], []]",100
swin-base,8,,aten::view,"[[8, 1, 7, 1, 7, 1024], []]",100
swin-base,8,,aten::view,"[[8, 1024, 1, 1], []]",50
swin-base,8,,aten::view,"[[8, 14, 14, 1024], []]",50
swin-base,8,,aten::view,"[[8, 14, 14, 2048], []]",900
swin-base,8,,aten::view,"[[8, 14, 14, 512], []]",1800
swin-base,8,,aten::view,"[[8, 16, 8, 49, 49], []]",50
swin-base,8,,aten::view,"[[8, 28, 28, 1024], []]",100
swin-base,8,,aten::view,"[[8, 28, 28, 256], []]",200
swin-base,8,,aten::view,"[[8, 28, 28, 512], []]",50
swin-base,8,,aten::view,"[[8, 32, 49, 49], []]",100
swin-base,8,,aten::view,"[[8, 4, 16, 49, 49], []]",450
swin-base,8,,aten::view,"[[8, 49, 1024], []]",300
swin-base,8,,aten::view,"[[8, 49, 3072], []]",100
swin-base,8,,aten::view,"[[8, 56, 56, 128], []]",200
swin-base,8,,aten::view,"[[8, 56, 56, 512], []]",100
swin-base,8,,aten::view,"[[8, 64, 4, 49, 49], []]",50
swin-base,8,,aten::view,"[[8, 7, 7, 1024], []]",200
swin-base,8,,aten::view,"[[8, 7, 7, 2048], []]",50
swin-base,8,,aten::view,"[[8, 7, 7, 4096], []]",100
swin-base,8,,cudadevicesynchronize,[],51
swin-small,1,,aten::adaptive_avg_pool2d,"[[1, 768, 7, 7], []]",50
swin-small,1,,aten::add,"[[1, 14, 14, 384], [1, 14, 14, 384], []]",1800
swin-small,1,,aten::add,"[[1, 16, 6, 49, 49], [1, 16, 1, 49, 49], []]",50
swin-small,1,,aten::add,"[[1, 24, 49, 49], [1, 24, 49, 49], []]",100
swin-small,1,,aten::add,"[[1, 28, 28, 192], [1, 28, 28, 192], []]",200
swin-small,1,,aten::add,"[[1, 4, 12, 49, 49], [1, 4, 1, 49, 49], []]",450
swin-small,1,,aten::add,"[[1, 56, 56, 96], [1, 56, 56, 96], []]",200
swin-small,1,,aten::add,"[[1, 64, 3, 49, 49], [1, 64, 1, 49, 49], []]",50
swin-small,1,,aten::add,"[[1, 7, 7, 768], [1, 7, 7, 768], []]",200
swin-small,1,,aten::add,"[[16, 6, 49, 49], [1, 6, 49, 49], []]",100
swin-small,1,,aten::add,"[[4, 12, 49, 49], [1, 12, 49, 49], []]",900
swin-small,1,,aten::add,"[[64, 3, 49, 49], [1, 3, 49, 49], []]",100
swin-small,1,,aten::cat,"[[], []]",150
swin-small,1,,aten::contiguous,"[[1, 56, 56, 96], []]",50
swin-small,1,,aten::contiguous,"[[12, 49, 49], []]",900
swin-small,1,,aten::contiguous,"[[24, 49, 49], []]",100
swin-small,1,,aten::contiguous,"[[3, 49, 49], []]",100
swin-small,1,,aten::contiguous,"[[6, 49, 49], []]",100
swin-small,1,,aten::dropout,"[[1, 14, 14, 1536], [], []]",900
swin-small,1,,aten::dropout,"[[1, 14, 14, 384], [], []]",900
swin-small,1,,aten::dropout,"[[1, 24, 49, 49], [], []]",100
swin-small,1,,aten::dropout,"[[1, 28, 28, 192], [], []]",100
swin-small,1,,aten::dropout,"[[1, 28, 28, 768], [], []]",100
swin-small,1,,aten::dropout,"[[1, 49, 768], [], []]",100
swin-small,1,,aten::dropout,"[[1, 56, 56, 384], [], []]",100
swin-small,1,,aten::dropout,"[[1, 56, 56, 96], [], []]",100
swin-small,1,,aten::dropout,"[[1, 7, 7, 3072], [], []]",100
swin-small,1,,aten::dropout,"[[1, 7, 7, 768], [], []]",100
swin-small,1,,aten::dropout,"[[16, 49, 192], [], []]",100
swin-small,1,,aten::dropout,"[[16, 6, 49, 49], [], []]",100
swin-small,1,,aten::dropout,"[[4, 12, 49, 49], [], []]",900
swin-small,1,,aten::dropout,"[[4, 49, 384], [], []]",900
swin-small,1,,aten::dropout,"[[64, 3, 49, 49], [], []]",100
swin-small,1,,aten::dropout,"[[64, 49, 96], [], []]",100
swin-small,1,,aten::eq,"[[16, 49, 49], []]",50
swin-small,1,,aten::eq,"[[4, 49, 49], []]",450
swin-small,1,,aten::eq,"[[64, 49, 49], []]",50
swin-small,1,,aten::fill_,"[[14, 14], []]",450
swin-small,1,,aten::fill_,"[[21, 21], []]",50
swin-small,1,,aten::fill_,"[[21, 3], []]",50
swin-small,1,,aten::fill_,"[[21, 4], []]",50
swin-small,1,,aten::fill_,"[[28, 28], []]",50
swin-small,1,,aten::fill_,"[[3, 21], []]",50
swin-small,1,,aten::fill_,"[[3, 3], []]",550
swin-small,1,,aten::fill_,"[[3, 49], []]",50
swin-small,1,,aten::fill_,"[[3, 4], []]",550
swin-small,1,,aten::fill_,"[[3, 7], []]",450
swin-small,1,,aten::fill_,"[[4, 21], []]",50
swin-small,1,,aten::fill_,"[[4, 3], []]",550
swin-small,1,,aten::fill_,"[[4, 49], []]",50
swin-small,1,,aten::fill_,"[[4, 4], []]",550
swin-small,1,,aten::fill_,"[[4, 7], []]",450
swin-small,1,,aten::fill_,"[[49, 3], []]",50
swin-small,1,,aten::fill_,"[[49, 49], []]",50
swin-small,1,,aten::fill_,"[[49, 4], []]",50
swin-small,1,,aten::fill_,"[[56, 56], []]",50
swin-small,1,,aten::fill_,"[[7, 3], []]",450
swin-small,1,,aten::fill_,"[[7, 4], []]",450
swin-small,1,,aten::fill_,"[[7, 7], []]",450
swin-small,1,,aten::flatten,"[[1, 768, 1, 1], [], []]",50
swin-small,1,,aten::gelu,"[[1, 14, 14, 1536], []]",900
swin-small,1,,aten::gelu,"[[1, 28, 28, 768], []]",100
swin-small,1,,aten::gelu,"[[1, 56, 56, 384], []]",100
swin-small,1,,aten::gelu,"[[1, 7, 7, 3072], []]",100
swin-small,1,,aten::index,"[[169, 12], []]",900
swin-small,1,,aten::index,"[[169, 24], []]",100
swin-small,1,,aten::index,"[[169, 3], []]",100
swin-small,1,,aten::index,"[[169, 6], []]",100
swin-small,1,,aten::layer_norm,"[[1, 14, 14, 384], [], [384], [384], [], []]",1800
swin-small,1,,aten::layer_norm,"[[1, 14, 14, 768], [], [768], [768], [], []]",50
swin-small,1,,aten::layer_norm,"[[1, 28, 28, 192], [], [192], [192], [], []]",200
swin-small,1,,aten::layer_norm,"[[1, 28, 28, 384], [], [384], [384], [], []]",50
swin-small,1,,aten::layer_norm,"[[1, 56, 56, 96], [], [96], [96], [], []]",250
swin-small,1,,aten::layer_norm,"[[1, 7, 7, 1536], [], [1536], [1536], [], []]",50
swin-small,1,,aten::layer_norm,"[[1, 7, 7, 768], [], [768], [768], [], []]",250
swin-small,1,,aten::lift_fresh,[[]],4950
swin-small,1,,aten::masked_fill,"[[16, 49, 49], [16, 49, 49], []]",100
swin-small,1,,aten::masked_fill,"[[4, 49, 49], [4, 49, 49], []]",900
swin-small,1,,aten::masked_fill,"[[64, 49, 49], [64, 49, 49], []]",100
swin-small,1,,aten::mul,"[[1, 24, 49, 32], []]",100
swin-small,1,,aten::mul,"[[16, 6, 49, 32], []]",100
swin-small,1,,aten::mul,"[[4, 12, 49, 32], []]",900
swin-small,1,,aten::mul,"[[64, 3, 49, 32], []]",100
swin-small,1,,aten::ne,"[[16, 49, 49], []]",50
swin-small,1,,aten::ne,"[[4, 49, 49], []]",450
swin-small,1,,aten::ne,"[[64, 49, 49], []]",50
swin-small,1,,aten::new_zeros,"[[16, 49, 192], [], [], [], [], []]",50
swin-small,1,,aten::new_zeros,"[[4, 49, 384], [], [], [], [], []]",450
swin-small,1,,aten::new_zeros,"[[64, 49, 96], [], [], [], [], []]",50
swin-small,1,,aten::pad,"[[1, 14, 14, 384], [], [], []]",950
swin-small,1,,aten::pad,"[[1, 28, 28, 192], [], [], []]",150
swin-small,1,,aten::pad,"[[1, 56, 56, 96], [], [], []]",150
swin-small,1,,aten::pad,"[[1, 7, 7, 768], [], [], []]",100
swin-small,1,,aten::permute,"[[1, 1, 1, 7, 7, 768], []]",100
swin-small,1,,aten::permute,"[[1, 1, 7, 1, 7, 768], []]",100
swin-small,1,,aten::permute,"[[1, 2, 2, 7, 7, 384], []]",900
swin-small,1,,aten::permute,"[[1, 2, 7, 2, 7, 384], []]",900
swin-small,1,,aten::permute,"[[1, 4, 4, 7, 7, 192], []]",100
swin-small,1,,aten::permute,"[[1, 4, 7, 4, 7, 192], []]",100
swin-small,1,,aten::permute,"[[1, 49, 3, 24, 32], []]",100
swin-small,1,,aten::permute,"[[1, 7, 7, 768], []]",50
swin-small,1,,aten::permute,"[[1, 8, 7, 8, 7, 96], []]",100
swin-small,1,,aten::permute,"[[1, 8, 8, 7, 7, 96], []]",100
swin-small,1,,aten::permute,"[[1, 96, 56, 56], []]",50
swin-small,1,,aten::permute,"[[16, 49, 3, 6, 32], []]",100
swin-small,1,,aten::permute,"[[2, 7, 2, 7], []]",450
swin-small,1,,aten::permute,"[[4, 49, 3, 12, 32], []]",900
swin-small,1,,aten::permute,"[[4, 7, 4, 7], []]",50
swin-small,1,,aten::permute,"[[49, 49, 12], []]",900
swin-small,1,,aten::permute,"[[49, 49, 24], []]",100
swin-small,1,,aten::permute,"[[49, 49, 3], []]",100
swin-small,1,,aten::permute,"[[49, 49, 6], []]",100
swin-small,1,,aten::permute,"[[64, 49, 3, 3, 32], []]",100
swin-small,1,,aten::permute,"[[8, 7, 8, 7], []]",50
swin-small,1,,aten::reshape,"[[1, 1, 1, 7, 7, 768], []]",100
swin-small,1,,aten::reshape,"[[1, 1, 7, 1, 7, 768], []]",100
swin-small,1,,aten::reshape,"[[1, 14, 14, 1536], []]",900
swin-small,1,,aten::reshape,"[[1, 14, 14, 384], []]",900
swin-small,1,,aten::reshape,"[[1, 14, 14, 768], []]",50
swin-small,1,,aten::reshape,"[[1, 2, 2, 7, 7, 384], []]",900
swin-small,1,,aten::reshape,"[[1, 2, 7, 2, 7, 384], []]",900
swin-small,1,,aten::reshape,"[[1, 24, 32, 49], []]",100
swin-small,1,,aten::reshape,"[[1, 24, 49, 32], []]",200
swin-small,1,,aten::reshape,"[[1, 24, 49, 49], []]",100
swin-small,1,,aten::reshape,"[[1, 28, 28, 192], []]",100
swin-small,1,,aten::reshape,"[[1, 28, 28, 384], []]",50
swin-small,1,,aten::reshape,"[[1, 28, 28, 768], []]",100
swin-small,1,,aten::reshape,"[[1, 4, 4, 7, 7, 192], []]",100
swin-small,1,,aten::reshape,"[[1, 4, 7, 4, 7, 192], []]",100
swin-small,1,,aten::reshape,"[[1, 49, 2304], []]",100
swin-small,1,,aten::reshape,"[[1, 49, 24, 32], []]",100
swin-small,1,,aten::reshape,"[[1, 49, 768], []]",200
swin-small,1,,aten::reshape,"[[1, 56, 56, 384], []]",100
swin-small,1,,aten::reshape,"[[1, 56, 56, 96], []]",100
swin-small,1,,aten::reshape,"[[1, 7, 7, 1536], []]",50
swin-small,1,,aten::reshape,"[[1, 7, 7, 3072], []]",100
swin-small,1,,aten::reshape,"[[1, 7, 7, 768], []]",100
swin-small,1,,aten::reshape,"[[1, 8, 7, 8, 7, 96], []]",100
swin-small,1,,aten::reshape,"[[1, 8, 8, 7, 7, 96], []]",100
swin-small,1,,aten::reshape,"[[16, 49, 192], []]",200
swin-small,1,,aten::reshape,"[[16, 49, 576], []]",100
swin-small,1,,aten::reshape,"[[16, 49, 6, 32], []]",100
swin-small,1,,aten::reshape,"[[16, 6, 32, 49], []]",100
swin-small,1,,aten::reshape,"[[16, 6, 49, 32], []]",200
swin-small,1,,aten::reshape,"[[16, 6, 49, 49], []]",100
swin-small,1,,aten::reshape,"[[2, 2, 7, 7], []]",450
swin-small,1,,aten::reshape,"[[2401], []]",1200
swin-small,1,,aten::reshape,"[[4, 12, 32, 49], []]",900
swin-small,1,,aten::reshape,"[[4, 12, 49, 32], []]",1800
swin-small,1,,aten::reshape,"[[4, 12, 49, 49], []]",900
swin-small,1,,aten::reshape,"[[4, 4, 7, 7], []]",50
swin-small,1,,aten::reshape,"[[4, 49, 1152], []]",900
swin-small,1,,aten::reshape,"[[4, 49, 12, 32], []]",900
swin-small,1,,aten::reshape,"[[4, 49, 384], []]",1800
swin-small,1,,aten::reshape,"[[64, 3, 32, 49], []]",100
swin-small,1,,aten::reshape,"[[64, 3, 49, 32], []]",200
swin-small,1,,aten::reshape,"[[64, 3, 49, 49], []]",100
swin-small,1,,aten::reshape,"[[64, 49, 288], []]",100
swin-small,1,,aten::reshape,"[[64, 49, 3, 32], []]",100
swin-small,1,,aten::reshape,"[[64, 49, 96], []]",200
swin-small,1,,aten::reshape,"[[8, 8, 7, 7], []]",50
swin-small,1,,aten::reshape,"[[96], []]",50
swin-small,1,,aten::roll,"[[1, 14, 14, 384], [], []]",2700
swin-small,1,,aten::roll,"[[1, 28, 28, 192], [], []]",300
swin-small,1,,aten::roll,"[[1, 56, 56, 96], [], []]",300
swin-small,1,,aten::select,"[[3, 1, 24, 49, 32], [], []]",300
swin-small,1,,aten::select,"[[3, 16, 6, 49, 32], [], []]",300
swin-small,1,,aten::select,"[[3, 4, 12, 49, 32], [], []]",2700
swin-small,1,,aten::select,"[[3, 64, 3, 49, 32], [], []]",300
swin-small,1,,aten::slice,"[[1, 14, 14, 192], [], [], [], []]",200
swin-small,1,,aten::slice,"[[1, 14, 14, 384], [], [], [], []]",2000
swin-small,1,,aten::slice,"[[1, 14, 28, 192], [], [], [], []]",200
swin-small,1,,aten::slice,"[[1, 28, 28, 192], [], [], [], []]",400
swin-small,1,,aten::slice,"[[1, 28, 28, 96], [], [], [], []]",200
swin-small,1,,aten::slice,"[[1, 28, 56, 96], [], [], [], []]",200
swin-small,1,,aten::slice,"[[1, 56, 56, 96], [], [], [], []]",400
swin-small,1,,aten::slice,"[[1, 7, 14, 384], [], [], [], []]",200
swin-small,1,,aten::slice,"[[1, 7, 7, 384], [], [], [], []]",200
swin-small,1,,aten::slice,"[[1, 7, 7, 768], [], [], [], []]",200
swin-small,1,,aten::slice,"[[14, 14], [], [], [], []]",4050
swin-small,1,,aten::slice,"[[21, 28], [], [], [], []]",150
swin-small,1,,aten::slice,"[[28, 28], [], [], [], []]",450
swin-small,1,,aten::slice,"[[3, 14], [], [], [], []]",1350
swin-small,1,,aten::slice,"[[3, 28], [], [], [], []]",150
swin-small,1,,aten::slice,"[[3, 56], [], [], [], []]",150
swin-small,1,,aten::slice,"[[4, 14], [], [], [], []]",1350
swin-small,1,,aten::slice,"[[4, 28], [], [], [], []]",150
swin-small,1,,aten::slice,"[[4, 56], [], [], [], []]",150
swin-small,1,,aten::slice,"[[49, 56], [], [], [], []]",150
swin-small,1,,aten::slice,"[[56, 56], [], [], [], []]",450
swin-small,1,,aten::slice,"[[7, 14], [], [], [], []]",1350
swin-small,1,,aten::softmax,"[[1, 24, 49, 49], [], []]",100
swin-small,1,,aten::softmax,"[[16, 6, 49, 49], [], []]",100
swin-small,1,,aten::softmax,"[[4, 12, 49, 49], [], []]",900
swin-small,1,,aten::softmax,"[[64, 3, 49, 49], [], []]",100
swin-small,1,,aten::sub,"[[16, 1, 49], [16, 49, 1], []]",50
swin-small,1,,aten::sub,"[[4, 1, 49], [4, 49, 1], []]",450
swin-small,1,,aten::sub,"[[64, 1, 49], [64, 49, 1], []]",50
swin-small,1,,aten::transpose,"[[1, 24, 49, 32], [], []]",200
swin-small,1,,aten::transpose,"[[1000, 768], [], []]",50
swin-small,1,,aten::transpose,"[[1152, 384], [], []]",900
swin-small,1,,aten::transpose,"[[1536, 384], [], []]",900
swin-small,1,,aten::transpose,"[[16, 6, 49, 32], [], []]",200
swin-small,1,,aten::transpose,"[[192, 192], [], []]",100
swin-small,1,,aten::transpose,"[[192, 384], [], []]",50
swin-small,1,,aten::transpose,"[[192, 768], [], []]",100
swin-small,1,,aten::transpose,"[[2304, 768], [], []]",100
swin-small,1,,aten::transpose,"[[288, 96], [], []]",100
swin-small,1,,aten::transpose,"[[3072, 768], [], []]",100
swin-small,1,,aten::transpose,"[[384, 1536], [], []]",900
swin-small,1,,aten::transpose,"[[384, 384], [], []]",900
swin-small,1,,aten::transpose,"[[384, 768], [], []]",50
swin-small,1,,aten::transpose,"[[384, 96], [], []]",100
swin-small,1,,aten::transpose,"[[4, 12, 49, 32], [], []]",1800
swin-small,1,,aten::transpose,"[[576, 192], [], []]",100
swin-small,1,,aten::transpose,"[[64, 3, 49, 32], [], []]",200
swin-small,1,,aten::transpose,"[[768, 1536], [], []]",50
swin-small,1,,aten::transpose,"[[768, 192], [], []]",100
swin-small,1,,aten::transpose,"[[768, 3072], [], []]",100
swin-small,1,,aten::transpose,"[[768, 768], [], []]",100
swin-small,1,,aten::transpose,"[[96, 384], [], []]",100
swin-small,1,,aten::transpose,"[[96, 96], [], []]",100
swin-small,1,,aten::unsqueeze,"[[12, 49, 49], []]",900
swin-small,1,,aten::unsqueeze,"[[16, 1, 49, 49], []]",50
swin-small,1,,aten::unsqueeze,"[[16, 49, 49], []]",50
swin-small,1,,aten::unsqueeze,"[[16, 49], []]",100
swin-small,1,,aten::unsqueeze,"[[24, 49, 49], []]",100
swin-small,1,,aten::unsqueeze,"[[3, 49, 49], []]",100
swin-small,1,,aten::unsqueeze,"[[4, 1, 49, 49], []]",450
swin-small,1,,aten::unsqueeze,"[[4, 49, 49], []]",450
swin-small,1,,aten::unsqueeze,"[[4, 49], []]",900
swin-small,1,,aten::unsqueeze,"[[6, 49, 49], []]",100
swin-small,1,,aten::unsqueeze,"[[64, 1, 49, 49], []]",50
swin-small,1,,aten::unsqueeze,"[[64, 49, 49], []]",50
swin-small,1,,aten::unsqueeze,"[[64, 49], []]",100
swin-small,1,,aten::view,"[[1, 1, 1, 7, 7, 768], []]",100
swin-small,1,,aten::view,"[[1, 1, 7, 1, 7, 768], []]",100
swin-small,1,,aten::view,"[[1, 14, 14, 1536], []]",900
swin-small,1,,aten::view,"[[1, 14, 14, 384], []]",1800
swin-small,1,,aten::view,"[[1, 14, 14, 768], []]",50
swin-small,1,,aten::view,"[[1, 16, 6, 49, 49], []]",50
swin-small,1,,aten::view,"[[1, 24, 49, 49], []]",100
swin-small,1,,aten::view,"[[1, 28, 28, 192], []]",200
swin-small,1,,aten::view,"[[1, 28, 28, 384], []]",50
swin-small,1,,aten::view,"[[1, 28, 28, 768], []]",100
swin-small,1,,aten::view,"[[1, 4, 12, 49, 49], []]",450
swin-small,1,,aten::view,"[[1, 49, 2304], []]",100
swin-small,1,,aten::view,"[[1, 49, 768], []]",300
swin-small,1,,aten::view,"[[1, 56, 56, 384], []]",100
swin-small,1,,aten::view,"[[1, 56, 56, 96], []]",200
swin-small,1,,aten::view,"[[1, 64, 3, 49, 49], []]",50
swin-small,1,,aten::view,"[[1, 7, 7, 1536], []]",50
swin-small,1,,aten::view,"[[1, 7, 7, 3072], []]",100
swin-small,1,,aten::view,"[[1, 7, 7, 768], []]",200
swin-small,1,,aten::view,"[[1, 768, 1, 1], []]",50
swin-small,1,,aten::view,"[[14, 14], []]",450
swin-small,1,,aten::view,"[[16, 49, 192], []]",300
swin-small,1,,aten::view,"[[16, 49, 576], []]",100
swin-small,1,,aten::view,"[[16, 6, 49, 49], []]",150
swin-small,1,,aten::view,"[[196, 1152], []]",900
swin-small,1,,aten::view,"[[196, 1536], []]",900
swin-small,1,,aten::view,"[[196, 384], []]",1800
swin-small,1,,aten::view,"[[196], []]",3700
swin-small,1,,aten::view,"[[2401, 12], []]",900
swin-small,1,,aten::view,"[[2401, 24], []]",100
swin-small,1,,aten::view,"[[2401, 3], []]",100
swin-small,1,,aten::view,"[[2401, 6], []]",100
swin-small,1,,aten::view,"[[2401], []]",1200
swin-small,1,,aten::view,"[[28, 28], []]",50
swin-small,1,,aten::view,"[[3136, 288], []]",100
swin-small,1,,aten::view,"[[3136, 384], []]",100
swin-small,1,,aten::view,"[[3136, 96], []]",200
swin-small,1,,aten::view,"[[3136], []]",500
swin-small,1,,aten::view,"[[4, 12, 49, 49], []]",1350
swin-small,1,,aten::view,"[[4, 49, 1152], []]",900
swin-small,1,,aten::view,"[[4, 49, 384], []]",2700
swin-small,1,,aten::view,"[[49, 2304], []]",100
swin-small,1,,aten::view,"[[49, 3072], []]",100
swin-small,1,,aten::view,"[[49, 768], []]",200
swin-small,1,,aten::view,"[[49], []]",600
swin-small,1,,aten::view,"[[56, 56], []]",50
swin-small,1,,aten::view,"[[64, 3, 49, 49], []]",150
swin-small,1,,aten::view,"[[64, 49, 288], []]",100
swin-small,1,,aten::view,"[[64, 49, 96], []]",300
swin-small,1,,aten::view,"[[784, 192], []]",200
swin-small,1,,aten::view,"[[784, 576], []]",100
swin-small,1,,aten::view,"[[784, 768], []]",100
swin-small,1,,aten::view,"[[784], []]",500
swin-small,1,,aten::view,"[[96], []]",50
swin-small,1,,cudadevicesynchronize,[],51
swin-small,2,,aten::adaptive_avg_pool2d,"[[2, 768, 7, 7], []]",50
swin-small,2,,aten::add,"[[128, 3, 49, 49], [1, 3, 49, 49], []]",100
swin-small,2,,aten::add,"[[2, 14, 14, 384], [2, 14, 14, 384], []]",1800
swin-small,2,,aten::add,"[[2, 16, 6, 49, 49], [1, 16, 1, 49, 49], []]",50
swin-small,2,,aten::add,"[[2, 24, 49, 49], [1, 24, 49, 49], []]",100
swin-small,2,,aten::add,"[[2, 28, 28, 192], [2, 28, 28, 192], []]",200
swin-small,2,,aten::add,"[[2, 4, 12, 49, 49], [1, 4, 1, 49, 49], []]",450
swin-small,2,,aten::add,"[[2, 56, 56, 96], [2, 56, 56, 96], []]",200
swin-small,2,,aten::add,"[[2, 64, 3, 49, 49], [1, 64, 1, 49, 49], []]",50
swin-small,2,,aten::add,"[[2, 7, 7, 768], [2, 7, 7, 768], []]",200
swin-small,2,,aten::add,"[[32, 6, 49, 49], [1, 6, 49, 49], []]",100
swin-small,2,,aten::add,"[[8, 12, 49, 49], [1, 12, 49, 49], []]",900
swin-small,2,,aten::cat,"[[], []]",150
swin-small,2,,aten::contiguous,"[[12, 49, 49], []]",900
swin-small,2,,aten::contiguous,"[[2, 56, 56, 96], []]",50
swin-small,2,,aten::contiguous,"[[24, 49, 49], []]",100
swin-small,2,,aten::contiguous,"[[3, 49, 49], []]",100
swin-small,2,,aten::contiguous,"[[6, 49, 49], []]",100
swin-small,2,,aten::dropout,"[[128, 3, 49, 49], [], []]",100
swin-small,2,,aten::dropout,"[[128, 49, 96], [], []]",100
swin-small,2,,aten::dropout,"[[2, 14, 14, 1536], [], []]",900
swin-small,2,,aten::dropout,"[[2, 14, 14, 384], [], []]",900
swin-small,2,,aten::dropout,"[[2, 24, 49, 49], [], []]",100
swin-small,2,,aten::dropout,"[[2, 28, 28, 192], [], []]",100
swin-small,2,,aten::dropout,"[[2, 28, 28, 768], [], []]",100
swin-small,2,,aten::dropout,"[[2, 49, 768], [], []]",100
swin-small,2,,aten::dropout,"[[2, 56, 56, 384], [], []]",100
swin-small,2,,aten::dropout,"[[2, 56, 56, 96], [], []]",100
swin-small,2,,aten::dropout,"[[2, 7, 7, 3072], [], []]",100
swin-small,2,,aten::dropout,"[[2, 7, 7, 768], [], []]",100
swin-small,2,,aten::dropout,"[[32, 49, 192], [], []]",100
swin-small,2,,aten::dropout,"[[32, 6, 49, 49], [], []]",100
swin-small,2,,aten::dropout,"[[8, 12, 49, 49], [], []]",900
swin-small,2,,aten::dropout,"[[8, 49, 384], [], []]",900
swin-small,2,,aten::eq,"[[16, 49, 49], []]",50
swin-small,2,,aten::eq,"[[4, 49, 49], []]",450
swin-small,2,,aten::eq,"[[64, 49, 49], []]",50
swin-small,2,,aten::fill_,"[[14, 14], []]",450
swin-small,2,,aten::fill_,"[[21, 21], []]",50
swin-small,2,,aten::fill_,"[[21, 3], []]",50
swin-small,2,,aten::fill_,"[[21, 4], []]",50
swin-small,2,,aten::fill_,"[[28, 28], []]",50
swin-small,2,,aten::fill_,"[[3, 21], []]",50
swin-small,2,,aten::fill_,"[[3, 3], []]",550
swin-small,2,,aten::fill_,"[[3, 49], []]",50
swin-small,2,,aten::fill_,"[[3, 4], []]",550
swin-small,2,,aten::fill_,"[[3, 7], []]",450
swin-small,2,,aten::fill_,"[[4, 21], []]",50
swin-small,2,,aten::fill_,"[[4, 3], []]",550
swin-small,2,,aten::fill_,"[[4, 49], []]",50
swin-small,2,,aten::fill_,"[[4, 4], []]",550
swin-small,2,,aten::fill_,"[[4, 7], []]",450
swin-small,2,,aten::fill_,"[[49, 3], []]",50
swin-small,2,,aten::fill_,"[[49, 49], []]",50
swin-small,2,,aten::fill_,"[[49, 4], []]",50
swin-small,2,,aten::fill_,"[[56, 56], []]",50
swin-small,2,,aten::fill_,"[[7, 3], []]",450
swin-small,2,,aten::fill_,"[[7, 4], []]",450
swin-small,2,,aten::fill_,"[[7, 7], []]",450
swin-small,2,,aten::flatten,"[[2, 768, 1, 1], [], []]",50
swin-small,2,,aten::gelu,"[[2, 14, 14, 1536], []]",900
swin-small,2,,aten::gelu,"[[2, 28, 28, 768], []]",100
swin-small,2,,aten::gelu,"[[2, 56, 56, 384], []]",100
swin-small,2,,aten::gelu,"[[2, 7, 7, 3072], []]",100
swin-small,2,,aten::index,"[[169, 12], []]",900
swin-small,2,,aten::index,"[[169, 24], []]",100
swin-small,2,,aten::index,"[[169, 3], []]",100
swin-small,2,,aten::index,"[[169, 6], []]",100
swin-small,2,,aten::layer_norm,"[[2, 14, 14, 384], [], [384], [384], [], []]",1800
swin-small,2,,aten::layer_norm,"[[2, 14, 14, 768], [], [768], [768], [], []]",50
swin-small,2,,aten::layer_norm,"[[2, 28, 28, 192], [], [192], [192], [], []]",200
swin-small,2,,aten::layer_norm,"[[2, 28, 28, 384], [], [384], [384], [], []]",50
swin-small,2,,aten::layer_norm,"[[2, 56, 56, 96], [], [96], [96], [], []]",250
swin-small,2,,aten::layer_norm,"[[2, 7, 7, 1536], [], [1536], [1536], [], []]",50
swin-small,2,,aten::layer_norm,"[[2, 7, 7, 768], [], [768], [768], [], []]",250
swin-small,2,,aten::lift_fresh,[[]],4950
swin-small,2,,aten::masked_fill,"[[16, 49, 49], [16, 49, 49], []]",100
swin-small,2,,aten::masked_fill,"[[4, 49, 49], [4, 49, 49], []]",900
swin-small,2,,aten::masked_fill,"[[64, 49, 49], [64, 49, 49], []]",100
swin-small,2,,aten::mul,"[[128, 3, 49, 32], []]",100
swin-small,2,,aten::mul,"[[2, 24, 49, 32], []]",100
swin-small,2,,aten::mul,"[[32, 6, 49, 32], []]",100
swin-small,2,,aten::mul,"[[8, 12, 49, 32], []]",900
swin-small,2,,aten::ne,"[[16, 49, 49], []]",50
swin-small,2,,aten::ne,"[[4, 49, 49], []]",450
swin-small,2,,aten::ne,"[[64, 49, 49], []]",50
swin-small,2,,aten::new_zeros,"[[128, 49, 96], [], [], [], [], []]",50
swin-small,2,,aten::new_zeros,"[[32, 49, 192], [], [], [], [], []]",50
swin-small,2,,aten::new_zeros,"[[8, 49, 384], [], [], [], [], []]",450
swin-small,2,,aten::pad,"[[2, 14, 14, 384], [], [], []]",950
swin-small,2,,aten::pad,"[[2, 28, 28, 192], [], [], []]",150
swin-small,2,,aten::pad,"[[2, 56, 56, 96], [], [], []]",150
swin-small,2,,aten::pad,"[[2, 7, 7, 768], [], [], []]",100
swin-small,2,,aten::permute,"[[128, 49, 3, 3, 32], []]",100
swin-small,2,,aten::permute,"[[2, 1, 1, 7, 7, 768], []]",100
swin-small,2,,aten::permute,"[[2, 1, 7, 1, 7, 768], []]",100
swin-small,2,,aten::permute,"[[2, 2, 2, 7, 7, 384], []]",900
swin-small,2,,aten::permute,"[[2, 2, 7, 2, 7, 384], []]",900
swin-small,2,,aten::permute,"[[2, 4, 4, 7, 7, 192], []]",100
swin-small,2,,aten::permute,"[[2, 4, 7, 4, 7, 192], []]",100
swin-small,2,,aten::permute,"[[2, 49, 3, 24, 32], []]",100
swin-small,2,,aten::permute,"[[2, 7, 2, 7], []]",450
swin-small,2,,aten::permute,"[[2, 7, 7, 768], []]",50
swin-small,2,,aten::permute,"[[2, 8, 7, 8, 7, 96], []]",100
swin-small,2,,aten::permute,"[[2, 8, 8, 7, 7, 96], []]",100
swin-small,2,,aten::permute,"[[2, 96, 56, 56], []]",50
swin-small,2,,aten::permute,"[[32, 49, 3, 6, 32], []]",100
swin-small,2,,aten::permute,"[[4, 7, 4, 7], []]",50
swin-small,2,,aten::permute,"[[49, 49, 12], []]",900
swin-small,2,,aten::permute,"[[49, 49, 24], []]",100
swin-small,2,,aten::permute,"[[49, 49, 3], []]",100
swin-small,2,,aten::permute,"[[49, 49, 6], []]",100
swin-small,2,,aten::permute,"[[8, 49, 3, 12, 32], []]",900
swin-small,2,,aten::permute,"[[8, 7, 8, 7], []]",50
swin-small,2,,aten::reshape,"[[128, 3, 32, 49], []]",100
swin-small,2,,aten::reshape,"[[128, 3, 49, 32], []]",200
swin-small,2,,aten::reshape,"[[128, 3, 49, 49], []]",100
swin-small,2,,aten::reshape,"[[128, 49, 288], []]",100
swin-small,2,,aten::reshape,"[[128, 49, 3, 32], []]",100
swin-small,2,,aten::reshape,"[[128, 49, 96], []]",200
swin-small,2,,aten::reshape,"[[2, 1, 1, 7, 7, 768], []]",100
swin-small,2,,aten::reshape,"[[2, 1, 7, 1, 7, 768], []]",100
swin-small,2,,aten::reshape,"[[2, 14, 14, 1536], []]",900
swin-small,2,,aten::reshape,"[[2, 14, 14, 384], []]",900
swin-small,2,,aten::reshape,"[[2, 14, 14, 768], []]",50
swin-small,2,,aten::reshape,"[[2, 2, 2, 7, 7, 384], []]",900
swin-small,2,,aten::reshape,"[[2, 2, 7, 2, 7, 384], []]",900
swin-small,2,,aten::reshape,"[[2, 2, 7, 7], []]",450
swin-small,2,,aten::reshape,"[[2, 24, 32, 49], []]",100
swin-small,2,,aten::reshape,"[[2, 24, 49, 32], []]",200
swin-small,2,,aten::reshape,"[[2, 24, 49, 49], []]",100
swin-small,2,,aten::reshape,"[[2, 28, 28, 192], []]",100
swin-small,2,,aten::reshape,"[[2, 28, 28, 384], []]",50
swin-small,2,,aten::reshape,"[[2, 28, 28, 768], []]",100
swin-small,2,,aten::reshape,"[[2, 4, 4, 7, 7, 192], []]",100
swin-small,2,,aten::reshape,"[[2, 4, 7, 4, 7, 192], []]",100
swin-small,2,,aten::reshape,"[[2, 49, 2304], []]",100
swin-small,2,,aten::reshape,"[[2, 49, 24, 32], []]",100
swin-small,2,,aten::reshape,"[[2, 49, 768], []]",200
swin-small,2,,aten::reshape,"[[2, 56, 56, 384], []]",100
swin-small,2,,aten::reshape,"[[2, 56, 56, 96], []]",100
swin-small,2,,aten::reshape,"[[2, 7, 7, 1536], []]",50
swin-small,2,,aten::reshape,"[[2, 7, 7, 3072], []]",100
swin-small,2,,aten::reshape,"[[2, 7, 7, 768], []]",100
swin-small,2,,aten::reshape,"[[2, 8, 7, 8, 7, 96], []]",100
swin-small,2,,aten::reshape,"[[2, 8, 8, 7, 7, 96], []]",100
swin-small,2,,aten::reshape,"[[2401], []]",1200
swin-small,2,,aten::reshape,"[[32, 49, 192], []]",200
swin-small,2,,aten::reshape,"[[32, 49, 576], []]",100
swin-small,2,,aten::reshape,"[[32, 49, 6, 32], []]",100
swin-small,2,,aten::reshape,"[[32, 6, 32, 49], []]",100
swin-small,2,,aten::reshape,"[[32, 6, 49, 32], []]",200
swin-small,2,,aten::reshape,"[[32, 6, 49, 49], []]",100
swin-small,2,,aten::reshape,"[[4, 4, 7, 7], []]",50
swin-small,2,,aten::reshape,"[[8, 12, 32, 49], []]",900
swin-small,2,,aten::reshape,"[[8, 12, 49, 32], []]",1800
swin-small,2,,aten::reshape,"[[8, 12, 49, 49], []]",900
swin-small,2,,aten::reshape,"[[8, 49, 1152], []]",900
swin-small,2,,aten::reshape,"[[8, 49, 12, 32], []]",900
swin-small,2,,aten::reshape,"[[8, 49, 384], []]",1800
swin-small,2,,aten::reshape,"[[8, 8, 7, 7], []]",50
swin-small,2,,aten::reshape,"[[96], []]",50
swin-small,2,,aten::roll,"[[2, 14, 14, 384], [], []]",2700
swin-small,2,,aten::roll,"[[2, 28, 28, 192], [], []]",300
swin-small,2,,aten::roll,"[[2, 56, 56, 96], [], []]",300
swin-small,2,,aten::select,"[[3, 128, 3, 49, 32], [], []]",300
swin-small,2,,aten::select,"[[3, 2, 24, 49, 32], [], []]",300
swin-small,2,,aten::select,"[[3, 32, 6, 49, 32], [], []]",300
swin-small,2,,aten::select,"[[3, 8, 12, 49, 32], [], []]",2700
swin-small,2,,aten::slice,"[[14, 14], [], [], [], []]",4050
swin-small,2,,aten::slice,"[[2, 14, 14, 192], [], [], [], []]",200
swin-small,2,,aten::slice,"[[2, 14, 14, 384], [], [], [], []]",2000
swin-small,2,,aten::slice,"[[2, 14, 28, 192], [], [], [], []]",200
swin-small,2,,aten::slice,"[[2, 28, 28, 192], [], [], [], []]",400
swin-small,2,,aten::slice,"[[2, 28, 28, 96], [], [], [], []]",200
swin-small,2,,aten::slice,"[[2, 28, 56, 96], [], [], [], []]",200
swin-small,2,,aten::slice,"[[2, 56, 56, 96], [], [], [], []]",400
swin-small,2,,aten::slice,"[[2, 7, 14, 384], [], [], [], []]",200
swin-small,2,,aten::slice,"[[2, 7, 7, 384], [], [], [], []]",200
swin-small,2,,aten::slice,"[[2, 7, 7, 768], [], [], [], []]",200
swin-small,2,,aten::slice,"[[21, 28], [], [], [], []]",150
swin-small,2,,aten::slice,"[[28, 28], [], [], [], []]",450
swin-small,2,,aten::slice,"[[3, 14], [], [], [], []]",1350
swin-small,2,,aten::slice,"[[3, 28], [], [], [], []]",150
swin-small,2,,aten::slice,"[[3, 56], [], [], [], []]",150
swin-small,2,,aten::slice,"[[4, 14], [], [], [], []]",1350
swin-small,2,,aten::slice,"[[4, 28], [], [], [], []]",150
swin-small,2,,aten::slice,"[[4, 56], [], [], [], []]",150
swin-small,2,,aten::slice,"[[49, 56], [], [], [], []]",150
swin-small,2,,aten::slice,"[[56, 56], [], [], [], []]",450
swin-small,2,,aten::slice,"[[7, 14], [], [], [], []]",1350
swin-small,2,,aten::softmax,"[[128, 3, 49, 49], [], []]",100
swin-small,2,,aten::softmax,"[[2, 24, 49, 49], [], []]",100
swin-small,2,,aten::softmax,"[[32, 6, 49, 49], [], []]",100
swin-small,2,,aten::softmax,"[[8, 12, 49, 49], [], []]",900
swin-small,2,,aten::sub,"[[16, 1, 49], [16, 49, 1], []]",50
swin-small,2,,aten::sub,"[[4, 1, 49], [4, 49, 1], []]",450
swin-small,2,,aten::sub,"[[64, 1, 49], [64, 49, 1], []]",50
swin-small,2,,aten::transpose,"[[1000, 768], [], []]",50
swin-small,2,,aten::transpose,"[[1152, 384], [], []]",900
swin-small,2,,aten::transpose,"[[128, 3, 49, 32], [], []]",200
swin-small,2,,aten::transpose,"[[1536, 384], [], []]",900
swin-small,2,,aten::transpose,"[[192, 192], [], []]",100
swin-small,2,,aten::transpose,"[[192, 384], [], []]",50
swin-small,2,,aten::transpose,"[[192, 768], [], []]",100
swin-small,2,,aten::transpose,"[[2, 24, 49, 32], [], []]",200
swin-small,2,,aten::transpose,"[[2304, 768], [], []]",100
swin-small,2,,aten::transpose,"[[288, 96], [], []]",100
swin-small,2,,aten::transpose,"[[3072, 768], [], []]",100
swin-small,2,,aten::transpose,"[[32, 6, 49, 32], [], []]",200
swin-small,2,,aten::transpose,"[[384, 1536], [], []]",900
swin-small,2,,aten::transpose,"[[384, 384], [], []]",900
swin-small,2,,aten::transpose,"[[384, 768], [], []]",50
swin-small,2,,aten::transpose,"[[384, 96], [], []]",100
swin-small,2,,aten::transpose,"[[576, 192], [], []]",100
swin-small,2,,aten::transpose,"[[768, 1536], [], []]",50
swin-small,2,,aten::transpose,"[[768, 192], [], []]",100
swin-small,2,,aten::transpose,"[[768, 3072], [], []]",100
swin-small,2,,aten::transpose,"[[768, 768], [], []]",100
swin-small,2,,aten::transpose,"[[8, 12, 49, 32], [], []]",1800
swin-small,2,,aten::transpose,"[[96, 384], [], []]",100
swin-small,2,,aten::transpose,"[[96, 96], [], []]",100
swin-small,2,,aten::unsqueeze,"[[12, 49, 49], []]",900
swin-small,2,,aten::unsqueeze,"[[16, 1, 49, 49], []]",50
swin-small,2,,aten::unsqueeze,"[[16, 49, 49], []]",50
swin-small,2,,aten::unsqueeze,"[[16, 49], []]",100
swin-small,2,,aten::unsqueeze,"[[24, 49, 49], []]",100
swin-small,2,,aten::unsqueeze,"[[3, 49, 49], []]",100
swin-small,2,,aten::unsqueeze,"[[4, 1, 49, 49], []]",450
swin-small,2,,aten::unsqueeze,"[[4, 49, 49], []]",450
swin-small,2,,aten::unsqueeze,"[[4, 49], []]",900
swin-small,2,,aten::unsqueeze,"[[6, 49, 49], []]",100
swin-small,2,,aten::unsqueeze,"[[64, 1, 49, 49], []]",50
swin-small,2,,aten::unsqueeze,"[[64, 49, 49], []]",50
swin-small,2,,aten::unsqueeze,"[[64, 49], []]",100
swin-small,2,,aten::view,"[[128, 3, 49, 49], []]",150
swin-small,2,,aten::view,"[[128, 49, 288], []]",100
swin-small,2,,aten::view,"[[128, 49, 96], []]",300
swin-small,2,,aten::view,"[[14, 14], []]",450
swin-small,2,,aten::view,"[[1568, 192], []]",200
swin-small,2,,aten::view,"[[1568, 576], []]",100
swin-small,2,,aten::view,"[[1568, 768], []]",100
swin-small,2,,aten::view,"[[1568], []]",500
swin-small,2,,aten::view,"[[2, 1, 1, 7, 7, 768], []]",100
swin-small,2,,aten::view,"[[2, 1, 7, 1, 7, 768], []]",100
swin-small,2,,aten::view,"[[2, 14, 14, 1536], []]",900
swin-small,2,,aten::view,"[[2, 14, 14, 384], []]",1800
swin-small,2,,aten::view,"[[2, 14, 14, 768], []]",50
swin-small,2,,aten::view,"[[2, 16, 6, 49, 49], []]",50
swin-small,2,,aten::view,"[[2, 24, 49, 49], []]",100
swin-small,2,,aten::view,"[[2, 28, 28, 192], []]",200
swin-small,2,,aten::view,"[[2, 28, 28, 384], []]",50
swin-small,2,,aten::view,"[[2, 28, 28, 768], []]",100
swin-small,2,,aten::view,"[[2, 4, 12, 49, 49], []]",450
swin-small,2,,aten::view,"[[2, 49, 2304], []]",100
swin-small,2,,aten::view,"[[2, 49, 768], []]",300
swin-small,2,,aten::view,"[[2, 56, 56, 384], []]",100
swin-small,2,,aten::view,"[[2, 56, 56, 96], []]",200
swin-small,2,,aten::view,"[[2, 64, 3, 49, 49], []]",50
swin-small,2,,aten::view,"[[2, 7, 7, 1536], []]",50
swin-small,2,,aten::view,"[[2, 7, 7, 3072], []]",100
swin-small,2,,aten::view,"[[2, 7, 7, 768], []]",200
swin-small,2,,aten::view,"[[2, 768, 1, 1], []]",50
swin-small,2,,aten::view,"[[2401, 12], []]",900
swin-small,2,,aten::view,"[[2401, 24], []]",100
swin-small,2,,aten::view,"[[2401, 3], []]",100
swin-small,2,,aten::view,"[[2401, 6], []]",100
swin-small,2,,aten::view,"[[2401], []]",1200
swin-small,2,,aten::view,"[[28, 28], []]",50
swin-small,2,,aten::view,"[[32, 49, 192], []]",300
swin-small,2,,aten::view,"[[32, 49, 576], []]",100
swin-small,2,,aten::view,"[[32, 6, 49, 49], []]",150
swin-small,2,,aten::view,"[[392, 1152], []]",900
swin-small,2,,aten::view,"[[392, 1536], []]",900
swin-small,2,,aten::view,"[[392, 384], []]",1800
swin-small,2,,aten::view,"[[392], []]",3700
swin-small,2,,aten::view,"[[56, 56], []]",50
swin-small,2,,aten::view,"[[6272, 288], []]",100
swin-small,2,,aten::view,"[[6272, 384], []]",100
swin-small,2,,aten::view,"[[6272, 96], []]",200
swin-small,2,,aten::view,"[[6272], []]",500
swin-small,2,,aten::view,"[[8, 12, 49, 49], []]",1350
swin-small,2,,aten::view,"[[8, 49, 1152], []]",900
swin-small,2,,aten::view,"[[8, 49, 384], []]",2700
swin-small,2,,aten::view,"[[96], []]",50
swin-small,2,,aten::view,"[[98, 2304], []]",100
swin-small,2,,aten::view,"[[98, 3072], []]",100
swin-small,2,,aten::view,"[[98, 768], []]",200
swin-small,2,,aten::view,"[[98], []]",600
swin-small,2,,cudadevicesynchronize,[],51
swin-small,4,,aten::adaptive_avg_pool2d,"[[4, 768, 7, 7], []]",50
swin-small,4,,aten::add,"[[16, 12, 49, 49], [1, 12, 49, 49], []]",900
swin-small,4,,aten::add,"[[256, 3, 49, 49], [1, 3, 49, 49], []]",100
swin-small,4,,aten::add,"[[4, 14, 14, 384], [4, 14, 14, 384], []]",1800
swin-small,4,,aten::add,"[[4, 16, 6, 49, 49], [1, 16, 1, 49, 49], []]",50
swin-small,4,,aten::add,"[[4, 24, 49, 49], [1, 24, 49, 49], []]",100
swin-small,4,,aten::add,"[[4, 28, 28, 192], [4, 28, 28, 192], []]",200
swin-small,4,,aten::add,"[[4, 4, 12, 49, 49], [1, 4, 1, 49, 49], []]",450
swin-small,4,,aten::add,"[[4, 56, 56, 96], [4, 56, 56, 96], []]",200
swin-small,4,,aten::add,"[[4, 64, 3, 49, 49], [1, 64, 1, 49, 49], []]",50
swin-small,4,,aten::add,"[[4, 7, 7, 768], [4, 7, 7, 768], []]",200
swin-small,4,,aten::add,"[[64, 6, 49, 49], [1, 6, 49, 49], []]",100
swin-small,4,,aten::cat,"[[], []]",150
swin-small,4,,aten::contiguous,"[[12, 49, 49], []]",900
swin-small,4,,aten::contiguous,"[[24, 49, 49], []]",100
swin-small,4,,aten::contiguous,"[[3, 49, 49], []]",100
swin-small,4,,aten::contiguous,"[[4, 56, 56, 96], []]",50
swin-small,4,,aten::contiguous,"[[6, 49, 49], []]",100
swin-small,4,,aten::dropout,"[[16, 12, 49, 49], [], []]",900
swin-small,4,,aten::dropout,"[[16, 49, 384], [], []]",900
swin-small,4,,aten::dropout,"[[256, 3, 49, 49], [], []]",100
swin-small,4,,aten::dropout,"[[256, 49, 96], [], []]",100
swin-small,4,,aten::dropout,"[[4, 14, 14, 1536], [], []]",900
swin-small,4,,aten::dropout,"[[4, 14, 14, 384], [], []]",900
swin-small,4,,aten::dropout,"[[4, 24, 49, 49], [], []]",100
swin-small,4,,aten::dropout,"[[4, 28, 28, 192], [], []]",100
swin-small,4,,aten::dropout,"[[4, 28, 28, 768], [], []]",100
swin-small,4,,aten::dropout,"[[4, 49, 768], [], []]",100
swin-small,4,,aten::dropout,"[[4, 56, 56, 384], [], []]",100
swin-small,4,,aten::dropout,"[[4, 56, 56, 96], [], []]",100
swin-small,4,,aten::dropout,"[[4, 7, 7, 3072], [], []]",100
swin-small,4,,aten::dropout,"[[4, 7, 7, 768], [], []]",100
swin-small,4,,aten::dropout,"[[64, 49, 192], [], []]",100
swin-small,4,,aten::dropout,"[[64, 6, 49, 49], [], []]",100
swin-small,4,,aten::eq,"[[16, 49, 49], []]",50
swin-small,4,,aten::eq,"[[4, 49, 49], []]",450
swin-small,4,,aten::eq,"[[64, 49, 49], []]",50
swin-small,4,,aten::fill_,"[[14, 14], []]",450
swin-small,4,,aten::fill_,"[[21, 21], []]",50
swin-small,4,,aten::fill_,"[[21, 3], []]",50
swin-small,4,,aten::fill_,"[[21, 4], []]",50
swin-small,4,,aten::fill_,"[[28, 28], []]",50
swin-small,4,,aten::fill_,"[[3, 21], []]",50
swin-small,4,,aten::fill_,"[[3, 3], []]",550
swin-small,4,,aten::fill_,"[[3, 49], []]",50
swin-small,4,,aten::fill_,"[[3, 4], []]",550
swin-small,4,,aten::fill_,"[[3, 7], []]",450
swin-small,4,,aten::fill_,"[[4, 21], []]",50
swin-small,4,,aten::fill_,"[[4, 3], []]",550
swin-small,4,,aten::fill_,"[[4, 49], []]",50
swin-small,4,,aten::fill_,"[[4, 4], []]",550
swin-small,4,,aten::fill_,"[[4, 7], []]",450
swin-small,4,,aten::fill_,"[[49, 3], []]",50
swin-small,4,,aten::fill_,"[[49, 49], []]",50
swin-small,4,,aten::fill_,"[[49, 4], []]",50
swin-small,4,,aten::fill_,"[[56, 56], []]",50
swin-small,4,,aten::fill_,"[[7, 3], []]",450
swin-small,4,,aten::fill_,"[[7, 4], []]",450
swin-small,4,,aten::fill_,"[[7, 7], []]",450
swin-small,4,,aten::flatten,"[[4, 768, 1, 1], [], []]",50
swin-small,4,,aten::gelu,"[[4, 14, 14, 1536], []]",900
swin-small,4,,aten::gelu,"[[4, 28, 28, 768], []]",100
swin-small,4,,aten::gelu,"[[4, 56, 56, 384], []]",100
swin-small,4,,aten::gelu,"[[4, 7, 7, 3072], []]",100
swin-small,4,,aten::index,"[[169, 12], []]",900
swin-small,4,,aten::index,"[[169, 24], []]",100
swin-small,4,,aten::index,"[[169, 3], []]",100
swin-small,4,,aten::index,"[[169, 6], []]",100
swin-small,4,,aten::layer_norm,"[[4, 14, 14, 384], [], [384], [384], [], []]",1800
swin-small,4,,aten::layer_norm,"[[4, 14, 14, 768], [], [768], [768], [], []]",50
swin-small,4,,aten::layer_norm,"[[4, 28, 28, 192], [], [192], [192], [], []]",200
swin-small,4,,aten::layer_norm,"[[4, 28, 28, 384], [], [384], [384], [], []]",50
swin-small,4,,aten::layer_norm,"[[4, 56, 56, 96], [], [96], [96], [], []]",250
swin-small,4,,aten::layer_norm,"[[4, 7, 7, 1536], [], [1536], [1536], [], []]",50
swin-small,4,,aten::layer_norm,"[[4, 7, 7, 768], [], [768], [768], [], []]",250
swin-small,4,,aten::lift_fresh,[[]],4950
swin-small,4,,aten::masked_fill,"[[16, 49, 49], [16, 49, 49], []]",100
swin-small,4,,aten::masked_fill,"[[4, 49, 49], [4, 49, 49], []]",900
swin-small,4,,aten::masked_fill,"[[64, 49, 49], [64, 49, 49], []]",100
swin-small,4,,aten::mul,"[[16, 12, 49, 32], []]",900
swin-small,4,,aten::mul,"[[256, 3, 49, 32], []]",100
swin-small,4,,aten::mul,"[[4, 24, 49, 32], []]",100
swin-small,4,,aten::mul,"[[64, 6, 49, 32], []]",100
swin-small,4,,aten::ne,"[[16, 49, 49], []]",50
swin-small,4,,aten::ne,"[[4, 49, 49], []]",450
swin-small,4,,aten::ne,"[[64, 49, 49], []]",50
swin-small,4,,aten::new_zeros,"[[16, 49, 384], [], [], [], [], []]",450
swin-small,4,,aten::new_zeros,"[[256, 49, 96], [], [], [], [], []]",50
swin-small,4,,aten::new_zeros,"[[64, 49, 192], [], [], [], [], []]",50
swin-small,4,,aten::pad,"[[4, 14, 14, 384], [], [], []]",950
swin-small,4,,aten::pad,"[[4, 28, 28, 192], [], [], []]",150
swin-small,4,,aten::pad,"[[4, 56, 56, 96], [], [], []]",150
swin-small,4,,aten::pad,"[[4, 7, 7, 768], [], [], []]",100
swin-small,4,,aten::permute,"[[16, 49, 3, 12, 32], []]",900
swin-small,4,,aten::permute,"[[2, 7, 2, 7], []]",450
swin-small,4,,aten::permute,"[[256, 49, 3, 3, 32], []]",100
swin-small,4,,aten::permute,"[[4, 1, 1, 7, 7, 768], []]",100
swin-small,4,,aten::permute,"[[4, 1, 7, 1, 7, 768], []]",100
swin-small,4,,aten::permute,"[[4, 2, 2, 7, 7, 384], []]",900
swin-small,4,,aten::permute,"[[4, 2, 7, 2, 7, 384], []]",900
swin-small,4,,aten::permute,"[[4, 4, 4, 7, 7, 192], []]",100
swin-small,4,,aten::permute,"[[4, 4, 7, 4, 7, 192], []]",100
swin-small,4,,aten::permute,"[[4, 49, 3, 24, 32], []]",100
swin-small,4,,aten::permute,"[[4, 7, 4, 7], []]",50
swin-small,4,,aten::permute,"[[4, 7, 7, 768], []]",50
swin-small,4,,aten::permute,"[[4, 8, 7, 8, 7, 96], []]",100
swin-small,4,,aten::permute,"[[4, 8, 8, 7, 7, 96], []]",100
swin-small,4,,aten::permute,"[[4, 96, 56, 56], []]",50
swin-small,4,,aten::permute,"[[49, 49, 12], []]",900
swin-small,4,,aten::permute,"[[49, 49, 24], []]",100
swin-small,4,,aten::permute,"[[49, 49, 3], []]",100
swin-small,4,,aten::permute,"[[49, 49, 6], []]",100
swin-small,4,,aten::permute,"[[64, 49, 3, 6, 32], []]",100
swin-small,4,,aten::permute,"[[8, 7, 8, 7], []]",50
swin-small,4,,aten::reshape,"[[16, 12, 32, 49], []]",900
swin-small,4,,aten::reshape,"[[16, 12, 49, 32], []]",1800
swin-small,4,,aten::reshape,"[[16, 12, 49, 49], []]",900
swin-small,4,,aten::reshape,"[[16, 49, 1152], []]",900
swin-small,4,,aten::reshape,"[[16, 49, 12, 32], []]",900
swin-small,4,,aten::reshape,"[[16, 49, 384], []]",1800
swin-small,4,,aten::reshape,"[[2, 2, 7, 7], []]",450
swin-small,4,,aten::reshape,"[[2401], []]",1200
swin-small,4,,aten::reshape,"[[256, 3, 32, 49], []]",100
swin-small,4,,aten::reshape,"[[256, 3, 49, 32], []]",200
swin-small,4,,aten::reshape,"[[256, 3, 49, 49], []]",100
swin-small,4,,aten::reshape,"[[256, 49, 288], []]",100
swin-small,4,,aten::reshape,"[[256, 49, 3, 32], []]",100
swin-small,4,,aten::reshape,"[[256, 49, 96], []]",200
swin-small,4,,aten::reshape,"[[4, 1, 1, 7, 7, 768], []]",100
swin-small,4,,aten::reshape,"[[4, 1, 7, 1, 7, 768], []]",100
swin-small,4,,aten::reshape,"[[4, 14, 14, 1536], []]",900
swin-small,4,,aten::reshape,"[[4, 14, 14, 384], []]",900
swin-small,4,,aten::reshape,"[[4, 14, 14, 768], []]",50
swin-small,4,,aten::reshape,"[[4, 2, 2, 7, 7, 384], []]",900
swin-small,4,,aten::reshape,"[[4, 2, 7, 2, 7, 384], []]",900
swin-small,4,,aten::reshape,"[[4, 24, 32, 49], []]",100
swin-small,4,,aten::reshape,"[[4, 24, 49, 32], []]",200
swin-small,4,,aten::reshape,"[[4, 24, 49, 49], []]",100
swin-small,4,,aten::reshape,"[[4, 28, 28, 192], []]",100
swin-small,4,,aten::reshape,"[[4, 28, 28, 384], []]",50
swin-small,4,,aten::reshape,"[[4, 28, 28, 768], []]",100
swin-small,4,,aten::reshape,"[[4, 4, 4, 7, 7, 192], []]",100
swin-small,4,,aten::reshape,"[[4, 4, 7, 4, 7, 192], []]",100
swin-small,4,,aten::reshape,"[[4, 4, 7, 7], []]",50
swin-small,4,,aten::reshape,"[[4, 49, 2304], []]",100
swin-small,4,,aten::reshape,"[[4, 49, 24, 32], []]",100
swin-small,4,,aten::reshape,"[[4, 49, 768], []]",200
swin-small,4,,aten::reshape,"[[4, 56, 56, 384], []]",100
swin-small,4,,aten::reshape,"[[4, 56, 56, 96], []]",100
swin-small,4,,aten::reshape,"[[4, 7, 7, 1536], []]",50
swin-small,4,,aten::reshape,"[[4, 7, 7, 3072], []]",100
swin-small,4,,aten::reshape,"[[4, 7, 7, 768], []]",100
swin-small,4,,aten::reshape,"[[4, 8, 7, 8, 7, 96], []]",100
swin-small,4,,aten::reshape,"[[4, 8, 8, 7, 7, 96], []]",100
swin-small,4,,aten::reshape,"[[64, 49, 192], []]",200
swin-small,4,,aten::reshape,"[[64, 49, 576], []]",100
swin-small,4,,aten::reshape,"[[64, 49, 6, 32], []]",100
swin-small,4,,aten::reshape,"[[64, 6, 32, 49], []]",100
swin-small,4,,aten::reshape,"[[64, 6, 49, 32], []]",200
swin-small,4,,aten::reshape,"[[64, 6, 49, 49], []]",100
swin-small,4,,aten::reshape,"[[8, 8, 7, 7], []]",50
swin-small,4,,aten::reshape,"[[96], []]",50
swin-small,4,,aten::roll,"[[4, 14, 14, 384], [], []]",2700
swin-small,4,,aten::roll,"[[4, 28, 28, 192], [], []]",300
swin-small,4,,aten::roll,"[[4, 56, 56, 96], [], []]",300
swin-small,4,,aten::select,"[[3, 16, 12, 49, 32], [], []]",2700
swin-small,4,,aten::select,"[[3, 256, 3, 49, 32], [], []]",300
swin-small,4,,aten::select,"[[3, 4, 24, 49, 32], [], []]",300
swin-small,4,,aten::select,"[[3, 64, 6, 49, 32], [], []]",300
swin-small,4,,aten::slice,"[[14, 14], [], [], [], []]",4050
swin-small,4,,aten::slice,"[[21, 28], [], [], [], []]",150
swin-small,4,,aten::slice,"[[28, 28], [], [], [], []]",450
swin-small,4,,aten::slice,"[[3, 14], [], [], [], []]",1350
swin-small,4,,aten::slice,"[[3, 28], [], [], [], []]",150
swin-small,4,,aten::slice,"[[3, 56], [], [], [], []]",150
swin-small,4,,aten::slice,"[[4, 14, 14, 192], [], [], [], []]",200
swin-small,4,,aten::slice,"[[4, 14, 14, 384], [], [], [], []]",2000
swin-small,4,,aten::slice,"[[4, 14, 28, 192], [], [], [], []]",200
swin-small,4,,aten::slice,"[[4, 14], [], [], [], []]",1350
swin-small,4,,aten::slice,"[[4, 28, 28, 192], [], [], [], []]",400
swin-small,4,,aten::slice,"[[4, 28, 28, 96], [], [], [], []]",200
swin-small,4,,aten::slice,"[[4, 28, 56, 96], [], [], [], []]",200
swin-small,4,,aten::slice,"[[4, 28], [], [], [], []]",150
swin-small,4,,aten::slice,"[[4, 56, 56, 96], [], [], [], []]",400
swin-small,4,,aten::slice,"[[4, 56], [], [], [], []]",150
swin-small,4,,aten::slice,"[[4, 7, 14, 384], [], [], [], []]",200
swin-small,4,,aten::slice,"[[4, 7, 7, 384], [], [], [], []]",200
swin-small,4,,aten::slice,"[[4, 7, 7, 768], [], [], [], []]",200
swin-small,4,,aten::slice,"[[49, 56], [], [], [], []]",150
swin-small,4,,aten::slice,"[[56, 56], [], [], [], []]",450
swin-small,4,,aten::slice,"[[7, 14], [], [], [], []]",1350
swin-small,4,,aten::softmax,"[[16, 12, 49, 49], [], []]",900
swin-small,4,,aten::softmax,"[[256, 3, 49, 49], [], []]",100
swin-small,4,,aten::softmax,"[[4, 24, 49, 49], [], []]",100
swin-small,4,,aten::softmax,"[[64, 6, 49, 49], [], []]",100
swin-small,4,,aten::sub,"[[16, 1, 49], [16, 49, 1], []]",50
swin-small,4,,aten::sub,"[[4, 1, 49], [4, 49, 1], []]",450
swin-small,4,,aten::sub,"[[64, 1, 49], [64, 49, 1], []]",50
swin-small,4,,aten::transpose,"[[1000, 768], [], []]",50
swin-small,4,,aten::transpose,"[[1152, 384], [], []]",900
swin-small,4,,aten::transpose,"[[1536, 384], [], []]",900
swin-small,4,,aten::transpose,"[[16, 12, 49, 32], [], []]",1800
swin-small,4,,aten::transpose,"[[192, 192], [], []]",100
swin-small,4,,aten::transpose,"[[192, 384], [], []]",50
swin-small,4,,aten::transpose,"[[192, 768], [], []]",100
swin-small,4,,aten::transpose,"[[2304, 768], [], []]",100
swin-small,4,,aten::transpose,"[[256, 3, 49, 32], [], []]",200
swin-small,4,,aten::transpose,"[[288, 96], [], []]",100
swin-small,4,,aten::transpose,"[[3072, 768], [], []]",100
swin-small,4,,aten::transpose,"[[384, 1536], [], []]",900
swin-small,4,,aten::transpose,"[[384, 384], [], []]",900
swin-small,4,,aten::transpose,"[[384, 768], [], []]",50
swin-small,4,,aten::transpose,"[[384, 96], [], []]",100
swin-small,4,,aten::transpose,"[[4, 24, 49, 32], [], []]",200
swin-small,4,,aten::transpose,"[[576, 192], [], []]",100
swin-small,4,,aten::transpose,"[[64, 6, 49, 32], [], []]",200
swin-small,4,,aten::transpose,"[[768, 1536], [], []]",50
swin-small,4,,aten::transpose,"[[768, 192], [], []]",100
swin-small,4,,aten::transpose,"[[768, 3072], [], []]",100
swin-small,4,,aten::transpose,"[[768, 768], [], []]",100
swin-small,4,,aten::transpose,"[[96, 384], [], []]",100
swin-small,4,,aten::transpose,"[[96, 96], [], []]",100
swin-small,4,,aten::unsqueeze,"[[12, 49, 49], []]",900
swin-small,4,,aten::unsqueeze,"[[16, 1, 49, 49], []]",50
swin-small,4,,aten::unsqueeze,"[[16, 49, 49], []]",50
swin-small,4,,aten::unsqueeze,"[[16, 49], []]",100
swin-small,4,,aten::unsqueeze,"[[24, 49, 49], []]",100
swin-small,4,,aten::unsqueeze,"[[3, 49, 49], []]",100
swin-small,4,,aten::unsqueeze,"[[4, 1, 49, 49], []]",450
swin-small,4,,aten::unsqueeze,"[[4, 49, 49], []]",450
swin-small,4,,aten::unsqueeze,"[[4, 49], []]",900
swin-small,4,,aten::unsqueeze,"[[6, 49, 49], []]",100
swin-small,4,,aten::unsqueeze,"[[64, 1, 49, 49], []]",50
swin-small,4,,aten::unsqueeze,"[[64, 49, 49], []]",50
swin-small,4,,aten::unsqueeze,"[[64, 49], []]",100
swin-small,4,,aten::view,"[[12544, 288], []]",100
swin-small,4,,aten::view,"[[12544, 384], []]",100
swin-small,4,,aten::view,"[[12544, 96], []]",200
swin-small,4,,aten::view,"[[12544], []]",500
swin-small,4,,aten::view,"[[14, 14], []]",450
swin-small,4,,aten::view,"[[16, 12, 49, 49], []]",1350
swin-small,4,,aten::view,"[[16, 49, 1152], []]",900
swin-small,4,,aten::view,"[[16, 49, 384], []]",2700
swin-small,4,,aten::view,"[[196, 2304], []]",100
swin-small,4,,aten::view,"[[196, 3072], []]",100
swin-small,4,,aten::view,"[[196, 768], []]",200
swin-small,4,,aten::view,"[[196], []]",600
swin-small,4,,aten::view,"[[2401, 12], []]",900
swin-small,4,,aten::view,"[[2401, 24], []]",100
swin-small,4,,aten::view,"[[2401, 3], []]",100
swin-small,4,,aten::view,"[[2401, 6], []]",100
swin-small,4,,aten::view,"[[2401], []]",1200
swin-small,4,,aten::view,"[[256, 3, 49, 49], []]",150
swin-small,4,,aten::view,"[[256, 49, 288], []]",100
swin-small,4,,aten::view,"[[256, 49, 96], []]",300
swin-small,4,,aten::view,"[[28, 28], []]",50
swin-small,4,,aten::view,"[[3136, 192], []]",200
swin-small,4,,aten::view,"[[3136, 576], []]",100
swin-small,4,,aten::view,"[[3136, 768], []]",100
swin-small,4,,aten::view,"[[3136], []]",500
swin-small,4,,aten::view,"[[4, 1, 1, 7, 7, 768], []]",100
swin-small,4,,aten::view,"[[4, 1, 7, 1, 7, 768], []]",100
swin-small,4,,aten::view,"[[4, 14, 14, 1536], []]",900
swin-small,4,,aten::view,"[[4, 14, 14, 384], []]",1800
swin-small,4,,aten::view,"[[4, 14, 14, 768], []]",50
swin-small,4,,aten::view,"[[4, 16, 6, 49, 49], []]",50
swin-small,4,,aten::view,"[[4, 24, 49, 49], []]",100
swin-small,4,,aten::view,"[[4, 28, 28, 192], []]",200
swin-small,4,,aten::view,"[[4, 28, 28, 384], []]",50
swin-small,4,,aten::view,"[[4, 28, 28, 768], []]",100
swin-small,4,,aten::view,"[[4, 4, 12, 49, 49], []]",450
swin-small,4,,aten::view,"[[4, 49, 2304], []]",100
swin-small,4,,aten::view,"[[4, 49, 768], []]",300
swin-small,4,,aten::view,"[[4, 56, 56, 384], []]",100
swin-small,4,,aten::view,"[[4, 56, 56, 96], []]",200
swin-small,4,,aten::view,"[[4, 64, 3, 49, 49], []]",50
swin-small,4,,aten::view,"[[4, 7, 7, 1536], []]",50
swin-small,4,,aten::view,"[[4, 7, 7, 3072], []]",100
swin-small,4,,aten::view,"[[4, 7, 7, 768], []]",200
swin-small,4,,aten::view,"[[4, 768, 1, 1], []]",50
swin-small,4,,aten::view,"[[56, 56], []]",50
swin-small,4,,aten::view,"[[64, 49, 192], []]",300
swin-small,4,,aten::view,"[[64, 49, 576], []]",100
swin-small,4,,aten::view,"[[64, 6, 49, 49], []]",150
swin-small,4,,aten::view,"[[784, 1152], []]",900
swin-small,4,,aten::view,"[[784, 1536], []]",900
swin-small,4,,aten::view,"[[784, 384], []]",1800
swin-small,4,,aten::view,"[[784], []]",3700
swin-small,4,,aten::view,"[[96], []]",50
swin-small,4,,cudadevicesynchronize,[],51
swin-small,8,,aten::adaptive_avg_pool2d,"[[8, 768, 7, 7], []]",50
swin-small,8,,aten::add,"[[128, 6, 49, 49], [1, 6, 49, 49], []]",100
swin-small,8,,aten::add,"[[32, 12, 49, 49], [1, 12, 49, 49], []]",900
swin-small,8,,aten::add,"[[512, 3, 49, 49], [1, 3, 49, 49], []]",100
swin-small,8,,aten::add,"[[8, 14, 14, 384], [8, 14, 14, 384], []]",1800
swin-small,8,,aten::add,"[[8, 16, 6, 49, 49], [1, 16, 1, 49, 49], []]",50
swin-small,8,,aten::add,"[[8, 24, 49, 49], [1, 24, 49, 49], []]",100
swin-small,8,,aten::add,"[[8, 28, 28, 192], [8, 28, 28, 192], []]",200
swin-small,8,,aten::add,"[[8, 4, 12, 49, 49], [1, 4, 1, 49, 49], []]",450
swin-small,8,,aten::add,"[[8, 56, 56, 96], [8, 56, 56, 96], []]",200
swin-small,8,,aten::add,"[[8, 64, 3, 49, 49], [1, 64, 1, 49, 49], []]",50
swin-small,8,,aten::add,"[[8, 7, 7, 768], [8, 7, 7, 768], []]",200
swin-small,8,,aten::cat,"[[], []]",150
swin-small,8,,aten::contiguous,"[[12, 49, 49], []]",900
swin-small,8,,aten::contiguous,"[[24, 49, 49], []]",100
swin-small,8,,aten::contiguous,"[[3, 49, 49], []]",100
swin-small,8,,aten::contiguous,"[[6, 49, 49], []]",100
swin-small,8,,aten::contiguous,"[[8, 56, 56, 96], []]",50
swin-small,8,,aten::dropout,"[[128, 49, 192], [], []]",100
swin-small,8,,aten::dropout,"[[128, 6, 49, 49], [], []]",100
swin-small,8,,aten::dropout,"[[32, 12, 49, 49], [], []]",900
swin-small,8,,aten::dropout,"[[32, 49, 384], [], []]",900
swin-small,8,,aten::dropout,"[[512, 3, 49, 49], [], []]",100
swin-small,8,,aten::dropout,"[[512, 49, 96], [], []]",100
swin-small,8,,aten::dropout,"[[8, 14, 14, 1536], [], []]",900
swin-small,8,,aten::dropout,"[[8, 14, 14, 384], [], []]",900
swin-small,8,,aten::dropout,"[[8, 24, 49, 49], [], []]",100
swin-small,8,,aten::dropout,"[[8, 28, 28, 192], [], []]",100
swin-small,8,,aten::dropout,"[[8, 28, 28, 768], [], []]",100
swin-small,8,,aten::dropout,"[[8, 49, 768], [], []]",100
swin-small,8,,aten::dropout,"[[8, 56, 56, 384], [], []]",100
swin-small,8,,aten::dropout,"[[8, 56, 56, 96], [], []]",100
swin-small,8,,aten::dropout,"[[8, 7, 7, 3072], [], []]",100
swin-small,8,,aten::dropout,"[[8, 7, 7, 768], [], []]",100
swin-small,8,,aten::eq,"[[16, 49, 49], []]",50
swin-small,8,,aten::eq,"[[4, 49, 49], []]",450
swin-small,8,,aten::eq,"[[64, 49, 49], []]",50
swin-small,8,,aten::fill_,"[[14, 14], []]",450
swin-small,8,,aten::fill_,"[[21, 21], []]",50
swin-small,8,,aten::fill_,"[[21, 3], []]",50
swin-small,8,,aten::fill_,"[[21, 4], []]",50
swin-small,8,,aten::fill_,"[[28, 28], []]",50
swin-small,8,,aten::fill_,"[[3, 21], []]",50
swin-small,8,,aten::fill_,"[[3, 3], []]",550
swin-small,8,,aten::fill_,"[[3, 49], []]",50
swin-small,8,,aten::fill_,"[[3, 4], []]",550
swin-small,8,,aten::fill_,"[[3, 7], []]",450
swin-small,8,,aten::fill_,"[[4, 21], []]",50
swin-small,8,,aten::fill_,"[[4, 3], []]",550
swin-small,8,,aten::fill_,"[[4, 49], []]",50
swin-small,8,,aten::fill_,"[[4, 4], []]",550
swin-small,8,,aten::fill_,"[[4, 7], []]",450
swin-small,8,,aten::fill_,"[[49, 3], []]",50
swin-small,8,,aten::fill_,"[[49, 49], []]",50
swin-small,8,,aten::fill_,"[[49, 4], []]",50
swin-small,8,,aten::fill_,"[[56, 56], []]",50
swin-small,8,,aten::fill_,"[[7, 3], []]",450
swin-small,8,,aten::fill_,"[[7, 4], []]",450
swin-small,8,,aten::fill_,"[[7, 7], []]",450
swin-small,8,,aten::flatten,"[[8, 768, 1, 1], [], []]",50
swin-small,8,,aten::gelu,"[[8, 14, 14, 1536], []]",900
swin-small,8,,aten::gelu,"[[8, 28, 28, 768], []]",100
swin-small,8,,aten::gelu,"[[8, 56, 56, 384], []]",100
swin-small,8,,aten::gelu,"[[8, 7, 7, 3072], []]",100
swin-small,8,,aten::index,"[[169, 12], []]",900
swin-small,8,,aten::index,"[[169, 24], []]",100
swin-small,8,,aten::index,"[[169, 3], []]",100
swin-small,8,,aten::index,"[[169, 6], []]",100
swin-small,8,,aten::layer_norm,"[[8, 14, 14, 384], [], [384], [384], [], []]",1800
swin-small,8,,aten::layer_norm,"[[8, 14, 14, 768], [], [768], [768], [], []]",50
swin-small,8,,aten::layer_norm,"[[8, 28, 28, 192], [], [192], [192], [], []]",200
swin-small,8,,aten::layer_norm,"[[8, 28, 28, 384], [], [384], [384], [], []]",50
swin-small,8,,aten::layer_norm,"[[8, 56, 56, 96], [], [96], [96], [], []]",250
swin-small,8,,aten::layer_norm,"[[8, 7, 7, 1536], [], [1536], [1536], [], []]",50
swin-small,8,,aten::layer_norm,"[[8, 7, 7, 768], [], [768], [768], [], []]",250
swin-small,8,,aten::lift_fresh,[[]],4950
swin-small,8,,aten::masked_fill,"[[16, 49, 49], [16, 49, 49], []]",100
swin-small,8,,aten::masked_fill,"[[4, 49, 49], [4, 49, 49], []]",900
swin-small,8,,aten::masked_fill,"[[64, 49, 49], [64, 49, 49], []]",100
swin-small,8,,aten::mul,"[[128, 6, 49, 32], []]",100
swin-small,8,,aten::mul,"[[32, 12, 49, 32], []]",900
swin-small,8,,aten::mul,"[[512, 3, 49, 32], []]",100
swin-small,8,,aten::mul,"[[8, 24, 49, 32], []]",100
swin-small,8,,aten::ne,"[[16, 49, 49], []]",50
swin-small,8,,aten::ne,"[[4, 49, 49], []]",450
swin-small,8,,aten::ne,"[[64, 49, 49], []]",50
swin-small,8,,aten::new_zeros,"[[128, 49, 192], [], [], [], [], []]",50
swin-small,8,,aten::new_zeros,"[[32, 49, 384], [], [], [], [], []]",450
swin-small,8,,aten::new_zeros,"[[512, 49, 96], [], [], [], [], []]",50
swin-small,8,,aten::pad,"[[8, 14, 14, 384], [], [], []]",950
swin-small,8,,aten::pad,"[[8, 28, 28, 192], [], [], []]",150
swin-small,8,,aten::pad,"[[8, 56, 56, 96], [], [], []]",150
swin-small,8,,aten::pad,"[[8, 7, 7, 768], [], [], []]",100
swin-small,8,,aten::permute,"[[128, 49, 3, 6, 32], []]",100
swin-small,8,,aten::permute,"[[2, 7, 2, 7], []]",450
swin-small,8,,aten::permute,"[[32, 49, 3, 12, 32], []]",900
swin-small,8,,aten::permute,"[[4, 7, 4, 7], []]",50
swin-small,8,,aten::permute,"[[49, 49, 12], []]",900
swin-small,8,,aten::permute,"[[49, 49, 24], []]",100
swin-small,8,,aten::permute,"[[49, 49, 3], []]",100
swin-small,8,,aten::permute,"[[49, 49, 6], []]",100
swin-small,8,,aten::permute,"[[512, 49, 3, 3, 32], []]",100
swin-small,8,,aten::permute,"[[8, 1, 1, 7, 7, 768], []]",100
swin-small,8,,aten::permute,"[[8, 1, 7, 1, 7, 768], []]",100
swin-small,8,,aten::permute,"[[8, 2, 2, 7, 7, 384], []]",900
swin-small,8,,aten::permute,"[[8, 2, 7, 2, 7, 384], []]",900
swin-small,8,,aten::permute,"[[8, 4, 4, 7, 7, 192], []]",100
swin-small,8,,aten::permute,"[[8, 4, 7, 4, 7, 192], []]",100
swin-small,8,,aten::permute,"[[8, 49, 3, 24, 32], []]",100
swin-small,8,,aten::permute,"[[8, 7, 7, 768], []]",50
swin-small,8,,aten::permute,"[[8, 7, 8, 7], []]",50
swin-small,8,,aten::permute,"[[8, 8, 7, 8, 7, 96], []]",100
swin-small,8,,aten::permute,"[[8, 8, 8, 7, 7, 96], []]",100
swin-small,8,,aten::permute,"[[8, 96, 56, 56], []]",50
swin-small,8,,aten::reshape,"[[128, 49, 192], []]",200
swin-small,8,,aten::reshape,"[[128, 49, 576], []]",100
swin-small,8,,aten::reshape,"[[128, 49, 6, 32], []]",100
swin-small,8,,aten::reshape,"[[128, 6, 32, 49], []]",100
swin-small,8,,aten::reshape,"[[128, 6, 49, 32], []]",200
swin-small,8,,aten::reshape,"[[128, 6, 49, 49], []]",100
swin-small,8,,aten::reshape,"[[2, 2, 7, 7], []]",450
swin-small,8,,aten::reshape,"[[2401], []]",1200
swin-small,8,,aten::reshape,"[[32, 12, 32, 49], []]",900
swin-small,8,,aten::reshape,"[[32, 12, 49, 32], []]",1800
swin-small,8,,aten::reshape,"[[32, 12, 49, 49], []]",900
swin-small,8,,aten::reshape,"[[32, 49, 1152], []]",900
swin-small,8,,aten::reshape,"[[32, 49, 12, 32], []]",900
swin-small,8,,aten::reshape,"[[32, 49, 384], []]",1800
swin-small,8,,aten::reshape,"[[4, 4, 7, 7], []]",50
swin-small,8,,aten::reshape,"[[512, 3, 32, 49], []]",100
swin-small,8,,aten::reshape,"[[512, 3, 49, 32], []]",200
swin-small,8,,aten::reshape,"[[512, 3, 49, 49], []]",100
swin-small,8,,aten::reshape,"[[512, 49, 288], []]",100
swin-small,8,,aten::reshape,"[[512, 49, 3, 32], []]",100
swin-small,8,,aten::reshape,"[[512, 49, 96], []]",200
swin-small,8,,aten::reshape,"[[8, 1, 1, 7, 7, 768], []]",100
swin-small,8,,aten::reshape,"[[8, 1, 7, 1, 7, 768], []]",100
swin-small,8,,aten::reshape,"[[8, 14, 14, 1536], []]",900
swin-small,8,,aten::reshape,"[[8, 14, 14, 384], []]",900
swin-small,8,,aten::reshape,"[[8, 14, 14, 768], []]",50
swin-small,8,,aten::reshape,"[[8, 2, 2, 7, 7, 384], []]",900
swin-small,8,,aten::reshape,"[[8, 2, 7, 2, 7, 384], []]",900
swin-small,8,,aten::reshape,"[[8, 24, 32, 49], []]",100
swin-small,8,,aten::reshape,"[[8, 24, 49, 32], []]",200
swin-small,8,,aten::reshape,"[[8, 24, 49, 49], []]",100
swin-small,8,,aten::reshape,"[[8, 28, 28, 192], []]",100
swin-small,8,,aten::reshape,"[[8, 28, 28, 384], []]",50
swin-small,8,,aten::reshape,"[[8, 28, 28, 768], []]",100
swin-small,8,,aten::reshape,"[[8, 4, 4, 7, 7, 192], []]",100
swin-small,8,,aten::reshape,"[[8, 4, 7, 4, 7, 192], []]",100
swin-small,8,,aten::reshape,"[[8, 49, 2304], []]",100
swin-small,8,,aten::reshape,"[[8, 49, 24, 32], []]",100
swin-small,8,,aten::reshape,"[[8, 49, 768], []]",200
swin-small,8,,aten::reshape,"[[8, 56, 56, 384], []]",100
swin-small,8,,aten::reshape,"[[8, 56, 56, 96], []]",100
swin-small,8,,aten::reshape,"[[8, 7, 7, 1536], []]",50
swin-small,8,,aten::reshape,"[[8, 7, 7, 3072], []]",100
swin-small,8,,aten::reshape,"[[8, 7, 7, 768], []]",100
swin-small,8,,aten::reshape,"[[8, 8, 7, 7], []]",50
swin-small,8,,aten::reshape,"[[8, 8, 7, 8, 7, 96], []]",100
swin-small,8,,aten::reshape,"[[8, 8, 8, 7, 7, 96], []]",100
swin-small,8,,aten::reshape,"[[96], []]",50
swin-small,8,,aten::roll,"[[8, 14, 14, 384], [], []]",2700
swin-small,8,,aten::roll,"[[8, 28, 28, 192], [], []]",300
swin-small,8,,aten::roll,"[[8, 56, 56, 96], [], []]",300
swin-small,8,,aten::select,"[[3, 128, 6, 49, 32], [], []]",300
swin-small,8,,aten::select,"[[3, 32, 12, 49, 32], [], []]",2700
swin-small,8,,aten::select,"[[3, 512, 3, 49, 32], [], []]",300
swin-small,8,,aten::select,"[[3, 8, 24, 49, 32], [], []]",300
swin-small,8,,aten::slice,"[[14, 14], [], [], [], []]",4050
swin-small,8,,aten::slice,"[[21, 28], [], [], [], []]",150
swin-small,8,,aten::slice,"[[28, 28], [], [], [], []]",450
swin-small,8,,aten::slice,"[[3, 14], [], [], [], []]",1350
swin-small,8,,aten::slice,"[[3, 28], [], [], [], []]",150
swin-small,8,,aten::slice,"[[3, 56], [], [], [], []]",150
swin-small,8,,aten::slice,"[[4, 14], [], [], [], []]",1350
swin-small,8,,aten::slice,"[[4, 28], [], [], [], []]",150
swin-small,8,,aten::slice,"[[4, 56], [], [], [], []]",150
swin-small,8,,aten::slice,"[[49, 56], [], [], [], []]",150
swin-small,8,,aten::slice,"[[56, 56], [], [], [], []]",450
swin-small,8,,aten::slice,"[[7, 14], [], [], [], []]",1350
swin-small,8,,aten::slice,"[[8, 14, 14, 192], [], [], [], []]",200
swin-small,8,,aten::slice,"[[8, 14, 14, 384], [], [], [], []]",2000
swin-small,8,,aten::slice,"[[8, 14, 28, 192], [], [], [], []]",200
swin-small,8,,aten::slice,"[[8, 28, 28, 192], [], [], [], []]",400
swin-small,8,,aten::slice,"[[8, 28, 28, 96], [], [], [], []]",200
swin-small,8,,aten::slice,"[[8, 28, 56, 96], [], [], [], []]",200
swin-small,8,,aten::slice,"[[8, 56, 56, 96], [], [], [], []]",400
swin-small,8,,aten::slice,"[[8, 7, 14, 384], [], [], [], []]",200
swin-small,8,,aten::slice,"[[8, 7, 7, 384], [], [], [], []]",200
swin-small,8,,aten::slice,"[[8, 7, 7, 768], [], [], [], []]",200
swin-small,8,,aten::softmax,"[[128, 6, 49, 49], [], []]",100
swin-small,8,,aten::softmax,"[[32, 12, 49, 49], [], []]",900
swin-small,8,,aten::softmax,"[[512, 3, 49, 49], [], []]",100
swin-small,8,,aten::softmax,"[[8, 24, 49, 49], [], []]",100
swin-small,8,,aten::sub,"[[16, 1, 49], [16, 49, 1], []]",50
swin-small,8,,aten::sub,"[[4, 1, 49], [4, 49, 1], []]",450
swin-small,8,,aten::sub,"[[64, 1, 49], [64, 49, 1], []]",50
swin-small,8,,aten::transpose,"[[1000, 768], [], []]",50
swin-small,8,,aten::transpose,"[[1152, 384], [], []]",900
swin-small,8,,aten::transpose,"[[128, 6, 49, 32], [], []]",200
swin-small,8,,aten::transpose,"[[1536, 384], [], []]",900
swin-small,8,,aten::transpose,"[[192, 192], [], []]",100
swin-small,8,,aten::transpose,"[[192, 384], [], []]",50
swin-small,8,,aten::transpose,"[[192, 768], [], []]",100
swin-small,8,,aten::transpose,"[[2304, 768], [], []]",100
swin-small,8,,aten::transpose,"[[288, 96], [], []]",100
swin-small,8,,aten::transpose,"[[3072, 768], [], []]",100
swin-small,8,,aten::transpose,"[[32, 12, 49, 32], [], []]",1800
swin-small,8,,aten::transpose,"[[384, 1536], [], []]",900
swin-small,8,,aten::transpose,"[[384, 384], [], []]",900
swin-small,8,,aten::transpose,"[[384, 768], [], []]",50
swin-small,8,,aten::transpose,"[[384, 96], [], []]",100
swin-small,8,,aten::transpose,"[[512, 3, 49, 32], [], []]",200
swin-small,8,,aten::transpose,"[[576, 192], [], []]",100
swin-small,8,,aten::transpose,"[[768, 1536], [], []]",50
swin-small,8,,aten::transpose,"[[768, 192], [], []]",100
swin-small,8,,aten::transpose,"[[768, 3072], [], []]",100
swin-small,8,,aten::transpose,"[[768, 768], [], []]",100
swin-small,8,,aten::transpose,"[[8, 24, 49, 32], [], []]",200
swin-small,8,,aten::transpose,"[[96, 384], [], []]",100
swin-small,8,,aten::transpose,"[[96, 96], [], []]",100
swin-small,8,,aten::unsqueeze,"[[12, 49, 49], []]",900
swin-small,8,,aten::unsqueeze,"[[16, 1, 49, 49], []]",50
swin-small,8,,aten::unsqueeze,"[[16, 49, 49], []]",50
swin-small,8,,aten::unsqueeze,"[[16, 49], []]",100
swin-small,8,,aten::unsqueeze,"[[24, 49, 49], []]",100
swin-small,8,,aten::unsqueeze,"[[3, 49, 49], []]",100
swin-small,8,,aten::unsqueeze,"[[4, 1, 49, 49], []]",450
swin-small,8,,aten::unsqueeze,"[[4, 49, 49], []]",450
swin-small,8,,aten::unsqueeze,"[[4, 49], []]",900
swin-small,8,,aten::unsqueeze,"[[6, 49, 49], []]",100
swin-small,8,,aten::unsqueeze,"[[64, 1, 49, 49], []]",50
swin-small,8,,aten::unsqueeze,"[[64, 49, 49], []]",50
swin-small,8,,aten::unsqueeze,"[[64, 49], []]",100
swin-small,8,,aten::view,"[[128, 49, 192], []]",300
swin-small,8,,aten::view,"[[128, 49, 576], []]",100
swin-small,8,,aten::view,"[[128, 6, 49, 49], []]",150
swin-small,8,,aten::view,"[[14, 14], []]",450
swin-small,8,,aten::view,"[[1568, 1152], []]",900
swin-small,8,,aten::view,"[[1568, 1536], []]",900
swin-small,8,,aten::view,"[[1568, 384], []]",1800
swin-small,8,,aten::view,"[[1568], []]",3700
swin-small,8,,aten::view,"[[2401, 12], []]",900
swin-small,8,,aten::view,"[[2401, 24], []]",100
swin-small,8,,aten::view,"[[2401, 3], []]",100
swin-small,8,,aten::view,"[[2401, 6], []]",100
swin-small,8,,aten::view,"[[2401], []]",1200
swin-small,8,,aten::view,"[[25088, 288], []]",100
swin-small,8,,aten::view,"[[25088, 384], []]",100
swin-small,8,,aten::view,"[[25088, 96], []]",200
swin-small,8,,aten::view,"[[25088], []]",500
swin-small,8,,aten::view,"[[28, 28], []]",50
swin-small,8,,aten::view,"[[32, 12, 49, 49], []]",1350
swin-small,8,,aten::view,"[[32, 49, 1152], []]",900
swin-small,8,,aten::view,"[[32, 49, 384], []]",2700
swin-small,8,,aten::view,"[[392, 2304], []]",100
swin-small,8,,aten::view,"[[392, 3072], []]",100
swin-small,8,,aten::view,"[[392, 768], []]",200
swin-small,8,,aten::view,"[[392], []]",600
swin-small,8,,aten::view,"[[512, 3, 49, 49], []]",150
swin-small,8,,aten::view,"[[512, 49, 288], []]",100
swin-small,8,,aten::view,"[[512, 49, 96], []]",300
swin-small,8,,aten::view,"[[56, 56], []]",50
swin-small,8,,aten::view,"[[6272, 192], []]",200
swin-small,8,,aten::view,"[[6272, 576], []]",100
swin-small,8,,aten::view,"[[6272, 768], []]",100
swin-small,8,,aten::view,"[[6272], []]",500
swin-small,8,,aten::view,"[[8, 1, 1, 7, 7, 768], []]",100
swin-small,8,,aten::view,"[[8, 1, 7, 1, 7, 768], []]",100
swin-small,8,,aten::view,"[[8, 14, 14, 1536], []]",900
swin-small,8,,aten::view,"[[8, 14, 14, 384], []]",1800
swin-small,8,,aten::view,"[[8, 14, 14, 768], []]",50
swin-small,8,,aten::view,"[[8, 16, 6, 49, 49], []]",50
swin-small,8,,aten::view,"[[8, 24, 49, 49], []]",100
swin-small,8,,aten::view,"[[8, 28, 28, 192], []]",200
swin-small,8,,aten::view,"[[8, 28, 28, 384], []]",50
swin-small,8,,aten::view,"[[8, 28, 28, 768], []]",100
swin-small,8,,aten::view,"[[8, 4, 12, 49, 49], []]",450
swin-small,8,,aten::view,"[[8, 49, 2304], []]",100
swin-small,8,,aten::view,"[[8, 49, 768], []]",300
swin-small,8,,aten::view,"[[8, 56, 56, 384], []]",100
swin-small,8,,aten::view,"[[8, 56, 56, 96], []]",200
swin-small,8,,aten::view,"[[8, 64, 3, 49, 49], []]",50
swin-small,8,,aten::view,"[[8, 7, 7, 1536], []]",50
swin-small,8,,aten::view,"[[8, 7, 7, 3072], []]",100
swin-small,8,,aten::view,"[[8, 7, 7, 768], []]",200
swin-small,8,,aten::view,"[[8, 768, 1, 1], []]",50
swin-small,8,,aten::view,"[[96], []]",50
swin-small,8,,cudadevicesynchronize,[],51
swin-tiny,1,,aten::adaptive_avg_pool2d,"[[1, 768, 7, 7], []]",50
swin-tiny,1,,aten::add,"[[1, 14, 14, 384], [1, 14, 14, 384], []]",600
swin-tiny,1,,aten::add,"[[1, 16, 6, 49, 49], [1, 16, 1, 49, 49], []]",50
swin-tiny,1,,aten::add,"[[1, 24, 49, 49], [1, 24, 49, 49], []]",100
swin-tiny,1,,aten::add,"[[1, 28, 28, 192], [1, 28, 28, 192], []]",200
swin-tiny,1,,aten::add,"[[1, 4, 12, 49, 49], [1, 4, 1, 49, 49], []]",150
swin-tiny,1,,aten::add,"[[1, 56, 56, 96], [1, 56, 56, 96], []]",200
swin-tiny,1,,aten::add,"[[1, 64, 3, 49, 49], [1, 64, 1, 49, 49], []]",50
swin-tiny,1,,aten::add,"[[1, 7, 7, 768], [1, 7, 7, 768], []]",200
swin-tiny,1,,aten::add,"[[16, 6, 49, 49], [1, 6, 49, 49], []]",100
swin-tiny,1,,aten::add,"[[4, 12, 49, 49], [1, 12, 49, 49], []]",300
swin-tiny,1,,aten::add,"[[64, 3, 49, 49], [1, 3, 49, 49], []]",100
swin-tiny,1,,aten::cat,"[[], []]",150
swin-tiny,1,,aten::contiguous,"[[1, 56, 56, 96], []]",50
swin-tiny,1,,aten::contiguous,"[[12, 49, 49], []]",300
swin-tiny,1,,aten::contiguous,"[[24, 49, 49], []]",100
swin-tiny,1,,aten::contiguous,"[[3, 49, 49], []]",100
swin-tiny,1,,aten::contiguous,"[[6, 49, 49], []]",100
swin-tiny,1,,aten::dropout,"[[1, 14, 14, 1536], [], []]",300
swin-tiny,1,,aten::dropout,"[[1, 14, 14, 384], [], []]",300
swin-tiny,1,,aten::dropout,"[[1, 24, 49, 49], [], []]",100
swin-tiny,1,,aten::dropout,"[[1, 28, 28, 192], [], []]",100
swin-tiny,1,,aten::dropout,"[[1, 28, 28, 768], [], []]",100
swin-tiny,1,,aten::dropout,"[[1, 49, 768], [], []]",100
swin-tiny,1,,aten::dropout,"[[1, 56, 56, 384], [], []]",100
swin-tiny,1,,aten::dropout,"[[1, 56, 56, 96], [], []]",100
swin-tiny,1,,aten::dropout,"[[1, 7, 7, 3072], [], []]",100
swin-tiny,1,,aten::dropout,"[[1, 7, 7, 768], [], []]",100
swin-tiny,1,,aten::dropout,"[[16, 49, 192], [], []]",100
swin-tiny,1,,aten::dropout,"[[16, 6, 49, 49], [], []]",100
swin-tiny,1,,aten::dropout,"[[4, 12, 49, 49], [], []]",300
swin-tiny,1,,aten::dropout,"[[4, 49, 384], [], []]",300
swin-tiny,1,,aten::dropout,"[[64, 3, 49, 49], [], []]",100
swin-tiny,1,,aten::dropout,"[[64, 49, 96], [], []]",100
swin-tiny,1,,aten::eq,"[[16, 49, 49], []]",50
swin-tiny,1,,aten::eq,"[[4, 49, 49], []]",150
swin-tiny,1,,aten::eq,"[[64, 49, 49], []]",50
swin-tiny,1,,aten::fill_,"[[14, 14], []]",150
swin-tiny,1,,aten::fill_,"[[21, 21], []]",50
swin-tiny,1,,aten::fill_,"[[21, 3], []]",50
swin-tiny,1,,aten::fill_,"[[21, 4], []]",50
swin-tiny,1,,aten::fill_,"[[28, 28], []]",50
swin-tiny,1,,aten::fill_,"[[3, 21], []]",50
swin-tiny,1,,aten::fill_,"[[3, 3], []]",250
swin-tiny,1,,aten::fill_,"[[3, 49], []]",50
swin-tiny,1,,aten::fill_,"[[3, 4], []]",250
swin-tiny,1,,aten::fill_,"[[3, 7], []]",150
swin-tiny,1,,aten::fill_,"[[4, 21], []]",50
swin-tiny,1,,aten::fill_,"[[4, 3], []]",250
swin-tiny,1,,aten::fill_,"[[4, 49], []]",50
swin-tiny,1,,aten::fill_,"[[4, 4], []]",250
swin-tiny,1,,aten::fill_,"[[4, 7], []]",150
swin-tiny,1,,aten::fill_,"[[49, 3], []]",50
swin-tiny,1,,aten::fill_,"[[49, 49], []]",50
swin-tiny,1,,aten::fill_,"[[49, 4], []]",50
swin-tiny,1,,aten::fill_,"[[56, 56], []]",50
swin-tiny,1,,aten::fill_,"[[7, 3], []]",150
swin-tiny,1,,aten::fill_,"[[7, 4], []]",150
swin-tiny,1,,aten::fill_,"[[7, 7], []]",150
swin-tiny,1,,aten::flatten,"[[1, 768, 1, 1], [], []]",50
swin-tiny,1,,aten::gelu,"[[1, 14, 14, 1536], []]",300
swin-tiny,1,,aten::gelu,"[[1, 28, 28, 768], []]",100
swin-tiny,1,,aten::gelu,"[[1, 56, 56, 384], []]",100
swin-tiny,1,,aten::gelu,"[[1, 7, 7, 3072], []]",100
swin-tiny,1,,aten::index,"[[169, 12], []]",300
swin-tiny,1,,aten::index,"[[169, 24], []]",100
swin-tiny,1,,aten::index,"[[169, 3], []]",100
swin-tiny,1,,aten::index,"[[169, 6], []]",100
swin-tiny,1,,aten::layer_norm,"[[1, 14, 14, 384], [], [384], [384], [], []]",600
swin-tiny,1,,aten::layer_norm,"[[1, 14, 14, 768], [], [768], [768], [], []]",50
swin-tiny,1,,aten::layer_norm,"[[1, 28, 28, 192], [], [192], [192], [], []]",200
swin-tiny,1,,aten::layer_norm,"[[1, 28, 28, 384], [], [384], [384], [], []]",50
swin-tiny,1,,aten::layer_norm,"[[1, 56, 56, 96], [], [96], [96], [], []]",250
swin-tiny,1,,aten::layer_norm,"[[1, 7, 7, 1536], [], [1536], [1536], [], []]",50
swin-tiny,1,,aten::layer_norm,"[[1, 7, 7, 768], [], [768], [768], [], []]",250
swin-tiny,1,,aten::lift_fresh,[[]],2250
swin-tiny,1,,aten::masked_fill,"[[16, 49, 49], [16, 49, 49], []]",100
swin-tiny,1,,aten::masked_fill,"[[4, 49, 49], [4, 49, 49], []]",300
swin-tiny,1,,aten::masked_fill,"[[64, 49, 49], [64, 49, 49], []]",100
swin-tiny,1,,aten::mul,"[[1, 24, 49, 32], []]",100
swin-tiny,1,,aten::mul,"[[16, 6, 49, 32], []]",100
swin-tiny,1,,aten::mul,"[[4, 12, 49, 32], []]",300
swin-tiny,1,,aten::mul,"[[64, 3, 49, 32], []]",100
swin-tiny,1,,aten::ne,"[[16, 49, 49], []]",50
swin-tiny,1,,aten::ne,"[[4, 49, 49], []]",150
swin-tiny,1,,aten::ne,"[[64, 49, 49], []]",50
swin-tiny,1,,aten::new_zeros,"[[16, 49, 192], [], [], [], [], []]",50
swin-tiny,1,,aten::new_zeros,"[[4, 49, 384], [], [], [], [], []]",150
swin-tiny,1,,aten::new_zeros,"[[64, 49, 96], [], [], [], [], []]",50
swin-tiny,1,,aten::pad,"[[1, 14, 14, 384], [], [], []]",350
swin-tiny,1,,aten::pad,"[[1, 28, 28, 192], [], [], []]",150
swin-tiny,1,,aten::pad,"[[1, 56, 56, 96], [], [], []]",150
swin-tiny,1,,aten::pad,"[[1, 7, 7, 768], [], [], []]",100
swin-tiny,1,,aten::permute,"[[1, 1, 1, 7, 7, 768], []]",100
swin-tiny,1,,aten::permute,"[[1, 1, 7, 1, 7, 768], []]",100
swin-tiny,1,,aten::permute,"[[1, 2, 2, 7, 7, 384], []]",300
swin-tiny,1,,aten::permute,"[[1, 2, 7, 2, 7, 384], []]",300
swin-tiny,1,,aten::permute,"[[1, 4, 4, 7, 7, 192], []]",100
swin-tiny,1,,aten::permute,"[[1, 4, 7, 4, 7, 192], []]",100
swin-tiny,1,,aten::permute,"[[1, 49, 3, 24, 32], []]",100
swin-tiny,1,,aten::permute,"[[1, 7, 7, 768], []]",50
swin-tiny,1,,aten::permute,"[[1, 8, 7, 8, 7, 96], []]",100
swin-tiny,1,,aten::permute,"[[1, 8, 8, 7, 7, 96], []]",100
swin-tiny,1,,aten::permute,"[[1, 96, 56, 56], []]",50
swin-tiny,1,,aten::permute,"[[16, 49, 3, 6, 32], []]",100
swin-tiny,1,,aten::permute,"[[2, 7, 2, 7], []]",150
swin-tiny,1,,aten::permute,"[[4, 49, 3, 12, 32], []]",300
swin-tiny,1,,aten::permute,"[[4, 7, 4, 7], []]",50
swin-tiny,1,,aten::permute,"[[49, 49, 12], []]",300
swin-tiny,1,,aten::permute,"[[49, 49, 24], []]",100
swin-tiny,1,,aten::permute,"[[49, 49, 3], []]",100
swin-tiny,1,,aten::permute,"[[49, 49, 6], []]",100
swin-tiny,1,,aten::permute,"[[64, 49, 3, 3, 32], []]",100
swin-tiny,1,,aten::permute,"[[8, 7, 8, 7], []]",50
swin-tiny,1,,aten::reshape,"[[1, 1, 1, 7, 7, 768], []]",100
swin-tiny,1,,aten::reshape,"[[1, 1, 7, 1, 7, 768], []]",100
swin-tiny,1,,aten::reshape,"[[1, 14, 14, 1536], []]",300
swin-tiny,1,,aten::reshape,"[[1, 14, 14, 384], []]",300
swin-tiny,1,,aten::reshape,"[[1, 14, 14, 768], []]",50
swin-tiny,1,,aten::reshape,"[[1, 2, 2, 7, 7, 384], []]",300
swin-tiny,1,,aten::reshape,"[[1, 2, 7, 2, 7, 384], []]",300
swin-tiny,1,,aten::reshape,"[[1, 24, 32, 49], []]",100
swin-tiny,1,,aten::reshape,"[[1, 24, 49, 32], []]",200
swin-tiny,1,,aten::reshape,"[[1, 24, 49, 49], []]",100
swin-tiny,1,,aten::reshape,"[[1, 28, 28, 192], []]",100
swin-tiny,1,,aten::reshape,"[[1, 28, 28, 384], []]",50
swin-tiny,1,,aten::reshape,"[[1, 28, 28, 768], []]",100
swin-tiny,1,,aten::reshape,"[[1, 4, 4, 7, 7, 192], []]",100
swin-tiny,1,,aten::reshape,"[[1, 4, 7, 4, 7, 192], []]",100
swin-tiny,1,,aten::reshape,"[[1, 49, 2304], []]",100
swin-tiny,1,,aten::reshape,"[[1, 49, 24, 32], []]",100
swin-tiny,1,,aten::reshape,"[[1, 49, 768], []]",200
swin-tiny,1,,aten::reshape,"[[1, 56, 56, 384], []]",100
swin-tiny,1,,aten::reshape,"[[1, 56, 56, 96], []]",100
swin-tiny,1,,aten::reshape,"[[1, 7, 7, 1536], []]",50
swin-tiny,1,,aten::reshape,"[[1, 7, 7, 3072], []]",100
swin-tiny,1,,aten::reshape,"[[1, 7, 7, 768], []]",100
swin-tiny,1,,aten::reshape,"[[1, 8, 7, 8, 7, 96], []]",100
swin-tiny,1,,aten::reshape,"[[1, 8, 8, 7, 7, 96], []]",100
swin-tiny,1,,aten::reshape,"[[16, 49, 192], []]",200
swin-tiny,1,,aten::reshape,"[[16, 49, 576], []]",100
swin-tiny,1,,aten::reshape,"[[16, 49, 6, 32], []]",100
swin-tiny,1,,aten::reshape,"[[16, 6, 32, 49], []]",100
swin-tiny,1,,aten::reshape,"[[16, 6, 49, 32], []]",200
swin-tiny,1,,aten::reshape,"[[16, 6, 49, 49], []]",100
swin-tiny,1,,aten::reshape,"[[2, 2, 7, 7], []]",150
swin-tiny,1,,aten::reshape,"[[2401], []]",600
swin-tiny,1,,aten::reshape,"[[4, 12, 32, 49], []]",300
swin-tiny,1,,aten::reshape,"[[4, 12, 49, 32], []]",600
swin-tiny,1,,aten::reshape,"[[4, 12, 49, 49], []]",300
swin-tiny,1,,aten::reshape,"[[4, 4, 7, 7], []]",50
swin-tiny,1,,aten::reshape,"[[4, 49, 1152], []]",300
swin-tiny,1,,aten::reshape,"[[4, 49, 12, 32], []]",300
swin-tiny,1,,aten::reshape,"[[4, 49, 384], []]",600
swin-tiny,1,,aten::reshape,"[[64, 3, 32, 49], []]",100
swin-tiny,1,,aten::reshape,"[[64, 3, 49, 32], []]",200
swin-tiny,1,,aten::reshape,"[[64, 3, 49, 49], []]",100
swin-tiny,1,,aten::reshape,"[[64, 49, 288], []]",100
swin-tiny,1,,aten::reshape,"[[64, 49, 3, 32], []]",100
swin-tiny,1,,aten::reshape,"[[64, 49, 96], []]",200
swin-tiny,1,,aten::reshape,"[[8, 8, 7, 7], []]",50
swin-tiny,1,,aten::reshape,"[[96], []]",50
swin-tiny,1,,aten::roll,"[[1, 14, 14, 384], [], []]",900
swin-tiny,1,,aten::roll,"[[1, 28, 28, 192], [], []]",300
swin-tiny,1,,aten::roll,"[[1, 56, 56, 96], [], []]",300
swin-tiny,1,,aten::select,"[[3, 1, 24, 49, 32], [], []]",300
swin-tiny,1,,aten::select,"[[3, 16, 6, 49, 32], [], []]",300
swin-tiny,1,,aten::select,"[[3, 4, 12, 49, 32], [], []]",900
swin-tiny,1,,aten::select,"[[3, 64, 3, 49, 32], [], []]",300
swin-tiny,1,,aten::slice,"[[1, 14, 14, 192], [], [], [], []]",200
swin-tiny,1,,aten::slice,"[[1, 14, 14, 384], [], [], [], []]",800
swin-tiny,1,,aten::slice,"[[1, 14, 28, 192], [], [], [], []]",200
swin-tiny,1,,aten::slice,"[[1, 28, 28, 192], [], [], [], []]",400
swin-tiny,1,,aten::slice,"[[1, 28, 28, 96], [], [], [], []]",200
swin-tiny,1,,aten::slice,"[[1, 28, 56, 96], [], [], [], []]",200
swin-tiny,1,,aten::slice,"[[1, 56, 56, 96], [], [], [], []]",400
swin-tiny,1,,aten::slice,"[[1, 7, 14, 384], [], [], [], []]",200
swin-tiny,1,,aten::slice,"[[1, 7, 7, 384], [], [], [], []]",200
swin-tiny,1,,aten::slice,"[[1, 7, 7, 768], [], [], [], []]",200
swin-tiny,1,,aten::slice,"[[14, 14], [], [], [], []]",1350
swin-tiny,1,,aten::slice,"[[21, 28], [], [], [], []]",150
swin-tiny,1,,aten::slice,"[[28, 28], [], [], [], []]",450
swin-tiny,1,,aten::slice,"[[3, 14], [], [], [], []]",450
swin-tiny,1,,aten::slice,"[[3, 28], [], [], [], []]",150
swin-tiny,1,,aten::slice,"[[3, 56], [], [], [], []]",150
swin-tiny,1,,aten::slice,"[[4, 14], [], [], [], []]",450
swin-tiny,1,,aten::slice,"[[4, 28], [], [], [], []]",150
swin-tiny,1,,aten::slice,"[[4, 56], [], [], [], []]",150
swin-tiny,1,,aten::slice,"[[49, 56], [], [], [], []]",150
swin-tiny,1,,aten::slice,"[[56, 56], [], [], [], []]",450
swin-tiny,1,,aten::slice,"[[7, 14], [], [], [], []]",450
swin-tiny,1,,aten::softmax,"[[1, 24, 49, 49], [], []]",100
swin-tiny,1,,aten::softmax,"[[16, 6, 49, 49], [], []]",100
swin-tiny,1,,aten::softmax,"[[4, 12, 49, 49], [], []]",300
swin-tiny,1,,aten::softmax,"[[64, 3, 49, 49], [], []]",100
swin-tiny,1,,aten::sub,"[[16, 1, 49], [16, 49, 1], []]",50
swin-tiny,1,,aten::sub,"[[4, 1, 49], [4, 49, 1], []]",150
swin-tiny,1,,aten::sub,"[[64, 1, 49], [64, 49, 1], []]",50
swin-tiny,1,,aten::transpose,"[[1, 24, 49, 32], [], []]",200
swin-tiny,1,,aten::transpose,"[[1000, 768], [], []]",50
swin-tiny,1,,aten::transpose,"[[1152, 384], [], []]",300
swin-tiny,1,,aten::transpose,"[[1536, 384], [], []]",300
swin-tiny,1,,aten::transpose,"[[16, 6, 49, 32], [], []]",200
swin-tiny,1,,aten::transpose,"[[192, 192], [], []]",100
swin-tiny,1,,aten::transpose,"[[192, 384], [], []]",50
swin-tiny,1,,aten::transpose,"[[192, 768], [], []]",100
swin-tiny,1,,aten::transpose,"[[2304, 768], [], []]",100
swin-tiny,1,,aten::transpose,"[[288, 96], [], []]",100
swin-tiny,1,,aten::transpose,"[[3072, 768], [], []]",100
swin-tiny,1,,aten::transpose,"[[384, 1536], [], []]",300
swin-tiny,1,,aten::transpose,"[[384, 384], [], []]",300
swin-tiny,1,,aten::transpose,"[[384, 768], [], []]",50
swin-tiny,1,,aten::transpose,"[[384, 96], [], []]",100
swin-tiny,1,,aten::transpose,"[[4, 12, 49, 32], [], []]",600
swin-tiny,1,,aten::transpose,"[[576, 192], [], []]",100
swin-tiny,1,,aten::transpose,"[[64, 3, 49, 32], [], []]",200
swin-tiny,1,,aten::transpose,"[[768, 1536], [], []]",50
swin-tiny,1,,aten::transpose,"[[768, 192], [], []]",100
swin-tiny,1,,aten::transpose,"[[768, 3072], [], []]",100
swin-tiny,1,,aten::transpose,"[[768, 768], [], []]",100
swin-tiny,1,,aten::transpose,"[[96, 384], [], []]",100
swin-tiny,1,,aten::transpose,"[[96, 96], [], []]",100
swin-tiny,1,,aten::unsqueeze,"[[12, 49, 49], []]",300
swin-tiny,1,,aten::unsqueeze,"[[16, 1, 49, 49], []]",50
swin-tiny,1,,aten::unsqueeze,"[[16, 49, 49], []]",50
swin-tiny,1,,aten::unsqueeze,"[[16, 49], []]",100
swin-tiny,1,,aten::unsqueeze,"[[24, 49, 49], []]",100
swin-tiny,1,,aten::unsqueeze,"[[3, 49, 49], []]",100
swin-tiny,1,,aten::unsqueeze,"[[4, 1, 49, 49], []]",150
swin-tiny,1,,aten::unsqueeze,"[[4, 49, 49], []]",150
swin-tiny,1,,aten::unsqueeze,"[[4, 49], []]",300
swin-tiny,1,,aten::unsqueeze,"[[6, 49, 49], []]",100
swin-tiny,1,,aten::unsqueeze,"[[64, 1, 49, 49], []]",50
swin-tiny,1,,aten::unsqueeze,"[[64, 49, 49], []]",50
swin-tiny,1,,aten::unsqueeze,"[[64, 49], []]",100
swin-tiny,1,,aten::view,"[[1, 1, 1, 7, 7, 768], []]",100
swin-tiny,1,,aten::view,"[[1, 1, 7, 1, 7, 768], []]",100
swin-tiny,1,,aten::view,"[[1, 14, 14, 1536], []]",300
swin-tiny,1,,aten::view,"[[1, 14, 14, 384], []]",600
swin-tiny,1,,aten::view,"[[1, 14, 14, 768], []]",50
swin-tiny,1,,aten::view,"[[1, 16, 6, 49, 49], []]",50
swin-tiny,1,,aten::view,"[[1, 24, 49, 49], []]",100
swin-tiny,1,,aten::view,"[[1, 28, 28, 192], []]",200
swin-tiny,1,,aten::view,"[[1, 28, 28, 384], []]",50
swin-tiny,1,,aten::view,"[[1, 28, 28, 768], []]",100
swin-tiny,1,,aten::view,"[[1, 4, 12, 49, 49], []]",150
swin-tiny,1,,aten::view,"[[1, 49, 2304], []]",100
swin-tiny,1,,aten::view,"[[1, 49, 768], []]",300
swin-tiny,1,,aten::view,"[[1, 56, 56, 384], []]",100
swin-tiny,1,,aten::view,"[[1, 56, 56, 96], []]",200
swin-tiny,1,,aten::view,"[[1, 64, 3, 49, 49], []]",50
swin-tiny,1,,aten::view,"[[1, 7, 7, 1536], []]",50
swin-tiny,1,,aten::view,"[[1, 7, 7, 3072], []]",100
swin-tiny,1,,aten::view,"[[1, 7, 7, 768], []]",200
swin-tiny,1,,aten::view,"[[1, 768, 1, 1], []]",50
swin-tiny,1,,aten::view,"[[14, 14], []]",150
swin-tiny,1,,aten::view,"[[16, 49, 192], []]",300
swin-tiny,1,,aten::view,"[[16, 49, 576], []]",100
swin-tiny,1,,aten::view,"[[16, 6, 49, 49], []]",150
swin-tiny,1,,aten::view,"[[196, 1152], []]",300
swin-tiny,1,,aten::view,"[[196, 1536], []]",300
swin-tiny,1,,aten::view,"[[196, 384], []]",600
swin-tiny,1,,aten::view,"[[196], []]",1300
swin-tiny,1,,aten::view,"[[2401, 12], []]",300
swin-tiny,1,,aten::view,"[[2401, 24], []]",100
swin-tiny,1,,aten::view,"[[2401, 3], []]",100
swin-tiny,1,,aten::view,"[[2401, 6], []]",100
swin-tiny,1,,aten::view,"[[2401], []]",600
swin-tiny,1,,aten::view,"[[28, 28], []]",50
swin-tiny,1,,aten::view,"[[3136, 288], []]",100
swin-tiny,1,,aten::view,"[[3136, 384], []]",100
swin-tiny,1,,aten::view,"[[3136, 96], []]",200
swin-tiny,1,,aten::view,"[[3136], []]",500
swin-tiny,1,,aten::view,"[[4, 12, 49, 49], []]",450
swin-tiny,1,,aten::view,"[[4, 49, 1152], []]",300
swin-tiny,1,,aten::view,"[[4, 49, 384], []]",900
swin-tiny,1,,aten::view,"[[49, 2304], []]",100
swin-tiny,1,,aten::view,"[[49, 3072], []]",100
swin-tiny,1,,aten::view,"[[49, 768], []]",200
swin-tiny,1,,aten::view,"[[49], []]",600
swin-tiny,1,,aten::view,"[[56, 56], []]",50
swin-tiny,1,,aten::view,"[[64, 3, 49, 49], []]",150
swin-tiny,1,,aten::view,"[[64, 49, 288], []]",100
swin-tiny,1,,aten::view,"[[64, 49, 96], []]",300
swin-tiny,1,,aten::view,"[[784, 192], []]",200
swin-tiny,1,,aten::view,"[[784, 576], []]",100
swin-tiny,1,,aten::view,"[[784, 768], []]",100
swin-tiny,1,,aten::view,"[[784], []]",500
swin-tiny,1,,aten::view,"[[96], []]",50
swin-tiny,1,,cudadevicesynchronize,[],51
swin-tiny,2,,aten::adaptive_avg_pool2d,"[[2, 768, 7, 7], []]",50
swin-tiny,2,,aten::add,"[[128, 3, 49, 49], [1, 3, 49, 49], []]",100
swin-tiny,2,,aten::add,"[[2, 14, 14, 384], [2, 14, 14, 384], []]",600
swin-tiny,2,,aten::add,"[[2, 16, 6, 49, 49], [1, 16, 1, 49, 49], []]",50
swin-tiny,2,,aten::add,"[[2, 24, 49, 49], [1, 24, 49, 49], []]",100
swin-tiny,2,,aten::add,"[[2, 28, 28, 192], [2, 28, 28, 192], []]",200
swin-tiny,2,,aten::add,"[[2, 4, 12, 49, 49], [1, 4, 1, 49, 49], []]",150
swin-tiny,2,,aten::add,"[[2, 56, 56, 96], [2, 56, 56, 96], []]",200
swin-tiny,2,,aten::add,"[[2, 64, 3, 49, 49], [1, 64, 1, 49, 49], []]",50
swin-tiny,2,,aten::add,"[[2, 7, 7, 768], [2, 7, 7, 768], []]",200
swin-tiny,2,,aten::add,"[[32, 6, 49, 49], [1, 6, 49, 49], []]",100
swin-tiny,2,,aten::add,"[[8, 12, 49, 49], [1, 12, 49, 49], []]",300
swin-tiny,2,,aten::cat,"[[], []]",150
swin-tiny,2,,aten::contiguous,"[[12, 49, 49], []]",300
swin-tiny,2,,aten::contiguous,"[[2, 56, 56, 96], []]",50
swin-tiny,2,,aten::contiguous,"[[24, 49, 49], []]",100
swin-tiny,2,,aten::contiguous,"[[3, 49, 49], []]",100
swin-tiny,2,,aten::contiguous,"[[6, 49, 49], []]",100
swin-tiny,2,,aten::dropout,"[[128, 3, 49, 49], [], []]",100
swin-tiny,2,,aten::dropout,"[[128, 49, 96], [], []]",100
swin-tiny,2,,aten::dropout,"[[2, 14, 14, 1536], [], []]",300
swin-tiny,2,,aten::dropout,"[[2, 14, 14, 384], [], []]",300
swin-tiny,2,,aten::dropout,"[[2, 24, 49, 49], [], []]",100
swin-tiny,2,,aten::dropout,"[[2, 28, 28, 192], [], []]",100
swin-tiny,2,,aten::dropout,"[[2, 28, 28, 768], [], []]",100
swin-tiny,2,,aten::dropout,"[[2, 49, 768], [], []]",100
swin-tiny,2,,aten::dropout,"[[2, 56, 56, 384], [], []]",100
swin-tiny,2,,aten::dropout,"[[2, 56, 56, 96], [], []]",100
swin-tiny,2,,aten::dropout,"[[2, 7, 7, 3072], [], []]",100
swin-tiny,2,,aten::dropout,"[[2, 7, 7, 768], [], []]",100
swin-tiny,2,,aten::dropout,"[[32, 49, 192], [], []]",100
swin-tiny,2,,aten::dropout,"[[32, 6, 49, 49], [], []]",100
swin-tiny,2,,aten::dropout,"[[8, 12, 49, 49], [], []]",300
swin-tiny,2,,aten::dropout,"[[8, 49, 384], [], []]",300
swin-tiny,2,,aten::eq,"[[16, 49, 49], []]",50
swin-tiny,2,,aten::eq,"[[4, 49, 49], []]",150
swin-tiny,2,,aten::eq,"[[64, 49, 49], []]",50
swin-tiny,2,,aten::fill_,"[[14, 14], []]",150
swin-tiny,2,,aten::fill_,"[[21, 21], []]",50
swin-tiny,2,,aten::fill_,"[[21, 3], []]",50
swin-tiny,2,,aten::fill_,"[[21, 4], []]",50
swin-tiny,2,,aten::fill_,"[[28, 28], []]",50
swin-tiny,2,,aten::fill_,"[[3, 21], []]",50
swin-tiny,2,,aten::fill_,"[[3, 3], []]",250
swin-tiny,2,,aten::fill_,"[[3, 49], []]",50
swin-tiny,2,,aten::fill_,"[[3, 4], []]",250
swin-tiny,2,,aten::fill_,"[[3, 7], []]",150
swin-tiny,2,,aten::fill_,"[[4, 21], []]",50
swin-tiny,2,,aten::fill_,"[[4, 3], []]",250
swin-tiny,2,,aten::fill_,"[[4, 49], []]",50
swin-tiny,2,,aten::fill_,"[[4, 4], []]",250
swin-tiny,2,,aten::fill_,"[[4, 7], []]",150
swin-tiny,2,,aten::fill_,"[[49, 3], []]",50
swin-tiny,2,,aten::fill_,"[[49, 49], []]",50
swin-tiny,2,,aten::fill_,"[[49, 4], []]",50
swin-tiny,2,,aten::fill_,"[[56, 56], []]",50
swin-tiny,2,,aten::fill_,"[[7, 3], []]",150
swin-tiny,2,,aten::fill_,"[[7, 4], []]",150
swin-tiny,2,,aten::fill_,"[[7, 7], []]",150
swin-tiny,2,,aten::flatten,"[[2, 768, 1, 1], [], []]",50
swin-tiny,2,,aten::gelu,"[[2, 14, 14, 1536], []]",300
swin-tiny,2,,aten::gelu,"[[2, 28, 28, 768], []]",100
swin-tiny,2,,aten::gelu,"[[2, 56, 56, 384], []]",100
swin-tiny,2,,aten::gelu,"[[2, 7, 7, 3072], []]",100
swin-tiny,2,,aten::index,"[[169, 12], []]",300
swin-tiny,2,,aten::index,"[[169, 24], []]",100
swin-tiny,2,,aten::index,"[[169, 3], []]",100
swin-tiny,2,,aten::index,"[[169, 6], []]",100
swin-tiny,2,,aten::layer_norm,"[[2, 14, 14, 384], [], [384], [384], [], []]",600
swin-tiny,2,,aten::layer_norm,"[[2, 14, 14, 768], [], [768], [768], [], []]",50
swin-tiny,2,,aten::layer_norm,"[[2, 28, 28, 192], [], [192], [192], [], []]",200
swin-tiny,2,,aten::layer_norm,"[[2, 28, 28, 384], [], [384], [384], [], []]",50
swin-tiny,2,,aten::layer_norm,"[[2, 56, 56, 96], [], [96], [96], [], []]",250
swin-tiny,2,,aten::layer_norm,"[[2, 7, 7, 1536], [], [1536], [1536], [], []]",50
swin-tiny,2,,aten::layer_norm,"[[2, 7, 7, 768], [], [768], [768], [], []]",250
swin-tiny,2,,aten::lift_fresh,[[]],2250
swin-tiny,2,,aten::masked_fill,"[[16, 49, 49], [16, 49, 49], []]",100
swin-tiny,2,,aten::masked_fill,"[[4, 49, 49], [4, 49, 49], []]",300
swin-tiny,2,,aten::masked_fill,"[[64, 49, 49], [64, 49, 49], []]",100
swin-tiny,2,,aten::mul,"[[128, 3, 49, 32], []]",100
swin-tiny,2,,aten::mul,"[[2, 24, 49, 32], []]",100
swin-tiny,2,,aten::mul,"[[32, 6, 49, 32], []]",100
swin-tiny,2,,aten::mul,"[[8, 12, 49, 32], []]",300
swin-tiny,2,,aten::ne,"[[16, 49, 49], []]",50
swin-tiny,2,,aten::ne,"[[4, 49, 49], []]",150
swin-tiny,2,,aten::ne,"[[64, 49, 49], []]",50
swin-tiny,2,,aten::new_zeros,"[[128, 49, 96], [], [], [], [], []]",50
swin-tiny,2,,aten::new_zeros,"[[32, 49, 192], [], [], [], [], []]",50
swin-tiny,2,,aten::new_zeros,"[[8, 49, 384], [], [], [], [], []]",150
swin-tiny,2,,aten::pad,"[[2, 14, 14, 384], [], [], []]",350
swin-tiny,2,,aten::pad,"[[2, 28, 28, 192], [], [], []]",150
swin-tiny,2,,aten::pad,"[[2, 56, 56, 96], [], [], []]",150
swin-tiny,2,,aten::pad,"[[2, 7, 7, 768], [], [], []]",100
swin-tiny,2,,aten::permute,"[[128, 49, 3, 3, 32], []]",100
swin-tiny,2,,aten::permute,"[[2, 1, 1, 7, 7, 768], []]",100
swin-tiny,2,,aten::permute,"[[2, 1, 7, 1, 7, 768], []]",100
swin-tiny,2,,aten::permute,"[[2, 2, 2, 7, 7, 384], []]",300
swin-tiny,2,,aten::permute,"[[2, 2, 7, 2, 7, 384], []]",300
swin-tiny,2,,aten::permute,"[[2, 4, 4, 7, 7, 192], []]",100
swin-tiny,2,,aten::permute,"[[2, 4, 7, 4, 7, 192], []]",100
swin-tiny,2,,aten::permute,"[[2, 49, 3, 24, 32], []]",100
swin-tiny,2,,aten::permute,"[[2, 7, 2, 7], []]",150
swin-tiny,2,,aten::permute,"[[2, 7, 7, 768], []]",50
swin-tiny,2,,aten::permute,"[[2, 8, 7, 8, 7, 96], []]",100
swin-tiny,2,,aten::permute,"[[2, 8, 8, 7, 7, 96], []]",100
swin-tiny,2,,aten::permute,"[[2, 96, 56, 56], []]",50
swin-tiny,2,,aten::permute,"[[32, 49, 3, 6, 32], []]",100
swin-tiny,2,,aten::permute,"[[4, 7, 4, 7], []]",50
swin-tiny,2,,aten::permute,"[[49, 49, 12], []]",300
swin-tiny,2,,aten::permute,"[[49, 49, 24], []]",100
swin-tiny,2,,aten::permute,"[[49, 49, 3], []]",100
swin-tiny,2,,aten::permute,"[[49, 49, 6], []]",100
swin-tiny,2,,aten::permute,"[[8, 49, 3, 12, 32], []]",300
swin-tiny,2,,aten::permute,"[[8, 7, 8, 7], []]",50
swin-tiny,2,,aten::reshape,"[[128, 3, 32, 49], []]",100
swin-tiny,2,,aten::reshape,"[[128, 3, 49, 32], []]",200
swin-tiny,2,,aten::reshape,"[[128, 3, 49, 49], []]",100
swin-tiny,2,,aten::reshape,"[[128, 49, 288], []]",100
swin-tiny,2,,aten::reshape,"[[128, 49, 3, 32], []]",100
swin-tiny,2,,aten::reshape,"[[128, 49, 96], []]",200
swin-tiny,2,,aten::reshape,"[[2, 1, 1, 7, 7, 768], []]",100
swin-tiny,2,,aten::reshape,"[[2, 1, 7, 1, 7, 768], []]",100
swin-tiny,2,,aten::reshape,"[[2, 14, 14, 1536], []]",300
swin-tiny,2,,aten::reshape,"[[2, 14, 14, 384], []]",300
swin-tiny,2,,aten::reshape,"[[2, 14, 14, 768], []]",50
swin-tiny,2,,aten::reshape,"[[2, 2, 2, 7, 7, 384], []]",300
swin-tiny,2,,aten::reshape,"[[2, 2, 7, 2, 7, 384], []]",300
swin-tiny,2,,aten::reshape,"[[2, 2, 7, 7], []]",150
swin-tiny,2,,aten::reshape,"[[2, 24, 32, 49], []]",100
swin-tiny,2,,aten::reshape,"[[2, 24, 49, 32], []]",200
swin-tiny,2,,aten::reshape,"[[2, 24, 49, 49], []]",100
swin-tiny,2,,aten::reshape,"[[2, 28, 28, 192], []]",100
swin-tiny,2,,aten::reshape,"[[2, 28, 28, 384], []]",50
swin-tiny,2,,aten::reshape,"[[2, 28, 28, 768], []]",100
swin-tiny,2,,aten::reshape,"[[2, 4, 4, 7, 7, 192], []]",100
swin-tiny,2,,aten::reshape,"[[2, 4, 7, 4, 7, 192], []]",100
swin-tiny,2,,aten::reshape,"[[2, 49, 2304], []]",100
swin-tiny,2,,aten::reshape,"[[2, 49, 24, 32], []]",100
swin-tiny,2,,aten::reshape,"[[2, 49, 768], []]",200
swin-tiny,2,,aten::reshape,"[[2, 56, 56, 384], []]",100
swin-tiny,2,,aten::reshape,"[[2, 56, 56, 96], []]",100
swin-tiny,2,,aten::reshape,"[[2, 7, 7, 1536], []]",50
swin-tiny,2,,aten::reshape,"[[2, 7, 7, 3072], []]",100
swin-tiny,2,,aten::reshape,"[[2, 7, 7, 768], []]",100
swin-tiny,2,,aten::reshape,"[[2, 8, 7, 8, 7, 96], []]",100
swin-tiny,2,,aten::reshape,"[[2, 8, 8, 7, 7, 96], []]",100
swin-tiny,2,,aten::reshape,"[[2401], []]",600
swin-tiny,2,,aten::reshape,"[[32, 49, 192], []]",200
swin-tiny,2,,aten::reshape,"[[32, 49, 576], []]",100
swin-tiny,2,,aten::reshape,"[[32, 49, 6, 32], []]",100
swin-tiny,2,,aten::reshape,"[[32, 6, 32, 49], []]",100
swin-tiny,2,,aten::reshape,"[[32, 6, 49, 32], []]",200
swin-tiny,2,,aten::reshape,"[[32, 6, 49, 49], []]",100
swin-tiny,2,,aten::reshape,"[[4, 4, 7, 7], []]",50
swin-tiny,2,,aten::reshape,"[[8, 12, 32, 49], []]",300
swin-tiny,2,,aten::reshape,"[[8, 12, 49, 32], []]",600
swin-tiny,2,,aten::reshape,"[[8, 12, 49, 49], []]",300
swin-tiny,2,,aten::reshape,"[[8, 49, 1152], []]",300
swin-tiny,2,,aten::reshape,"[[8, 49, 12, 32], []]",300
swin-tiny,2,,aten::reshape,"[[8, 49, 384], []]",600
swin-tiny,2,,aten::reshape,"[[8, 8, 7, 7], []]",50
swin-tiny,2,,aten::reshape,"[[96], []]",50
swin-tiny,2,,aten::roll,"[[2, 14, 14, 384], [], []]",900
swin-tiny,2,,aten::roll,"[[2, 28, 28, 192], [], []]",300
swin-tiny,2,,aten::roll,"[[2, 56, 56, 96], [], []]",300
swin-tiny,2,,aten::select,"[[3, 128, 3, 49, 32], [], []]",300
swin-tiny,2,,aten::select,"[[3, 2, 24, 49, 32], [], []]",300
swin-tiny,2,,aten::select,"[[3, 32, 6, 49, 32], [], []]",300
swin-tiny,2,,aten::select,"[[3, 8, 12, 49, 32], [], []]",900
swin-tiny,2,,aten::slice,"[[14, 14], [], [], [], []]",1350
swin-tiny,2,,aten::slice,"[[2, 14, 14, 192], [], [], [], []]",200
swin-tiny,2,,aten::slice,"[[2, 14, 14, 384], [], [], [], []]",800
swin-tiny,2,,aten::slice,"[[2, 14, 28, 192], [], [], [], []]",200
swin-tiny,2,,aten::slice,"[[2, 28, 28, 192], [], [], [], []]",400
swin-tiny,2,,aten::slice,"[[2, 28, 28, 96], [], [], [], []]",200
swin-tiny,2,,aten::slice,"[[2, 28, 56, 96], [], [], [], []]",200
swin-tiny,2,,aten::slice,"[[2, 56, 56, 96], [], [], [], []]",400
swin-tiny,2,,aten::slice,"[[2, 7, 14, 384], [], [], [], []]",200
swin-tiny,2,,aten::slice,"[[2, 7, 7, 384], [], [], [], []]",200
swin-tiny,2,,aten::slice,"[[2, 7, 7, 768], [], [], [], []]",200
swin-tiny,2,,aten::slice,"[[21, 28], [], [], [], []]",150
swin-tiny,2,,aten::slice,"[[28, 28], [], [], [], []]",450
swin-tiny,2,,aten::slice,"[[3, 14], [], [], [], []]",450
swin-tiny,2,,aten::slice,"[[3, 28], [], [], [], []]",150
swin-tiny,2,,aten::slice,"[[3, 56], [], [], [], []]",150
swin-tiny,2,,aten::slice,"[[4, 14], [], [], [], []]",450
swin-tiny,2,,aten::slice,"[[4, 28], [], [], [], []]",150
swin-tiny,2,,aten::slice,"[[4, 56], [], [], [], []]",150
swin-tiny,2,,aten::slice,"[[49, 56], [], [], [], []]",150
swin-tiny,2,,aten::slice,"[[56, 56], [], [], [], []]",450
swin-tiny,2,,aten::slice,"[[7, 14], [], [], [], []]",450
swin-tiny,2,,aten::softmax,"[[128, 3, 49, 49], [], []]",100
swin-tiny,2,,aten::softmax,"[[2, 24, 49, 49], [], []]",100
swin-tiny,2,,aten::softmax,"[[32, 6, 49, 49], [], []]",100
swin-tiny,2,,aten::softmax,"[[8, 12, 49, 49], [], []]",300
swin-tiny,2,,aten::sub,"[[16, 1, 49], [16, 49, 1], []]",50
swin-tiny,2,,aten::sub,"[[4, 1, 49], [4, 49, 1], []]",150
swin-tiny,2,,aten::sub,"[[64, 1, 49], [64, 49, 1], []]",50
swin-tiny,2,,aten::transpose,"[[1000, 768], [], []]",50
swin-tiny,2,,aten::transpose,"[[1152, 384], [], []]",300
swin-tiny,2,,aten::transpose,"[[128, 3, 49, 32], [], []]",200
swin-tiny,2,,aten::transpose,"[[1536, 384], [], []]",300
swin-tiny,2,,aten::transpose,"[[192, 192], [], []]",100
swin-tiny,2,,aten::transpose,"[[192, 384], [], []]",50
swin-tiny,2,,aten::transpose,"[[192, 768], [], []]",100
swin-tiny,2,,aten::transpose,"[[2, 24, 49, 32], [], []]",200
swin-tiny,2,,aten::transpose,"[[2304, 768], [], []]",100
swin-tiny,2,,aten::transpose,"[[288, 96], [], []]",100
swin-tiny,2,,aten::transpose,"[[3072, 768], [], []]",100
swin-tiny,2,,aten::transpose,"[[32, 6, 49, 32], [], []]",200
swin-tiny,2,,aten::transpose,"[[384, 1536], [], []]",300
swin-tiny,2,,aten::transpose,"[[384, 384], [], []]",300
swin-tiny,2,,aten::transpose,"[[384, 768], [], []]",50
swin-tiny,2,,aten::transpose,"[[384, 96], [], []]",100
swin-tiny,2,,aten::transpose,"[[576, 192], [], []]",100
swin-tiny,2,,aten::transpose,"[[768, 1536], [], []]",50
swin-tiny,2,,aten::transpose,"[[768, 192], [], []]",100
swin-tiny,2,,aten::transpose,"[[768, 3072], [], []]",100
swin-tiny,2,,aten::transpose,"[[768, 768], [], []]",100
swin-tiny,2,,aten::transpose,"[[8, 12, 49, 32], [], []]",600
swin-tiny,2,,aten::transpose,"[[96, 384], [], []]",100
swin-tiny,2,,aten::transpose,"[[96, 96], [], []]",100
swin-tiny,2,,aten::unsqueeze,"[[12, 49, 49], []]",300
swin-tiny,2,,aten::unsqueeze,"[[16, 1, 49, 49], []]",50
swin-tiny,2,,aten::unsqueeze,"[[16, 49, 49], []]",50
swin-tiny,2,,aten::unsqueeze,"[[16, 49], []]",100
swin-tiny,2,,aten::unsqueeze,"[[24, 49, 49], []]",100
swin-tiny,2,,aten::unsqueeze,"[[3, 49, 49], []]",100
swin-tiny,2,,aten::unsqueeze,"[[4, 1, 49, 49], []]",150
swin-tiny,2,,aten::unsqueeze,"[[4, 49, 49], []]",150
swin-tiny,2,,aten::unsqueeze,"[[4, 49], []]",300
swin-tiny,2,,aten::unsqueeze,"[[6, 49, 49], []]",100
swin-tiny,2,,aten::unsqueeze,"[[64, 1, 49, 49], []]",50
swin-tiny,2,,aten::unsqueeze,"[[64, 49, 49], []]",50
swin-tiny,2,,aten::unsqueeze,"[[64, 49], []]",100
swin-tiny,2,,aten::view,"[[128, 3, 49, 49], []]",150
swin-tiny,2,,aten::view,"[[128, 49, 288], []]",100
swin-tiny,2,,aten::view,"[[128, 49, 96], []]",300
swin-tiny,2,,aten::view,"[[14, 14], []]",150
swin-tiny,2,,aten::view,"[[1568, 192], []]",200
swin-tiny,2,,aten::view,"[[1568, 576], []]",100
swin-tiny,2,,aten::view,"[[1568, 768], []]",100
swin-tiny,2,,aten::view,"[[1568], []]",500
swin-tiny,2,,aten::view,"[[2, 1, 1, 7, 7, 768], []]",100
swin-tiny,2,,aten::view,"[[2, 1, 7, 1, 7, 768], []]",100
swin-tiny,2,,aten::view,"[[2, 14, 14, 1536], []]",300
swin-tiny,2,,aten::view,"[[2, 14, 14, 384], []]",600
swin-tiny,2,,aten::view,"[[2, 14, 14, 768], []]",50
swin-tiny,2,,aten::view,"[[2, 16, 6, 49, 49], []]",50
swin-tiny,2,,aten::view,"[[2, 24, 49, 49], []]",100
swin-tiny,2,,aten::view,"[[2, 28, 28, 192], []]",200
swin-tiny,2,,aten::view,"[[2, 28, 28, 384], []]",50
swin-tiny,2,,aten::view,"[[2, 28, 28, 768], []]",100
swin-tiny,2,,aten::view,"[[2, 4, 12, 49, 49], []]",150
swin-tiny,2,,aten::view,"[[2, 49, 2304], []]",100
swin-tiny,2,,aten::view,"[[2, 49, 768], []]",300
swin-tiny,2,,aten::view,"[[2, 56, 56, 384], []]",100
swin-tiny,2,,aten::view,"[[2, 56, 56, 96], []]",200
swin-tiny,2,,aten::view,"[[2, 64, 3, 49, 49], []]",50
swin-tiny,2,,aten::view,"[[2, 7, 7, 1536], []]",50
swin-tiny,2,,aten::view,"[[2, 7, 7, 3072], []]",100
swin-tiny,2,,aten::view,"[[2, 7, 7, 768], []]",200
swin-tiny,2,,aten::view,"[[2, 768, 1, 1], []]",50
swin-tiny,2,,aten::view,"[[2401, 12], []]",300
swin-tiny,2,,aten::view,"[[2401, 24], []]",100
swin-tiny,2,,aten::view,"[[2401, 3], []]",100
swin-tiny,2,,aten::view,"[[2401, 6], []]",100
swin-tiny,2,,aten::view,"[[2401], []]",600
swin-tiny,2,,aten::view,"[[28, 28], []]",50
swin-tiny,2,,aten::view,"[[32, 49, 192], []]",300
swin-tiny,2,,aten::view,"[[32, 49, 576], []]",100
swin-tiny,2,,aten::view,"[[32, 6, 49, 49], []]",150
swin-tiny,2,,aten::view,"[[392, 1152], []]",300
swin-tiny,2,,aten::view,"[[392, 1536], []]",300
swin-tiny,2,,aten::view,"[[392, 384], []]",600
swin-tiny,2,,aten::view,"[[392], []]",1300
swin-tiny,2,,aten::view,"[[56, 56], []]",50
swin-tiny,2,,aten::view,"[[6272, 288], []]",100
swin-tiny,2,,aten::view,"[[6272, 384], []]",100
swin-tiny,2,,aten::view,"[[6272, 96], []]",200
swin-tiny,2,,aten::view,"[[6272], []]",500
swin-tiny,2,,aten::view,"[[8, 12, 49, 49], []]",450
swin-tiny,2,,aten::view,"[[8, 49, 1152], []]",300
swin-tiny,2,,aten::view,"[[8, 49, 384], []]",900
swin-tiny,2,,aten::view,"[[96], []]",50
swin-tiny,2,,aten::view,"[[98, 2304], []]",100
swin-tiny,2,,aten::view,"[[98, 3072], []]",100
swin-tiny,2,,aten::view,"[[98, 768], []]",200
swin-tiny,2,,aten::view,"[[98], []]",600
swin-tiny,2,,cudadevicesynchronize,[],51
swin-tiny,4,,aten::adaptive_avg_pool2d,"[[4, 768, 7, 7], []]",50
swin-tiny,4,,aten::add,"[[16, 12, 49, 49], [1, 12, 49, 49], []]",300
swin-tiny,4,,aten::add,"[[256, 3, 49, 49], [1, 3, 49, 49], []]",100
swin-tiny,4,,aten::add,"[[4, 14, 14, 384], [4, 14, 14, 384], []]",600
swin-tiny,4,,aten::add,"[[4, 16, 6, 49, 49], [1, 16, 1, 49, 49], []]",50
swin-tiny,4,,aten::add,"[[4, 24, 49, 49], [1, 24, 49, 49], []]",100
swin-tiny,4,,aten::add,"[[4, 28, 28, 192], [4, 28, 28, 192], []]",200
swin-tiny,4,,aten::add,"[[4, 4, 12, 49, 49], [1, 4, 1, 49, 49], []]",150
swin-tiny,4,,aten::add,"[[4, 56, 56, 96], [4, 56, 56, 96], []]",200
swin-tiny,4,,aten::add,"[[4, 64, 3, 49, 49], [1, 64, 1, 49, 49], []]",50
swin-tiny,4,,aten::add,"[[4, 7, 7, 768], [4, 7, 7, 768], []]",200
swin-tiny,4,,aten::add,"[[64, 6, 49, 49], [1, 6, 49, 49], []]",100
swin-tiny,4,,aten::cat,"[[], []]",150
swin-tiny,4,,aten::contiguous,"[[12, 49, 49], []]",300
swin-tiny,4,,aten::contiguous,"[[24, 49, 49], []]",100
swin-tiny,4,,aten::contiguous,"[[3, 49, 49], []]",100
swin-tiny,4,,aten::contiguous,"[[4, 56, 56, 96], []]",50
swin-tiny,4,,aten::contiguous,"[[6, 49, 49], []]",100
swin-tiny,4,,aten::dropout,"[[16, 12, 49, 49], [], []]",300
swin-tiny,4,,aten::dropout,"[[16, 49, 384], [], []]",300
swin-tiny,4,,aten::dropout,"[[256, 3, 49, 49], [], []]",100
swin-tiny,4,,aten::dropout,"[[256, 49, 96], [], []]",100
swin-tiny,4,,aten::dropout,"[[4, 14, 14, 1536], [], []]",300
swin-tiny,4,,aten::dropout,"[[4, 14, 14, 384], [], []]",300
swin-tiny,4,,aten::dropout,"[[4, 24, 49, 49], [], []]",100
swin-tiny,4,,aten::dropout,"[[4, 28, 28, 192], [], []]",100
swin-tiny,4,,aten::dropout,"[[4, 28, 28, 768], [], []]",100
swin-tiny,4,,aten::dropout,"[[4, 49, 768], [], []]",100
swin-tiny,4,,aten::dropout,"[[4, 56, 56, 384], [], []]",100
swin-tiny,4,,aten::dropout,"[[4, 56, 56, 96], [], []]",100
swin-tiny,4,,aten::dropout,"[[4, 7, 7, 3072], [], []]",100
swin-tiny,4,,aten::dropout,"[[4, 7, 7, 768], [], []]",100
swin-tiny,4,,aten::dropout,"[[64, 49, 192], [], []]",100
swin-tiny,4,,aten::dropout,"[[64, 6, 49, 49], [], []]",100
swin-tiny,4,,aten::eq,"[[16, 49, 49], []]",50
swin-tiny,4,,aten::eq,"[[4, 49, 49], []]",150
swin-tiny,4,,aten::eq,"[[64, 49, 49], []]",50
swin-tiny,4,,aten::fill_,"[[14, 14], []]",150
swin-tiny,4,,aten::fill_,"[[21, 21], []]",50
swin-tiny,4,,aten::fill_,"[[21, 3], []]",50
swin-tiny,4,,aten::fill_,"[[21, 4], []]",50
swin-tiny,4,,aten::fill_,"[[28, 28], []]",50
swin-tiny,4,,aten::fill_,"[[3, 21], []]",50
swin-tiny,4,,aten::fill_,"[[3, 3], []]",250
swin-tiny,4,,aten::fill_,"[[3, 49], []]",50
swin-tiny,4,,aten::fill_,"[[3, 4], []]",250
swin-tiny,4,,aten::fill_,"[[3, 7], []]",150
swin-tiny,4,,aten::fill_,"[[4, 21], []]",50
swin-tiny,4,,aten::fill_,"[[4, 3], []]",250
swin-tiny,4,,aten::fill_,"[[4, 49], []]",50
swin-tiny,4,,aten::fill_,"[[4, 4], []]",250
swin-tiny,4,,aten::fill_,"[[4, 7], []]",150
swin-tiny,4,,aten::fill_,"[[49, 3], []]",50
swin-tiny,4,,aten::fill_,"[[49, 49], []]",50
swin-tiny,4,,aten::fill_,"[[49, 4], []]",50
swin-tiny,4,,aten::fill_,"[[56, 56], []]",50
swin-tiny,4,,aten::fill_,"[[7, 3], []]",150
swin-tiny,4,,aten::fill_,"[[7, 4], []]",150
swin-tiny,4,,aten::fill_,"[[7, 7], []]",150
swin-tiny,4,,aten::flatten,"[[4, 768, 1, 1], [], []]",50
swin-tiny,4,,aten::gelu,"[[4, 14, 14, 1536], []]",300
swin-tiny,4,,aten::gelu,"[[4, 28, 28, 768], []]",100
swin-tiny,4,,aten::gelu,"[[4, 56, 56, 384], []]",100
swin-tiny,4,,aten::gelu,"[[4, 7, 7, 3072], []]",100
swin-tiny,4,,aten::index,"[[169, 12], []]",300
swin-tiny,4,,aten::index,"[[169, 24], []]",100
swin-tiny,4,,aten::index,"[[169, 3], []]",100
swin-tiny,4,,aten::index,"[[169, 6], []]",100
swin-tiny,4,,aten::layer_norm,"[[4, 14, 14, 384], [], [384], [384], [], []]",600
swin-tiny,4,,aten::layer_norm,"[[4, 14, 14, 768], [], [768], [768], [], []]",50
swin-tiny,4,,aten::layer_norm,"[[4, 28, 28, 192], [], [192], [192], [], []]",200
swin-tiny,4,,aten::layer_norm,"[[4, 28, 28, 384], [], [384], [384], [], []]",50
swin-tiny,4,,aten::layer_norm,"[[4, 56, 56, 96], [], [96], [96], [], []]",250
swin-tiny,4,,aten::layer_norm,"[[4, 7, 7, 1536], [], [1536], [1536], [], []]",50
swin-tiny,4,,aten::layer_norm,"[[4, 7, 7, 768], [], [768], [768], [], []]",250
swin-tiny,4,,aten::lift_fresh,[[]],2250
swin-tiny,4,,aten::masked_fill,"[[16, 49, 49], [16, 49, 49], []]",100
swin-tiny,4,,aten::masked_fill,"[[4, 49, 49], [4, 49, 49], []]",300
swin-tiny,4,,aten::masked_fill,"[[64, 49, 49], [64, 49, 49], []]",100
swin-tiny,4,,aten::mul,"[[16, 12, 49, 32], []]",300
swin-tiny,4,,aten::mul,"[[256, 3, 49, 32], []]",100
swin-tiny,4,,aten::mul,"[[4, 24, 49, 32], []]",100
swin-tiny,4,,aten::mul,"[[64, 6, 49, 32], []]",100
swin-tiny,4,,aten::ne,"[[16, 49, 49], []]",50
swin-tiny,4,,aten::ne,"[[4, 49, 49], []]",150
swin-tiny,4,,aten::ne,"[[64, 49, 49], []]",50
swin-tiny,4,,aten::new_zeros,"[[16, 49, 384], [], [], [], [], []]",150
swin-tiny,4,,aten::new_zeros,"[[256, 49, 96], [], [], [], [], []]",50
swin-tiny,4,,aten::new_zeros,"[[64, 49, 192], [], [], [], [], []]",50
swin-tiny,4,,aten::pad,"[[4, 14, 14, 384], [], [], []]",350
swin-tiny,4,,aten::pad,"[[4, 28, 28, 192], [], [], []]",150
swin-tiny,4,,aten::pad,"[[4, 56, 56, 96], [], [], []]",150
swin-tiny,4,,aten::pad,"[[4, 7, 7, 768], [], [], []]",100
swin-tiny,4,,aten::permute,"[[16, 49, 3, 12, 32], []]",300
swin-tiny,4,,aten::permute,"[[2, 7, 2, 7], []]",150
swin-tiny,4,,aten::permute,"[[256, 49, 3, 3, 32], []]",100
swin-tiny,4,,aten::permute,"[[4, 1, 1, 7, 7, 768], []]",100
swin-tiny,4,,aten::permute,"[[4, 1, 7, 1, 7, 768], []]",100
swin-tiny,4,,aten::permute,"[[4, 2, 2, 7, 7, 384], []]",300
swin-tiny,4,,aten::permute,"[[4, 2, 7, 2, 7, 384], []]",300
swin-tiny,4,,aten::permute,"[[4, 4, 4, 7, 7, 192], []]",100
swin-tiny,4,,aten::permute,"[[4, 4, 7, 4, 7, 192], []]",100
swin-tiny,4,,aten::permute,"[[4, 49, 3, 24, 32], []]",100
swin-tiny,4,,aten::permute,"[[4, 7, 4, 7], []]",50
swin-tiny,4,,aten::permute,"[[4, 7, 7, 768], []]",50
swin-tiny,4,,aten::permute,"[[4, 8, 7, 8, 7, 96], []]",100
swin-tiny,4,,aten::permute,"[[4, 8, 8, 7, 7, 96], []]",100
swin-tiny,4,,aten::permute,"[[4, 96, 56, 56], []]",50
swin-tiny,4,,aten::permute,"[[49, 49, 12], []]",300
swin-tiny,4,,aten::permute,"[[49, 49, 24], []]",100
swin-tiny,4,,aten::permute,"[[49, 49, 3], []]",100
swin-tiny,4,,aten::permute,"[[49, 49, 6], []]",100
swin-tiny,4,,aten::permute,"[[64, 49, 3, 6, 32], []]",100
swin-tiny,4,,aten::permute,"[[8, 7, 8, 7], []]",50
swin-tiny,4,,aten::reshape,"[[16, 12, 32, 49], []]",300
swin-tiny,4,,aten::reshape,"[[16, 12, 49, 32], []]",600
swin-tiny,4,,aten::reshape,"[[16, 12, 49, 49], []]",300
swin-tiny,4,,aten::reshape,"[[16, 49, 1152], []]",300
swin-tiny,4,,aten::reshape,"[[16, 49, 12, 32], []]",300
swin-tiny,4,,aten::reshape,"[[16, 49, 384], []]",600
swin-tiny,4,,aten::reshape,"[[2, 2, 7, 7], []]",150
swin-tiny,4,,aten::reshape,"[[2401], []]",600
swin-tiny,4,,aten::reshape,"[[256, 3, 32, 49], []]",100
swin-tiny,4,,aten::reshape,"[[256, 3, 49, 32], []]",200
swin-tiny,4,,aten::reshape,"[[256, 3, 49, 49], []]",100
swin-tiny,4,,aten::reshape,"[[256, 49, 288], []]",100
swin-tiny,4,,aten::reshape,"[[256, 49, 3, 32], []]",100
swin-tiny,4,,aten::reshape,"[[256, 49, 96], []]",200
swin-tiny,4,,aten::reshape,"[[4, 1, 1, 7, 7, 768], []]",100
swin-tiny,4,,aten::reshape,"[[4, 1, 7, 1, 7, 768], []]",100
swin-tiny,4,,aten::reshape,"[[4, 14, 14, 1536], []]",300
swin-tiny,4,,aten::reshape,"[[4, 14, 14, 384], []]",300
swin-tiny,4,,aten::reshape,"[[4, 14, 14, 768], []]",50
swin-tiny,4,,aten::reshape,"[[4, 2, 2, 7, 7, 384], []]",300
swin-tiny,4,,aten::reshape,"[[4, 2, 7, 2, 7, 384], []]",300
swin-tiny,4,,aten::reshape,"[[4, 24, 32, 49], []]",100
swin-tiny,4,,aten::reshape,"[[4, 24, 49, 32], []]",200
swin-tiny,4,,aten::reshape,"[[4, 24, 49, 49], []]",100
swin-tiny,4,,aten::reshape,"[[4, 28, 28, 192], []]",100
swin-tiny,4,,aten::reshape,"[[4, 28, 28, 384], []]",50
swin-tiny,4,,aten::reshape,"[[4, 28, 28, 768], []]",100
swin-tiny,4,,aten::reshape,"[[4, 4, 4, 7, 7, 192], []]",100
swin-tiny,4,,aten::reshape,"[[4, 4, 7, 4, 7, 192], []]",100
swin-tiny,4,,aten::reshape,"[[4, 4, 7, 7], []]",50
swin-tiny,4,,aten::reshape,"[[4, 49, 2304], []]",100
swin-tiny,4,,aten::reshape,"[[4, 49, 24, 32], []]",100
swin-tiny,4,,aten::reshape,"[[4, 49, 768], []]",200
swin-tiny,4,,aten::reshape,"[[4, 56, 56, 384], []]",100
swin-tiny,4,,aten::reshape,"[[4, 56, 56, 96], []]",100
swin-tiny,4,,aten::reshape,"[[4, 7, 7, 1536], []]",50
swin-tiny,4,,aten::reshape,"[[4, 7, 7, 3072], []]",100
swin-tiny,4,,aten::reshape,"[[4, 7, 7, 768], []]",100
swin-tiny,4,,aten::reshape,"[[4, 8, 7, 8, 7, 96], []]",100
swin-tiny,4,,aten::reshape,"[[4, 8, 8, 7, 7, 96], []]",100
swin-tiny,4,,aten::reshape,"[[64, 49, 192], []]",200
swin-tiny,4,,aten::reshape,"[[64, 49, 576], []]",100
swin-tiny,4,,aten::reshape,"[[64, 49, 6, 32], []]",100
swin-tiny,4,,aten::reshape,"[[64, 6, 32, 49], []]",100
swin-tiny,4,,aten::reshape,"[[64, 6, 49, 32], []]",200
swin-tiny,4,,aten::reshape,"[[64, 6, 49, 49], []]",100
swin-tiny,4,,aten::reshape,"[[8, 8, 7, 7], []]",50
swin-tiny,4,,aten::reshape,"[[96], []]",50
swin-tiny,4,,aten::roll,"[[4, 14, 14, 384], [], []]",900
swin-tiny,4,,aten::roll,"[[4, 28, 28, 192], [], []]",300
swin-tiny,4,,aten::roll,"[[4, 56, 56, 96], [], []]",300
swin-tiny,4,,aten::select,"[[3, 16, 12, 49, 32], [], []]",900
swin-tiny,4,,aten::select,"[[3, 256, 3, 49, 32], [], []]",300
swin-tiny,4,,aten::select,"[[3, 4, 24, 49, 32], [], []]",300
swin-tiny,4,,aten::select,"[[3, 64, 6, 49, 32], [], []]",300
swin-tiny,4,,aten::slice,"[[14, 14], [], [], [], []]",1350
swin-tiny,4,,aten::slice,"[[21, 28], [], [], [], []]",150
swin-tiny,4,,aten::slice,"[[28, 28], [], [], [], []]",450
swin-tiny,4,,aten::slice,"[[3, 14], [], [], [], []]",450
swin-tiny,4,,aten::slice,"[[3, 28], [], [], [], []]",150
swin-tiny,4,,aten::slice,"[[3, 56], [], [], [], []]",150
swin-tiny,4,,aten::slice,"[[4, 14, 14, 192], [], [], [], []]",200
swin-tiny,4,,aten::slice,"[[4, 14, 14, 384], [], [], [], []]",800
swin-tiny,4,,aten::slice,"[[4, 14, 28, 192], [], [], [], []]",200
swin-tiny,4,,aten::slice,"[[4, 14], [], [], [], []]",450
swin-tiny,4,,aten::slice,"[[4, 28, 28, 192], [], [], [], []]",400
swin-tiny,4,,aten::slice,"[[4, 28, 28, 96], [], [], [], []]",200
swin-tiny,4,,aten::slice,"[[4, 28, 56, 96], [], [], [], []]",200
swin-tiny,4,,aten::slice,"[[4, 28], [], [], [], []]",150
swin-tiny,4,,aten::slice,"[[4, 56, 56, 96], [], [], [], []]",400
swin-tiny,4,,aten::slice,"[[4, 56], [], [], [], []]",150
swin-tiny,4,,aten::slice,"[[4, 7, 14, 384], [], [], [], []]",200
swin-tiny,4,,aten::slice,"[[4, 7, 7, 384], [], [], [], []]",200
swin-tiny,4,,aten::slice,"[[4, 7, 7, 768], [], [], [], []]",200
swin-tiny,4,,aten::slice,"[[49, 56], [], [], [], []]",150
swin-tiny,4,,aten::slice,"[[56, 56], [], [], [], []]",450
swin-tiny,4,,aten::slice,"[[7, 14], [], [], [], []]",450
swin-tiny,4,,aten::softmax,"[[16, 12, 49, 49], [], []]",300
swin-tiny,4,,aten::softmax,"[[256, 3, 49, 49], [], []]",100
swin-tiny,4,,aten::softmax,"[[4, 24, 49, 49], [], []]",100
swin-tiny,4,,aten::softmax,"[[64, 6, 49, 49], [], []]",100
swin-tiny,4,,aten::sub,"[[16, 1, 49], [16, 49, 1], []]",50
swin-tiny,4,,aten::sub,"[[4, 1, 49], [4, 49, 1], []]",150
swin-tiny,4,,aten::sub,"[[64, 1, 49], [64, 49, 1], []]",50
swin-tiny,4,,aten::transpose,"[[1000, 768], [], []]",50
swin-tiny,4,,aten::transpose,"[[1152, 384], [], []]",300
swin-tiny,4,,aten::transpose,"[[1536, 384], [], []]",300
swin-tiny,4,,aten::transpose,"[[16, 12, 49, 32], [], []]",600
swin-tiny,4,,aten::transpose,"[[192, 192], [], []]",100
swin-tiny,4,,aten::transpose,"[[192, 384], [], []]",50
swin-tiny,4,,aten::transpose,"[[192, 768], [], []]",100
swin-tiny,4,,aten::transpose,"[[2304, 768], [], []]",100
swin-tiny,4,,aten::transpose,"[[256, 3, 49, 32], [], []]",200
swin-tiny,4,,aten::transpose,"[[288, 96], [], []]",100
swin-tiny,4,,aten::transpose,"[[3072, 768], [], []]",100
swin-tiny,4,,aten::transpose,"[[384, 1536], [], []]",300
swin-tiny,4,,aten::transpose,"[[384, 384], [], []]",300
swin-tiny,4,,aten::transpose,"[[384, 768], [], []]",50
swin-tiny,4,,aten::transpose,"[[384, 96], [], []]",100
swin-tiny,4,,aten::transpose,"[[4, 24, 49, 32], [], []]",200
swin-tiny,4,,aten::transpose,"[[576, 192], [], []]",100
swin-tiny,4,,aten::transpose,"[[64, 6, 49, 32], [], []]",200
swin-tiny,4,,aten::transpose,"[[768, 1536], [], []]",50
swin-tiny,4,,aten::transpose,"[[768, 192], [], []]",100
swin-tiny,4,,aten::transpose,"[[768, 3072], [], []]",100
swin-tiny,4,,aten::transpose,"[[768, 768], [], []]",100
swin-tiny,4,,aten::transpose,"[[96, 384], [], []]",100
swin-tiny,4,,aten::transpose,"[[96, 96], [], []]",100
swin-tiny,4,,aten::unsqueeze,"[[12, 49, 49], []]",300
swin-tiny,4,,aten::unsqueeze,"[[16, 1, 49, 49], []]",50
swin-tiny,4,,aten::unsqueeze,"[[16, 49, 49], []]",50
swin-tiny,4,,aten::unsqueeze,"[[16, 49], []]",100
swin-tiny,4,,aten::unsqueeze,"[[24, 49, 49], []]",100
swin-tiny,4,,aten::unsqueeze,"[[3, 49, 49], []]",100
swin-tiny,4,,aten::unsqueeze,"[[4, 1, 49, 49], []]",150
swin-tiny,4,,aten::unsqueeze,"[[4, 49, 49], []]",150
swin-tiny,4,,aten::unsqueeze,"[[4, 49], []]",300
swin-tiny,4,,aten::unsqueeze,"[[6, 49, 49], []]",100
swin-tiny,4,,aten::unsqueeze,"[[64, 1, 49, 49], []]",50
swin-tiny,4,,aten::unsqueeze,"[[64, 49, 49], []]",50
swin-tiny,4,,aten::unsqueeze,"[[64, 49], []]",100
swin-tiny,4,,aten::view,"[[12544, 288], []]",100
swin-tiny,4,,aten::view,"[[12544, 384], []]",100
swin-tiny,4,,aten::view,"[[12544, 96], []]",200
swin-tiny,4,,aten::view,"[[12544], []]",500
swin-tiny,4,,aten::view,"[[14, 14], []]",150
swin-tiny,4,,aten::view,"[[16, 12, 49, 49], []]",450
swin-tiny,4,,aten::view,"[[16, 49, 1152], []]",300
swin-tiny,4,,aten::view,"[[16, 49, 384], []]",900
swin-tiny,4,,aten::view,"[[196, 2304], []]",100
swin-tiny,4,,aten::view,"[[196, 3072], []]",100
swin-tiny,4,,aten::view,"[[196, 768], []]",200
swin-tiny,4,,aten::view,"[[196], []]",600
swin-tiny,4,,aten::view,"[[2401, 12], []]",300
swin-tiny,4,,aten::view,"[[2401, 24], []]",100
swin-tiny,4,,aten::view,"[[2401, 3], []]",100
swin-tiny,4,,aten::view,"[[2401, 6], []]",100
swin-tiny,4,,aten::view,"[[2401], []]",600
swin-tiny,4,,aten::view,"[[256, 3, 49, 49], []]",150
swin-tiny,4,,aten::view,"[[256, 49, 288], []]",100
swin-tiny,4,,aten::view,"[[256, 49, 96], []]",300
swin-tiny,4,,aten::view,"[[28, 28], []]",50
swin-tiny,4,,aten::view,"[[3136, 192], []]",200
swin-tiny,4,,aten::view,"[[3136, 576], []]",100
swin-tiny,4,,aten::view,"[[3136, 768], []]",100
swin-tiny,4,,aten::view,"[[3136], []]",500
swin-tiny,4,,aten::view,"[[4, 1, 1, 7, 7, 768], []]",100
swin-tiny,4,,aten::view,"[[4, 1, 7, 1, 7, 768], []]",100
swin-tiny,4,,aten::view,"[[4, 14, 14, 1536], []]",300
swin-tiny,4,,aten::view,"[[4, 14, 14, 384], []]",600
swin-tiny,4,,aten::view,"[[4, 14, 14, 768], []]",50
swin-tiny,4,,aten::view,"[[4, 16, 6, 49, 49], []]",50
swin-tiny,4,,aten::view,"[[4, 24, 49, 49], []]",100
swin-tiny,4,,aten::view,"[[4, 28, 28, 192], []]",200
swin-tiny,4,,aten::view,"[[4, 28, 28, 384], []]",50
swin-tiny,4,,aten::view,"[[4, 28, 28, 768], []]",100
swin-tiny,4,,aten::view,"[[4, 4, 12, 49, 49], []]",150
swin-tiny,4,,aten::view,"[[4, 49, 2304], []]",100
swin-tiny,4,,aten::view,"[[4, 49, 768], []]",300
swin-tiny,4,,aten::view,"[[4, 56, 56, 384], []]",100
swin-tiny,4,,aten::view,"[[4, 56, 56, 96], []]",200
swin-tiny,4,,aten::view,"[[4, 64, 3, 49, 49], []]",50
swin-tiny,4,,aten::view,"[[4, 7, 7, 1536], []]",50
swin-tiny,4,,aten::view,"[[4, 7, 7, 3072], []]",100
swin-tiny,4,,aten::view,"[[4, 7, 7, 768], []]",200
swin-tiny,4,,aten::view,"[[4, 768, 1, 1], []]",50
swin-tiny,4,,aten::view,"[[56, 56], []]",50
swin-tiny,4,,aten::view,"[[64, 49, 192], []]",300
swin-tiny,4,,aten::view,"[[64, 49, 576], []]",100
swin-tiny,4,,aten::view,"[[64, 6, 49, 49], []]",150
swin-tiny,4,,aten::view,"[[784, 1152], []]",300
swin-tiny,4,,aten::view,"[[784, 1536], []]",300
swin-tiny,4,,aten::view,"[[784, 384], []]",600
swin-tiny,4,,aten::view,"[[784], []]",1300
swin-tiny,4,,aten::view,"[[96], []]",50
swin-tiny,4,,cudadevicesynchronize,[],51
swin-tiny,8,,aten::adaptive_avg_pool2d,"[[8, 768, 7, 7], []]",50
swin-tiny,8,,aten::add,"[[128, 6, 49, 49], [1, 6, 49, 49], []]",100
swin-tiny,8,,aten::add,"[[32, 12, 49, 49], [1, 12, 49, 49], []]",300
swin-tiny,8,,aten::add,"[[512, 3, 49, 49], [1, 3, 49, 49], []]",100
swin-tiny,8,,aten::add,"[[8, 14, 14, 384], [8, 14, 14, 384], []]",600
swin-tiny,8,,aten::add,"[[8, 16, 6, 49, 49], [1, 16, 1, 49, 49], []]",50
swin-tiny,8,,aten::add,"[[8, 24, 49, 49], [1, 24, 49, 49], []]",100
swin-tiny,8,,aten::add,"[[8, 28, 28, 192], [8, 28, 28, 192], []]",200
swin-tiny,8,,aten::add,"[[8, 4, 12, 49, 49], [1, 4, 1, 49, 49], []]",150
swin-tiny,8,,aten::add,"[[8, 56, 56, 96], [8, 56, 56, 96], []]",200
swin-tiny,8,,aten::add,"[[8, 64, 3, 49, 49], [1, 64, 1, 49, 49], []]",50
swin-tiny,8,,aten::add,"[[8, 7, 7, 768], [8, 7, 7, 768], []]",200
swin-tiny,8,,aten::cat,"[[], []]",150
swin-tiny,8,,aten::contiguous,"[[12, 49, 49], []]",300
swin-tiny,8,,aten::contiguous,"[[24, 49, 49], []]",100
swin-tiny,8,,aten::contiguous,"[[3, 49, 49], []]",100
swin-tiny,8,,aten::contiguous,"[[6, 49, 49], []]",100
swin-tiny,8,,aten::contiguous,"[[8, 56, 56, 96], []]",50
swin-tiny,8,,aten::dropout,"[[128, 49, 192], [], []]",100
swin-tiny,8,,aten::dropout,"[[128, 6, 49, 49], [], []]",100
swin-tiny,8,,aten::dropout,"[[32, 12, 49, 49], [], []]",300
swin-tiny,8,,aten::dropout,"[[32, 49, 384], [], []]",300
swin-tiny,8,,aten::dropout,"[[512, 3, 49, 49], [], []]",100
swin-tiny,8,,aten::dropout,"[[512, 49, 96], [], []]",100
swin-tiny,8,,aten::dropout,"[[8, 14, 14, 1536], [], []]",300
swin-tiny,8,,aten::dropout,"[[8, 14, 14, 384], [], []]",300
swin-tiny,8,,aten::dropout,"[[8, 24, 49, 49], [], []]",100
swin-tiny,8,,aten::dropout,"[[8, 28, 28, 192], [], []]",100
swin-tiny,8,,aten::dropout,"[[8, 28, 28, 768], [], []]",100
swin-tiny,8,,aten::dropout,"[[8, 49, 768], [], []]",100
swin-tiny,8,,aten::dropout,"[[8, 56, 56, 384], [], []]",100
swin-tiny,8,,aten::dropout,"[[8, 56, 56, 96], [], []]",100
swin-tiny,8,,aten::dropout,"[[8, 7, 7, 3072], [], []]",100
swin-tiny,8,,aten::dropout,"[[8, 7, 7, 768], [], []]",100
swin-tiny,8,,aten::eq,"[[16, 49, 49], []]",50
swin-tiny,8,,aten::eq,"[[4, 49, 49], []]",150
swin-tiny,8,,aten::eq,"[[64, 49, 49], []]",50
swin-tiny,8,,aten::fill_,"[[14, 14], []]",150
swin-tiny,8,,aten::fill_,"[[21, 21], []]",50
swin-tiny,8,,aten::fill_,"[[21, 3], []]",50
swin-tiny,8,,aten::fill_,"[[21, 4], []]",50
swin-tiny,8,,aten::fill_,"[[28, 28], []]",50
swin-tiny,8,,aten::fill_,"[[3, 21], []]",50
swin-tiny,8,,aten::fill_,"[[3, 3], []]",250
swin-tiny,8,,aten::fill_,"[[3, 49], []]",50
swin-tiny,8,,aten::fill_,"[[3, 4], []]",250
swin-tiny,8,,aten::fill_,"[[3, 7], []]",150
swin-tiny,8,,aten::fill_,"[[4, 21], []]",50
swin-tiny,8,,aten::fill_,"[[4, 3], []]",250
swin-tiny,8,,aten::fill_,"[[4, 49], []]",50
swin-tiny,8,,aten::fill_,"[[4, 4], []]",250
swin-tiny,8,,aten::fill_,"[[4, 7], []]",150
swin-tiny,8,,aten::fill_,"[[49, 3], []]",50
swin-tiny,8,,aten::fill_,"[[49, 49], []]",50
swin-tiny,8,,aten::fill_,"[[49, 4], []]",50
swin-tiny,8,,aten::fill_,"[[56, 56], []]",50
swin-tiny,8,,aten::fill_,"[[7, 3], []]",150
swin-tiny,8,,aten::fill_,"[[7, 4], []]",150
swin-tiny,8,,aten::fill_,"[[7, 7], []]",150
swin-tiny,8,,aten::flatten,"[[8, 768, 1, 1], [], []]",50
swin-tiny,8,,aten::gelu,"[[8, 14, 14, 1536], []]",300
swin-tiny,8,,aten::gelu,"[[8, 28, 28, 768], []]",100
swin-tiny,8,,aten::gelu,"[[8, 56, 56, 384], []]",100
swin-tiny,8,,aten::gelu,"[[8, 7, 7, 3072], []]",100
swin-tiny,8,,aten::index,"[[169, 12], []]",300
swin-tiny,8,,aten::index,"[[169, 24], []]",100
swin-tiny,8,,aten::index,"[[169, 3], []]",100
swin-tiny,8,,aten::index,"[[169, 6], []]",100
swin-tiny,8,,aten::layer_norm,"[[8, 14, 14, 384], [], [384], [384], [], []]",600
swin-tiny,8,,aten::layer_norm,"[[8, 14, 14, 768], [], [768], [768], [], []]",50
swin-tiny,8,,aten::layer_norm,"[[8, 28, 28, 192], [], [192], [192], [], []]",200
swin-tiny,8,,aten::layer_norm,"[[8, 28, 28, 384], [], [384], [384], [], []]",50
swin-tiny,8,,aten::layer_norm,"[[8, 56, 56, 96], [], [96], [96], [], []]",250
swin-tiny,8,,aten::layer_norm,"[[8, 7, 7, 1536], [], [1536], [1536], [], []]",50
swin-tiny,8,,aten::layer_norm,"[[8, 7, 7, 768], [], [768], [768], [], []]",250
swin-tiny,8,,aten::lift_fresh,[[]],2250
swin-tiny,8,,aten::masked_fill,"[[16, 49, 49], [16, 49, 49], []]",100
swin-tiny,8,,aten::masked_fill,"[[4, 49, 49], [4, 49, 49], []]",300
swin-tiny,8,,aten::masked_fill,"[[64, 49, 49], [64, 49, 49], []]",100
swin-tiny,8,,aten::mul,"[[128, 6, 49, 32], []]",100
swin-tiny,8,,aten::mul,"[[32, 12, 49, 32], []]",300
swin-tiny,8,,aten::mul,"[[512, 3, 49, 32], []]",100
swin-tiny,8,,aten::mul,"[[8, 24, 49, 32], []]",100
swin-tiny,8,,aten::ne,"[[16, 49, 49], []]",50
swin-tiny,8,,aten::ne,"[[4, 49, 49], []]",150
swin-tiny,8,,aten::ne,"[[64, 49, 49], []]",50
swin-tiny,8,,aten::new_zeros,"[[128, 49, 192], [], [], [], [], []]",50
swin-tiny,8,,aten::new_zeros,"[[32, 49, 384], [], [], [], [], []]",150
swin-tiny,8,,aten::new_zeros,"[[512, 49, 96], [], [], [], [], []]",50
swin-tiny,8,,aten::pad,"[[8, 14, 14, 384], [], [], []]",350
swin-tiny,8,,aten::pad,"[[8, 28, 28, 192], [], [], []]",150
swin-tiny,8,,aten::pad,"[[8, 56, 56, 96], [], [], []]",150
swin-tiny,8,,aten::pad,"[[8, 7, 7, 768], [], [], []]",100
swin-tiny,8,,aten::permute,"[[128, 49, 3, 6, 32], []]",100
swin-tiny,8,,aten::permute,"[[2, 7, 2, 7], []]",150
swin-tiny,8,,aten::permute,"[[32, 49, 3, 12, 32], []]",300
swin-tiny,8,,aten::permute,"[[4, 7, 4, 7], []]",50
swin-tiny,8,,aten::permute,"[[49, 49, 12], []]",300
swin-tiny,8,,aten::permute,"[[49, 49, 24], []]",100
swin-tiny,8,,aten::permute,"[[49, 49, 3], []]",100
swin-tiny,8,,aten::permute,"[[49, 49, 6], []]",100
swin-tiny,8,,aten::permute,"[[512, 49, 3, 3, 32], []]",100
swin-tiny,8,,aten::permute,"[[8, 1, 1, 7, 7, 768], []]",100
swin-tiny,8,,aten::permute,"[[8, 1, 7, 1, 7, 768], []]",100
swin-tiny,8,,aten::permute,"[[8, 2, 2, 7, 7, 384], []]",300
swin-tiny,8,,aten::permute,"[[8, 2, 7, 2, 7, 384], []]",300
swin-tiny,8,,aten::permute,"[[8, 4, 4, 7, 7, 192], []]",100
swin-tiny,8,,aten::permute,"[[8, 4, 7, 4, 7, 192], []]",100
swin-tiny,8,,aten::permute,"[[8, 49, 3, 24, 32], []]",100
swin-tiny,8,,aten::permute,"[[8, 7, 7, 768], []]",50
swin-tiny,8,,aten::permute,"[[8, 7, 8, 7], []]",50
swin-tiny,8,,aten::permute,"[[8, 8, 7, 8, 7, 96], []]",100
swin-tiny,8,,aten::permute,"[[8, 8, 8, 7, 7, 96], []]",100
swin-tiny,8,,aten::permute,"[[8, 96, 56, 56], []]",50
swin-tiny,8,,aten::reshape,"[[128, 49, 192], []]",200
swin-tiny,8,,aten::reshape,"[[128, 49, 576], []]",100
swin-tiny,8,,aten::reshape,"[[128, 49, 6, 32], []]",100
swin-tiny,8,,aten::reshape,"[[128, 6, 32, 49], []]",100
swin-tiny,8,,aten::reshape,"[[128, 6, 49, 32], []]",200
swin-tiny,8,,aten::reshape,"[[128, 6, 49, 49], []]",100
swin-tiny,8,,aten::reshape,"[[2, 2, 7, 7], []]",150
swin-tiny,8,,aten::reshape,"[[2401], []]",600
swin-tiny,8,,aten::reshape,"[[32, 12, 32, 49], []]",300
swin-tiny,8,,aten::reshape,"[[32, 12, 49, 32], []]",600
swin-tiny,8,,aten::reshape,"[[32, 12, 49, 49], []]",300
swin-tiny,8,,aten::reshape,"[[32, 49, 1152], []]",300
swin-tiny,8,,aten::reshape,"[[32, 49, 12, 32], []]",300
swin-tiny,8,,aten::reshape,"[[32, 49, 384], []]",600
swin-tiny,8,,aten::reshape,"[[4, 4, 7, 7], []]",50
swin-tiny,8,,aten::reshape,"[[512, 3, 32, 49], []]",100
swin-tiny,8,,aten::reshape,"[[512, 3, 49, 32], []]",200
swin-tiny,8,,aten::reshape,"[[512, 3, 49, 49], []]",100
swin-tiny,8,,aten::reshape,"[[512, 49, 288], []]",100
swin-tiny,8,,aten::reshape,"[[512, 49, 3, 32], []]",100
swin-tiny,8,,aten::reshape,"[[512, 49, 96], []]",200
swin-tiny,8,,aten::reshape,"[[8, 1, 1, 7, 7, 768], []]",100
swin-tiny,8,,aten::reshape,"[[8, 1, 7, 1, 7, 768], []]",100
swin-tiny,8,,aten::reshape,"[[8, 14, 14, 1536], []]",300
swin-tiny,8,,aten::reshape,"[[8, 14, 14, 384], []]",300
swin-tiny,8,,aten::reshape,"[[8, 14, 14, 768], []]",50
swin-tiny,8,,aten::reshape,"[[8, 2, 2, 7, 7, 384], []]",300
swin-tiny,8,,aten::reshape,"[[8, 2, 7, 2, 7, 384], []]",300
swin-tiny,8,,aten::reshape,"[[8, 24, 32, 49], []]",100
swin-tiny,8,,aten::reshape,"[[8, 24, 49, 32], []]",200
swin-tiny,8,,aten::reshape,"[[8, 24, 49, 49], []]",100
swin-tiny,8,,aten::reshape,"[[8, 28, 28, 192], []]",100
swin-tiny,8,,aten::reshape,"[[8, 28, 28, 384], []]",50
swin-tiny,8,,aten::reshape,"[[8, 28, 28, 768], []]",100
swin-tiny,8,,aten::reshape,"[[8, 4, 4, 7, 7, 192], []]",100
swin-tiny,8,,aten::reshape,"[[8, 4, 7, 4, 7, 192], []]",100
swin-tiny,8,,aten::reshape,"[[8, 49, 2304], []]",100
swin-tiny,8,,aten::reshape,"[[8, 49, 24, 32], []]",100
swin-tiny,8,,aten::reshape,"[[8, 49, 768], []]",200
swin-tiny,8,,aten::reshape,"[[8, 56, 56, 384], []]",100
swin-tiny,8,,aten::reshape,"[[8, 56, 56, 96], []]",100
swin-tiny,8,,aten::reshape,"[[8, 7, 7, 1536], []]",50
swin-tiny,8,,aten::reshape,"[[8, 7, 7, 3072], []]",100
swin-tiny,8,,aten::reshape,"[[8, 7, 7, 768], []]",100
swin-tiny,8,,aten::reshape,"[[8, 8, 7, 7], []]",50
swin-tiny,8,,aten::reshape,"[[8, 8, 7, 8, 7, 96], []]",100
swin-tiny,8,,aten::reshape,"[[8, 8, 8, 7, 7, 96], []]",100
swin-tiny,8,,aten::reshape,"[[96], []]",50
swin-tiny,8,,aten::roll,"[[8, 14, 14, 384], [], []]",900
swin-tiny,8,,aten::roll,"[[8, 28, 28, 192], [], []]",300
swin-tiny,8,,aten::roll,"[[8, 56, 56, 96], [], []]",300
swin-tiny,8,,aten::select,"[[3, 128, 6, 49, 32], [], []]",300
swin-tiny,8,,aten::select,"[[3, 32, 12, 49, 32], [], []]",900
swin-tiny,8,,aten::select,"[[3, 512, 3, 49, 32], [], []]",300
swin-tiny,8,,aten::select,"[[3, 8, 24, 49, 32], [], []]",300
swin-tiny,8,,aten::slice,"[[14, 14], [], [], [], []]",1350
swin-tiny,8,,aten::slice,"[[21, 28], [], [], [], []]",150
swin-tiny,8,,aten::slice,"[[28, 28], [], [], [], []]",450
swin-tiny,8,,aten::slice,"[[3, 14], [], [], [], []]",450
swin-tiny,8,,aten::slice,"[[3, 28], [], [], [], []]",150
swin-tiny,8,,aten::slice,"[[3, 56], [], [], [], []]",150
swin-tiny,8,,aten::slice,"[[4, 14], [], [], [], []]",450
swin-tiny,8,,aten::slice,"[[4, 28], [], [], [], []]",150
swin-tiny,8,,aten::slice,"[[4, 56], [], [], [], []]",150
swin-tiny,8,,aten::slice,"[[49, 56], [], [], [], []]",150
swin-tiny,8,,aten::slice,"[[56, 56], [], [], [], []]",450
swin-tiny,8,,aten::slice,"[[7, 14], [], [], [], []]",450
swin-tiny,8,,aten::slice,"[[8, 14, 14, 192], [], [], [], []]",200
swin-tiny,8,,aten::slice,"[[8, 14, 14, 384], [], [], [], []]",800
swin-tiny,8,,aten::slice,"[[8, 14, 28, 192], [], [], [], []]",200
swin-tiny,8,,aten::slice,"[[8, 28, 28, 192], [], [], [], []]",400
swin-tiny,8,,aten::slice,"[[8, 28, 28, 96], [], [], [], []]",200
swin-tiny,8,,aten::slice,"[[8, 28, 56, 96], [], [], [], []]",200
swin-tiny,8,,aten::slice,"[[8, 56, 56, 96], [], [], [], []]",400
swin-tiny,8,,aten::slice,"[[8, 7, 14, 384], [], [], [], []]",200
swin-tiny,8,,aten::slice,"[[8, 7, 7, 384], [], [], [], []]",200
swin-tiny,8,,aten::slice,"[[8, 7, 7, 768], [], [], [], []]",200
swin-tiny,8,,aten::softmax,"[[128, 6, 49, 49], [], []]",100
swin-tiny,8,,aten::softmax,"[[32, 12, 49, 49], [], []]",300
swin-tiny,8,,aten::softmax,"[[512, 3, 49, 49], [], []]",100
swin-tiny,8,,aten::softmax,"[[8, 24, 49, 49], [], []]",100
swin-tiny,8,,aten::sub,"[[16, 1, 49], [16, 49, 1], []]",50
swin-tiny,8,,aten::sub,"[[4, 1, 49], [4, 49, 1], []]",150
swin-tiny,8,,aten::sub,"[[64, 1, 49], [64, 49, 1], []]",50
swin-tiny,8,,aten::transpose,"[[1000, 768], [], []]",50
swin-tiny,8,,aten::transpose,"[[1152, 384], [], []]",300
swin-tiny,8,,aten::transpose,"[[128, 6, 49, 32], [], []]",200
swin-tiny,8,,aten::transpose,"[[1536, 384], [], []]",300
swin-tiny,8,,aten::transpose,"[[192, 192], [], []]",100
swin-tiny,8,,aten::transpose,"[[192, 384], [], []]",50
swin-tiny,8,,aten::transpose,"[[192, 768], [], []]",100
swin-tiny,8,,aten::transpose,"[[2304, 768], [], []]",100
swin-tiny,8,,aten::transpose,"[[288, 96], [], []]",100
swin-tiny,8,,aten::transpose,"[[3072, 768], [], []]",100
swin-tiny,8,,aten::transpose,"[[32, 12, 49, 32], [], []]",600
swin-tiny,8,,aten::transpose,"[[384, 1536], [], []]",300
swin-tiny,8,,aten::transpose,"[[384, 384], [], []]",300
swin-tiny,8,,aten::transpose,"[[384, 768], [], []]",50
swin-tiny,8,,aten::transpose,"[[384, 96], [], []]",100
swin-tiny,8,,aten::transpose,"[[512, 3, 49, 32], [], []]",200
swin-tiny,8,,aten::transpose,"[[576, 192], [], []]",100
swin-tiny,8,,aten::transpose,"[[768, 1536], [], []]",50
swin-tiny,8,,aten::transpose,"[[768, 192], [], []]",100
swin-tiny,8,,aten::transpose,"[[768, 3072], [], []]",100
swin-tiny,8,,aten::transpose,"[[768, 768], [], []]",100
swin-tiny,8,,aten::transpose,"[[8, 24, 49, 32], [], []]",200
swin-tiny,8,,aten::transpose,"[[96, 384], [], []]",100
swin-tiny,8,,aten::transpose,"[[96, 96], [], []]",100
swin-tiny,8,,aten::unsqueeze,"[[12, 49, 49], []]",300
swin-tiny,8,,aten::unsqueeze,"[[16, 1, 49, 49], []]",50
swin-tiny,8,,aten::unsqueeze,"[[16, 49, 49], []]",50
swin-tiny,8,,aten::unsqueeze,"[[16, 49], []]",100
swin-tiny,8,,aten::unsqueeze,"[[24, 49, 49], []]",100
swin-tiny,8,,aten::unsqueeze,"[[3, 49, 49], []]",100
swin-tiny,8,,aten::unsqueeze,"[[4, 1, 49, 49], []]",150
swin-tiny,8,,aten::unsqueeze,"[[4, 49, 49], []]",150
swin-tiny,8,,aten::unsqueeze,"[[4, 49], []]",300
swin-tiny,8,,aten::unsqueeze,"[[6, 49, 49], []]",100
swin-tiny,8,,aten::unsqueeze,"[[64, 1, 49, 49], []]",50
swin-tiny,8,,aten::unsqueeze,"[[64, 49, 49], []]",50
swin-tiny,8,,aten::unsqueeze,"[[64, 49], []]",100
swin-tiny,8,,aten::view,"[[128, 49, 192], []]",300
swin-tiny,8,,aten::view,"[[128, 49, 576], []]",100
swin-tiny,8,,aten::view,"[[128, 6, 49, 49], []]",150
swin-tiny,8,,aten::view,"[[14, 14], []]",150
swin-tiny,8,,aten::view,"[[1568, 1152], []]",300
swin-tiny,8,,aten::view,"[[1568, 1536], []]",300
swin-tiny,8,,aten::view,"[[1568, 384], []]",600
swin-tiny,8,,aten::view,"[[1568], []]",1300
swin-tiny,8,,aten::view,"[[2401, 12], []]",300
swin-tiny,8,,aten::view,"[[2401, 24], []]",100
swin-tiny,8,,aten::view,"[[2401, 3], []]",100
swin-tiny,8,,aten::view,"[[2401, 6], []]",100
swin-tiny,8,,aten::view,"[[2401], []]",600
swin-tiny,8,,aten::view,"[[25088, 288], []]",100
swin-tiny,8,,aten::view,"[[25088, 384], []]",100
swin-tiny,8,,aten::view,"[[25088, 96], []]",200
swin-tiny,8,,aten::view,"[[25088], []]",500
swin-tiny,8,,aten::view,"[[28, 28], []]",50
swin-tiny,8,,aten::view,"[[32, 12, 49, 49], []]",450
swin-tiny,8,,aten::view,"[[32, 49, 1152], []]",300
swin-tiny,8,,aten::view,"[[32, 49, 384], []]",900
swin-tiny,8,,aten::view,"[[392, 2304], []]",100
swin-tiny,8,,aten::view,"[[392, 3072], []]",100
swin-tiny,8,,aten::view,"[[392, 768], []]",200
swin-tiny,8,,aten::view,"[[392], []]",600
swin-tiny,8,,aten::view,"[[512, 3, 49, 49], []]",150
swin-tiny,8,,aten::view,"[[512, 49, 288], []]",100
swin-tiny,8,,aten::view,"[[512, 49, 96], []]",300
swin-tiny,8,,aten::view,"[[56, 56], []]",50
swin-tiny,8,,aten::view,"[[6272, 192], []]",200
swin-tiny,8,,aten::view,"[[6272, 576], []]",100
swin-tiny,8,,aten::view,"[[6272, 768], []]",100
swin-tiny,8,,aten::view,"[[6272], []]",500
swin-tiny,8,,aten::view,"[[8, 1, 1, 7, 7, 768], []]",100
swin-tiny,8,,aten::view,"[[8, 1, 7, 1, 7, 768], []]",100
swin-tiny,8,,aten::view,"[[8, 14, 14, 1536], []]",300
swin-tiny,8,,aten::view,"[[8, 14, 14, 384], []]",600
swin-tiny,8,,aten::view,"[[8, 14, 14, 768], []]",50
swin-tiny,8,,aten::view,"[[8, 16, 6, 49, 49], []]",50
swin-tiny,8,,aten::view,"[[8, 24, 49, 49], []]",100
swin-tiny,8,,aten::view,"[[8, 28, 28, 192], []]",200
swin-tiny,8,,aten::view,"[[8, 28, 28, 384], []]",50
swin-tiny,8,,aten::view,"[[8, 28, 28, 768], []]",100
swin-tiny,8,,aten::view,"[[8, 4, 12, 49, 49], []]",150
swin-tiny,8,,aten::view,"[[8, 49, 2304], []]",100
swin-tiny,8,,aten::view,"[[8, 49, 768], []]",300
swin-tiny,8,,aten::view,"[[8, 56, 56, 384], []]",100
swin-tiny,8,,aten::view,"[[8, 56, 56, 96], []]",200
swin-tiny,8,,aten::view,"[[8, 64, 3, 49, 49], []]",50
swin-tiny,8,,aten::view,"[[8, 7, 7, 1536], []]",50
swin-tiny,8,,aten::view,"[[8, 7, 7, 3072], []]",100
swin-tiny,8,,aten::view,"[[8, 7, 7, 768], []]",200
swin-tiny,8,,aten::view,"[[8, 768, 1, 1], []]",50
swin-tiny,8,,aten::view,"[[96], []]",50
swin-tiny,8,,cudadevicesynchronize,[],51
vit-base,1,,aten::add,"[[1, 197, 768], [1, 197, 768], []]",1250
vit-base,1,,aten::cat,"[[], []]",50
vit-base,1,,aten::contiguous,"[[3, 197, 1, 768], []]",600
vit-base,1,,aten::dropout,"[[1, 197, 3072], [], []]",600
vit-base,1,,aten::dropout,"[[1, 197, 768], [], []]",1250
vit-base,1,,aten::expand,"[[1, 1, 768], [], []]",50
vit-base,1,,aten::gelu,"[[1, 197, 3072], []]",600
vit-base,1,,aten::layer_norm,"[[1, 197, 768], [], [768], [768], [], []]",1250
vit-base,1,,aten::permute,"[[1, 12, 197, 64], []]",600
vit-base,1,,aten::permute,"[[1, 768, 196], []]",50
vit-base,1,,aten::reshape,"[[1, 197, 3072], []]",600
vit-base,1,,aten::reshape,"[[1, 197, 768], []]",600
vit-base,1,,aten::reshape,"[[1, 768, 14, 14], []]",50
vit-base,1,,aten::reshape,"[[197, 1, 768], []]",600
vit-base,1,,aten::reshape,"[[768], []]",50
vit-base,1,,aten::select,"[[1, 197, 768], [], []]",50
vit-base,1,,aten::select,"[[3, 197, 1, 768], [], []]",1800
vit-base,1,,aten::slice,"[[1, 197, 768], [], [], [], []]",50
vit-base,1,,aten::squeeze,"[[3, 197, 1, 1, 768], []]",600
vit-base,1,,aten::transpose,"[[1, 12, 197, 64], [], []]",1800
vit-base,1,,aten::transpose,"[[1, 197, 1, 3, 768], [], []]",600
vit-base,1,,aten::transpose,"[[1, 197, 12, 64], [], []]",600
vit-base,1,,aten::transpose,"[[1, 197, 768], [], []]",600
vit-base,1,,aten::transpose,"[[1000, 768], [], []]",50
vit-base,1,,aten::transpose,"[[197, 1, 768], [], []]",600
vit-base,1,,aten::transpose,"[[197, 12, 64], [], []]",1800
vit-base,1,,aten::transpose,"[[2304, 768], [], []]",600
vit-base,1,,aten::transpose,"[[3072, 768], [], []]",600
vit-base,1,,aten::transpose,"[[768, 3072], [], []]",600
vit-base,1,,aten::transpose,"[[768, 768], [], []]",600
vit-base,1,,aten::unflatten,"[[197, 1, 2304], [], []]",600
vit-base,1,,aten::unsqueeze,"[[197, 1, 3, 768], []]",600
vit-base,1,,aten::view,"[[1, 197, 3072], []]",600
vit-base,1,,aten::view,"[[1, 197, 768], []]",600
vit-base,1,,aten::view,"[[1, 768, 14, 14], []]",50
vit-base,1,,aten::view,"[[12, 197, 64], []]",1800
vit-base,1,,aten::view,"[[197, 1, 12, 64], []]",600
vit-base,1,,aten::view,"[[197, 1, 2304], []]",600
vit-base,1,,aten::view,"[[197, 1, 768], []]",2400
vit-base,1,,aten::view,"[[197, 2304], []]",600
vit-base,1,,aten::view,"[[197, 3072], []]",600
vit-base,1,,aten::view,"[[197, 768], []]",1200
vit-base,1,,aten::view,"[[197], []]",2500
vit-base,1,,aten::view,"[[768], []]",50
vit-base,1,,cudadevicesynchronize,[],51
vit-base,2,,aten::add,"[[2, 197, 768], [1, 197, 768], []]",50
vit-base,2,,aten::add,"[[2, 197, 768], [2, 197, 768], []]",1200
vit-base,2,,aten::cat,"[[], []]",50
vit-base,2,,aten::contiguous,"[[197, 2, 12, 64], []]",600
vit-base,2,,aten::contiguous,"[[2, 197, 768], []]",1200
vit-base,2,,aten::contiguous,"[[3, 197, 2, 768], []]",600
vit-base,2,,aten::dropout,"[[2, 197, 3072], [], []]",600
vit-base,2,,aten::dropout,"[[2, 197, 768], [], []]",1250
vit-base,2,,aten::expand,"[[1, 1, 768], [], []]",50
vit-base,2,,aten::gelu,"[[2, 197, 3072], []]",600
vit-base,2,,aten::layer_norm,"[[2, 197, 768], [], [768], [768], [], []]",1250
vit-base,2,,aten::permute,"[[2, 12, 197, 64], []]",600
vit-base,2,,aten::permute,"[[2, 768, 196], []]",50
vit-base,2,,aten::reshape,"[[197, 2, 768], []]",600
vit-base,2,,aten::reshape,"[[2, 197, 3072], []]",600
vit-base,2,,aten::reshape,"[[2, 197, 768], []]",600
vit-base,2,,aten::reshape,"[[2, 768, 14, 14], []]",50
vit-base,2,,aten::reshape,"[[768], []]",50
vit-base,2,,aten::select,"[[2, 197, 768], [], []]",50
vit-base,2,,aten::select,"[[3, 197, 2, 768], [], []]",1800
vit-base,2,,aten::slice,"[[2, 197, 768], [], [], [], []]",50
vit-base,2,,aten::squeeze,"[[3, 197, 2, 1, 768], []]",600
vit-base,2,,aten::transpose,"[[1, 197, 2, 3, 768], [], []]",600
vit-base,2,,aten::transpose,"[[1000, 768], [], []]",50
vit-base,2,,aten::transpose,"[[197, 2, 768], [], []]",600
vit-base,2,,aten::transpose,"[[197, 24, 64], [], []]",1800
vit-base,2,,aten::transpose,"[[2, 12, 197, 64], [], []]",1800
vit-base,2,,aten::transpose,"[[2, 197, 12, 64], [], []]",600
vit-base,2,,aten::transpose,"[[2, 197, 768], [], []]",600
vit-base,2,,aten::transpose,"[[2304, 768], [], []]",600
vit-base,2,,aten::transpose,"[[3072, 768], [], []]",600
vit-base,2,,aten::transpose,"[[768, 3072], [], []]",600
vit-base,2,,aten::transpose,"[[768, 768], [], []]",600
vit-base,2,,aten::unflatten,"[[197, 2, 2304], [], []]",600
vit-base,2,,aten::unsqueeze,"[[197, 2, 3, 768], []]",600
vit-base,2,,aten::view,"[[197, 2, 12, 64], []]",600
vit-base,2,,aten::view,"[[197, 2, 2304], []]",600
vit-base,2,,aten::view,"[[197, 2, 768], []]",1800
vit-base,2,,aten::view,"[[2, 197, 3072], []]",600
vit-base,2,,aten::view,"[[2, 197, 768], []]",600
vit-base,2,,aten::view,"[[2, 768, 14, 14], []]",50
vit-base,2,,aten::view,"[[24, 197, 64], []]",1800
vit-base,2,,aten::view,"[[394, 3072], []]",600
vit-base,2,,aten::view,"[[394, 768], []]",1200
vit-base,2,,aten::view,"[[394], []]",2500
vit-base,2,,aten::view,"[[768], []]",50
vit-base,2,,cudadevicesynchronize,[],51
vit-base,4,,aten::add,"[[4, 197, 768], [1, 197, 768], []]",50
vit-base,4,,aten::add,"[[4, 197, 768], [4, 197, 768], []]",1200
vit-base,4,,aten::cat,"[[], []]",50
vit-base,4,,aten::contiguous,"[[197, 4, 12, 64], []]",600
vit-base,4,,aten::contiguous,"[[3, 197, 4, 768], []]",600
vit-base,4,,aten::contiguous,"[[4, 197, 768], []]",1200
vit-base,4,,aten::dropout,"[[4, 197, 3072], [], []]",600
vit-base,4,,aten::dropout,"[[4, 197, 768], [], []]",1250
vit-base,4,,aten::expand,"[[1, 1, 768], [], []]",50
vit-base,4,,aten::gelu,"[[4, 197, 3072], []]",600
vit-base,4,,aten::layer_norm,"[[4, 197, 768], [], [768], [768], [], []]",1250
vit-base,4,,aten::permute,"[[4, 12, 197, 64], []]",600
vit-base,4,,aten::permute,"[[4, 768, 196], []]",50
vit-base,4,,aten::reshape,"[[197, 4, 768], []]",600
vit-base,4,,aten::reshape,"[[4, 197, 3072], []]",600
vit-base,4,,aten::reshape,"[[4, 197, 768], []]",600
vit-base,4,,aten::reshape,"[[4, 768, 14, 14], []]",50
vit-base,4,,aten::reshape,"[[768], []]",50
vit-base,4,,aten::select,"[[3, 197, 4, 768], [], []]",1800
vit-base,4,,aten::select,"[[4, 197, 768], [], []]",50
vit-base,4,,aten::slice,"[[4, 197, 768], [], [], [], []]",50
vit-base,4,,aten::squeeze,"[[3, 197, 4, 1, 768], []]",600
vit-base,4,,aten::transpose,"[[1, 197, 4, 3, 768], [], []]",600
vit-base,4,,aten::transpose,"[[1000, 768], [], []]",50
vit-base,4,,aten::transpose,"[[197, 4, 768], [], []]",600
vit-base,4,,aten::transpose,"[[197, 48, 64], [], []]",1800
vit-base,4,,aten::transpose,"[[2304, 768], [], []]",600
vit-base,4,,aten::transpose,"[[3072, 768], [], []]",600
vit-base,4,,aten::transpose,"[[4, 12, 197, 64], [], []]",1800
vit-base,4,,aten::transpose,"[[4, 197, 12, 64], [], []]",600
vit-base,4,,aten::transpose,"[[4, 197, 768], [], []]",600
vit-base,4,,aten::transpose,"[[768, 3072], [], []]",600
vit-base,4,,aten::transpose,"[[768, 768], [], []]",600
vit-base,4,,aten::unflatten,"[[197, 4, 2304], [], []]",600
vit-base,4,,aten::unsqueeze,"[[197, 4, 3, 768], []]",600
vit-base,4,,aten::view,"[[197, 4, 12, 64], []]",600
vit-base,4,,aten::view,"[[197, 4, 2304], []]",600
vit-base,4,,aten::view,"[[197, 4, 768], []]",1800
vit-base,4,,aten::view,"[[4, 197, 3072], []]",600
vit-base,4,,aten::view,"[[4, 197, 768], []]",600
vit-base,4,,aten::view,"[[4, 768, 14, 14], []]",50
vit-base,4,,aten::view,"[[48, 197, 64], []]",1800
vit-base,4,,aten::view,"[[768], []]",50
vit-base,4,,aten::view,"[[788, 3072], []]",600
vit-base,4,,aten::view,"[[788, 768], []]",1200
vit-base,4,,aten::view,"[[788], []]",2500
vit-base,4,,cudadevicesynchronize,[],51
vit-base,8,,aten::add,"[[8, 197, 768], [1, 197, 768], []]",50
vit-base,8,,aten::add,"[[8, 197, 768], [8, 197, 768], []]",1200
vit-base,8,,aten::cat,"[[], []]",50
vit-base,8,,aten::contiguous,"[[197, 8, 12, 64], []]",600
vit-base,8,,aten::contiguous,"[[3, 197, 8, 768], []]",600
vit-base,8,,aten::contiguous,"[[8, 197, 768], []]",1200
vit-base,8,,aten::dropout,"[[8, 197, 3072], [], []]",600
vit-base,8,,aten::dropout,"[[8, 197, 768], [], []]",1250
vit-base,8,,aten::expand,"[[1, 1, 768], [], []]",50
vit-base,8,,aten::gelu,"[[8, 197, 3072], []]",600
vit-base,8,,aten::layer_norm,"[[8, 197, 768], [], [768], [768], [], []]",1250
vit-base,8,,aten::permute,"[[8, 12, 197, 64], []]",600
vit-base,8,,aten::permute,"[[8, 768, 196], []]",50
vit-base,8,,aten::reshape,"[[197, 8, 768], []]",600
vit-base,8,,aten::reshape,"[[768], []]",50
vit-base,8,,aten::reshape,"[[8, 197, 3072], []]",600
vit-base,8,,aten::reshape,"[[8, 197, 768], []]",600
vit-base,8,,aten::reshape,"[[8, 768, 14, 14], []]",50
vit-base,8,,aten::select,"[[3, 197, 8, 768], [], []]",1800
vit-base,8,,aten::select,"[[8, 197, 768], [], []]",50
vit-base,8,,aten::slice,"[[8, 197, 768], [], [], [], []]",50
vit-base,8,,aten::squeeze,"[[3, 197, 8, 1, 768], []]",600
vit-base,8,,aten::transpose,"[[1, 197, 8, 3, 768], [], []]",600
vit-base,8,,aten::transpose,"[[1000, 768], [], []]",50
vit-base,8,,aten::transpose,"[[197, 8, 768], [], []]",600
vit-base,8,,aten::transpose,"[[197, 96, 64], [], []]",1800
vit-base,8,,aten::transpose,"[[2304, 768], [], []]",600
vit-base,8,,aten::transpose,"[[3072, 768], [], []]",600
vit-base,8,,aten::transpose,"[[768, 3072], [], []]",600
vit-base,8,,aten::transpose,"[[768, 768], [], []]",600
vit-base,8,,aten::transpose,"[[8, 12, 197, 64], [], []]",1800
vit-base,8,,aten::transpose,"[[8, 197, 12, 64], [], []]",600
vit-base,8,,aten::transpose,"[[8, 197, 768], [], []]",600
vit-base,8,,aten::unflatten,"[[197, 8, 2304], [], []]",600
vit-base,8,,aten::unsqueeze,"[[197, 8, 3, 768], []]",600
vit-base,8,,aten::view,"[[1576, 3072], []]",600
vit-base,8,,aten::view,"[[1576, 768], []]",1200
vit-base,8,,aten::view,"[[1576], []]",2500
vit-base,8,,aten::view,"[[197, 8, 12, 64], []]",600
vit-base,8,,aten::view,"[[197, 8, 2304], []]",600
vit-base,8,,aten::view,"[[197, 8, 768], []]",1800
vit-base,8,,aten::view,"[[768], []]",50
vit-base,8,,aten::view,"[[8, 197, 3072], []]",600
vit-base,8,,aten::view,"[[8, 197, 768], []]",600
vit-base,8,,aten::view,"[[8, 768, 14, 14], []]",50
vit-base,8,,aten::view,"[[96, 197, 64], []]",1800
vit-base,8,,cudadevicesynchronize,[],51
vit-huge,1,,aten::add,"[[1, 257, 1280], [1, 257, 1280], []]",3250
vit-huge,1,,aten::cat,"[[], []]",50
vit-huge,1,,aten::contiguous,"[[3, 257, 1, 1280], []]",1600
vit-huge,1,,aten::dropout,"[[1, 257, 1280], [], []]",3250
vit-huge,1,,aten::dropout,"[[1, 257, 5120], [], []]",1600
vit-huge,1,,aten::expand,"[[1, 1, 1280], [], []]",50
vit-huge,1,,aten::gelu,"[[1, 257, 5120], []]",1600
vit-huge,1,,aten::layer_norm,"[[1, 257, 1280], [], [1280], [1280], [], []]",3250
vit-huge,1,,aten::permute,"[[1, 1280, 256], []]",50
vit-huge,1,,aten::permute,"[[1, 16, 257, 80], []]",1600
vit-huge,1,,aten::reshape,"[[1, 1280, 16, 16], []]",50
vit-huge,1,,aten::reshape,"[[1, 257, 1280], []]",1600
vit-huge,1,,aten::reshape,"[[1, 257, 5120], []]",1600
vit-huge,1,,aten::reshape,"[[1280], []]",50
vit-huge,1,,aten::reshape,"[[257, 1, 1280], []]",1600
vit-huge,1,,aten::select,"[[1, 257, 1280], [], []]",50
vit-huge,1,,aten::select,"[[3, 257, 1, 1280], [], []]",4800
vit-huge,1,,aten::slice,"[[1, 257, 1280], [], [], [], []]",50
vit-huge,1,,aten::squeeze,"[[3, 257, 1, 1, 1280], []]",1600
vit-huge,1,,aten::transpose,"[[1, 16, 257, 80], [], []]",4800
vit-huge,1,,aten::transpose,"[[1, 257, 1, 3, 1280], [], []]",1600
vit-huge,1,,aten::transpose,"[[1, 257, 1280], [], []]",1600
vit-huge,1,,aten::transpose,"[[1, 257, 16, 80], [], []]",1600
vit-huge,1,,aten::transpose,"[[1000, 1280], [], []]",50
vit-huge,1,,aten::transpose,"[[1280, 1280], [], []]",1600
vit-huge,1,,aten::transpose,"[[1280, 5120], [], []]",1600
vit-huge,1,,aten::transpose,"[[257, 1, 1280], [], []]",1600
vit-huge,1,,aten::transpose,"[[257, 16, 80], [], []]",4800
vit-huge,1,,aten::transpose,"[[3840, 1280], [], []]",1600
vit-huge,1,,aten::transpose,"[[5120, 1280], [], []]",1600
vit-huge,1,,aten::unflatten,"[[257, 1, 3840], [], []]",1600
vit-huge,1,,aten::unsqueeze,"[[257, 1, 3, 1280], []]",1600
vit-huge,1,,aten::view,"[[1, 1280, 16, 16], []]",50
vit-huge,1,,aten::view,"[[1, 257, 1280], []]",1600
vit-huge,1,,aten::view,"[[1, 257, 5120], []]",1600
vit-huge,1,,aten::view,"[[1280], []]",50
vit-huge,1,,aten::view,"[[16, 257, 80], []]",4800
vit-huge,1,,aten::view,"[[257, 1, 1280], []]",6400
vit-huge,1,,aten::view,"[[257, 1, 16, 80], []]",1600
vit-huge,1,,aten::view,"[[257, 1, 3840], []]",1600
vit-huge,1,,aten::view,"[[257, 1280], []]",3200
vit-huge,1,,aten::view,"[[257, 3840], []]",1600
vit-huge,1,,aten::view,"[[257, 5120], []]",1600
vit-huge,1,,aten::view,"[[257], []]",6500
vit-huge,1,,cudadevicesynchronize,[],51
vit-huge,2,,aten::add,"[[2, 257, 1280], [1, 257, 1280], []]",50
vit-huge,2,,aten::add,"[[2, 257, 1280], [2, 257, 1280], []]",3200
vit-huge,2,,aten::cat,"[[], []]",50
vit-huge,2,,aten::contiguous,"[[2, 257, 1280], []]",3200
vit-huge,2,,aten::contiguous,"[[257, 2, 16, 80], []]",1600
vit-huge,2,,aten::contiguous,"[[3, 257, 2, 1280], []]",1600
vit-huge,2,,aten::dropout,"[[2, 257, 1280], [], []]",3250
vit-huge,2,,aten::dropout,"[[2, 257, 5120], [], []]",1600
vit-huge,2,,aten::expand,"[[1, 1, 1280], [], []]",50
vit-huge,2,,aten::gelu,"[[2, 257, 5120], []]",1600
vit-huge,2,,aten::layer_norm,"[[2, 257, 1280], [], [1280], [1280], [], []]",3250
vit-huge,2,,aten::permute,"[[2, 1280, 256], []]",50
vit-huge,2,,aten::permute,"[[2, 16, 257, 80], []]",1600
vit-huge,2,,aten::reshape,"[[1280], []]",50
vit-huge,2,,aten::reshape,"[[2, 1280, 16, 16], []]",50
vit-huge,2,,aten::reshape,"[[2, 257, 1280], []]",1600
vit-huge,2,,aten::reshape,"[[2, 257, 5120], []]",1600
vit-huge,2,,aten::reshape,"[[257, 2, 1280], []]",1600
vit-huge,2,,aten::select,"[[2, 257, 1280], [], []]",50
vit-huge,2,,aten::select,"[[3, 257, 2, 1280], [], []]",4800
vit-huge,2,,aten::slice,"[[2, 257, 1280], [], [], [], []]",50
vit-huge,2,,aten::squeeze,"[[3, 257, 2, 1, 1280], []]",1600
vit-huge,2,,aten::transpose,"[[1, 257, 2, 3, 1280], [], []]",1600
vit-huge,2,,aten::transpose,"[[1000, 1280], [], []]",50
vit-huge,2,,aten::transpose,"[[1280, 1280], [], []]",1600
vit-huge,2,,aten::transpose,"[[1280, 5120], [], []]",1600
vit-huge,2,,aten::transpose,"[[2, 16, 257, 80], [], []]",4800
vit-huge,2,,aten::transpose,"[[2, 257, 1280], [], []]",1600
vit-huge,2,,aten::transpose,"[[2, 257, 16, 80], [], []]",1600
vit-huge,2,,aten::transpose,"[[257, 2, 1280], [], []]",1600
vit-huge,2,,aten::transpose,"[[257, 32, 80], [], []]",4800
vit-huge,2,,aten::transpose,"[[3840, 1280], [], []]",1600
vit-huge,2,,aten::transpose,"[[5120, 1280], [], []]",1600
vit-huge,2,,aten::unflatten,"[[257, 2, 3840], [], []]",1600
vit-huge,2,,aten::unsqueeze,"[[257, 2, 3, 1280], []]",1600
vit-huge,2,,aten::view,"[[1280], []]",50
vit-huge,2,,aten::view,"[[2, 1280, 16, 16], []]",50
vit-huge,2,,aten::view,"[[2, 257, 1280], []]",1600
vit-huge,2,,aten::view,"[[2, 257, 5120], []]",1600
vit-huge,2,,aten::view,"[[257, 2, 1280], []]",4800
vit-huge,2,,aten::view,"[[257, 2, 16, 80], []]",1600
vit-huge,2,,aten::view,"[[257, 2, 3840], []]",1600
vit-huge,2,,aten::view,"[[32, 257, 80], []]",4800
vit-huge,2,,aten::view,"[[514, 1280], []]",3200
vit-huge,2,,aten::view,"[[514, 5120], []]",1600
vit-huge,2,,aten::view,"[[514], []]",6500
vit-huge,2,,cudadevicesynchronize,[],51
vit-huge,4,,aten::add,"[[4, 257, 1280], [1, 257, 1280], []]",50
vit-huge,4,,aten::add,"[[4, 257, 1280], [4, 257, 1280], []]",3200
vit-huge,4,,aten::cat,"[[], []]",50
vit-huge,4,,aten::contiguous,"[[257, 4, 16, 80], []]",1600
vit-huge,4,,aten::contiguous,"[[3, 257, 4, 1280], []]",1600
vit-huge,4,,aten::contiguous,"[[4, 257, 1280], []]",3200
vit-huge,4,,aten::dropout,"[[4, 257, 1280], [], []]",3250
vit-huge,4,,aten::dropout,"[[4, 257, 5120], [], []]",1600
vit-huge,4,,aten::expand,"[[1, 1, 1280], [], []]",50
vit-huge,4,,aten::gelu,"[[4, 257, 5120], []]",1600
vit-huge,4,,aten::layer_norm,"[[4, 257, 1280], [], [1280], [1280], [], []]",3250
vit-huge,4,,aten::permute,"[[4, 1280, 256], []]",50
vit-huge,4,,aten::permute,"[[4, 16, 257, 80], []]",1600
vit-huge,4,,aten::reshape,"[[1280], []]",50
vit-huge,4,,aten::reshape,"[[257, 4, 1280], []]",1600
vit-huge,4,,aten::reshape,"[[4, 1280, 16, 16], []]",50
vit-huge,4,,aten::reshape,"[[4, 257, 1280], []]",1600
vit-huge,4,,aten::reshape,"[[4, 257, 5120], []]",1600
vit-huge,4,,aten::select,"[[3, 257, 4, 1280], [], []]",4800
vit-huge,4,,aten::select,"[[4, 257, 1280], [], []]",50
vit-huge,4,,aten::slice,"[[4, 257, 1280], [], [], [], []]",50
vit-huge,4,,aten::squeeze,"[[3, 257, 4, 1, 1280], []]",1600
vit-huge,4,,aten::transpose,"[[1, 257, 4, 3, 1280], [], []]",1600
vit-huge,4,,aten::transpose,"[[1000, 1280], [], []]",50
vit-huge,4,,aten::transpose,"[[1280, 1280], [], []]",1600
vit-huge,4,,aten::transpose,"[[1280, 5120], [], []]",1600
vit-huge,4,,aten::transpose,"[[257, 4, 1280], [], []]",1600
vit-huge,4,,aten::transpose,"[[257, 64, 80], [], []]",4800
vit-huge,4,,aten::transpose,"[[3840, 1280], [], []]",1600
vit-huge,4,,aten::transpose,"[[4, 16, 257, 80], [], []]",4800
vit-huge,4,,aten::transpose,"[[4, 257, 1280], [], []]",1600
vit-huge,4,,aten::transpose,"[[4, 257, 16, 80], [], []]",1600
vit-huge,4,,aten::transpose,"[[5120, 1280], [], []]",1600
vit-huge,4,,aten::unflatten,"[[257, 4, 3840], [], []]",1600
vit-huge,4,,aten::unsqueeze,"[[257, 4, 3, 1280], []]",1600
vit-huge,4,,aten::view,"[[1028, 1280], []]",3200
vit-huge,4,,aten::view,"[[1028, 5120], []]",1600
vit-huge,4,,aten::view,"[[1028], []]",6500
vit-huge,4,,aten::view,"[[1280], []]",50
vit-huge,4,,aten::view,"[[257, 4, 1280], []]",4800
vit-huge,4,,aten::view,"[[257, 4, 16, 80], []]",1600
vit-huge,4,,aten::view,"[[257, 4, 3840], []]",1600
vit-huge,4,,aten::view,"[[4, 1280, 16, 16], []]",50
vit-huge,4,,aten::view,"[[4, 257, 1280], []]",1600
vit-huge,4,,aten::view,"[[4, 257, 5120], []]",1600
vit-huge,4,,aten::view,"[[64, 257, 80], []]",4800
vit-huge,4,,cudadevicesynchronize,[],51
vit-huge,8,,aten::add,"[[8, 257, 1280], [1, 257, 1280], []]",50
vit-huge,8,,aten::add,"[[8, 257, 1280], [8, 257, 1280], []]",3200
vit-huge,8,,aten::cat,"[[], []]",50
vit-huge,8,,aten::contiguous,"[[257, 8, 16, 80], []]",1600
vit-huge,8,,aten::contiguous,"[[3, 257, 8, 1280], []]",1600
vit-huge,8,,aten::contiguous,"[[8, 257, 1280], []]",3200
vit-huge,8,,aten::dropout,"[[8, 257, 1280], [], []]",3250
vit-huge,8,,aten::dropout,"[[8, 257, 5120], [], []]",1600
vit-huge,8,,aten::expand,"[[1, 1, 1280], [], []]",50
vit-huge,8,,aten::gelu,"[[8, 257, 5120], []]",1600
vit-huge,8,,aten::layer_norm,"[[8, 257, 1280], [], [1280], [1280], [], []]",3250
vit-huge,8,,aten::permute,"[[8, 1280, 256], []]",50
vit-huge,8,,aten::permute,"[[8, 16, 257, 80], []]",1600
vit-huge,8,,aten::reshape,"[[1280], []]",50
vit-huge,8,,aten::reshape,"[[257, 8, 1280], []]",1600
vit-huge,8,,aten::reshape,"[[8, 1280, 16, 16], []]",50
vit-huge,8,,aten::reshape,"[[8, 257, 1280], []]",1600
vit-huge,8,,aten::reshape,"[[8, 257, 5120], []]",1600
vit-huge,8,,aten::select,"[[3, 257, 8, 1280], [], []]",4800
vit-huge,8,,aten::select,"[[8, 257, 1280], [], []]",50
vit-huge,8,,aten::slice,"[[8, 257, 1280], [], [], [], []]",50
vit-huge,8,,aten::squeeze,"[[3, 257, 8, 1, 1280], []]",1600
vit-huge,8,,aten::transpose,"[[1, 257, 8, 3, 1280], [], []]",1600
vit-huge,8,,aten::transpose,"[[1000, 1280], [], []]",50
vit-huge,8,,aten::transpose,"[[1280, 1280], [], []]",1600
vit-huge,8,,aten::transpose,"[[1280, 5120], [], []]",1600
vit-huge,8,,aten::transpose,"[[257, 128, 80], [], []]",4800
vit-huge,8,,aten::transpose,"[[257, 8, 1280], [], []]",1600
vit-huge,8,,aten::transpose,"[[3840, 1280], [], []]",1600
vit-huge,8,,aten::transpose,"[[5120, 1280], [], []]",1600
vit-huge,8,,aten::transpose,"[[8, 16, 257, 80], [], []]",4800
vit-huge,8,,aten::transpose,"[[8, 257, 1280], [], []]",1600
vit-huge,8,,aten::transpose,"[[8, 257, 16, 80], [], []]",1600
vit-huge,8,,aten::unflatten,"[[257, 8, 3840], [], []]",1600
vit-huge,8,,aten::unsqueeze,"[[257, 8, 3, 1280], []]",1600
vit-huge,8,,aten::view,"[[128, 257, 80], []]",4800
vit-huge,8,,aten::view,"[[1280], []]",50
vit-huge,8,,aten::view,"[[2056, 1280], []]",3200
vit-huge,8,,aten::view,"[[2056, 5120], []]",1600
vit-huge,8,,aten::view,"[[2056], []]",6500
vit-huge,8,,aten::view,"[[257, 8, 1280], []]",4800
vit-huge,8,,aten::view,"[[257, 8, 16, 80], []]",1600
vit-huge,8,,aten::view,"[[257, 8, 3840], []]",1600
vit-huge,8,,aten::view,"[[8, 1280, 16, 16], []]",50
vit-huge,8,,aten::view,"[[8, 257, 1280], []]",1600
vit-huge,8,,aten::view,"[[8, 257, 5120], []]",1600
vit-huge,8,,cudadevicesynchronize,[],51
vit-large,1,,aten::add,"[[1, 197, 1024], [1, 197, 1024], []]",2450
vit-large,1,,aten::cat,"[[], []]",50
vit-large,1,,aten::contiguous,"[[3, 197, 1, 1024], []]",1200
vit-large,1,,aten::dropout,"[[1, 197, 1024], [], []]",2450
vit-large,1,,aten::dropout,"[[1, 197, 4096], [], []]",1200
vit-large,1,,aten::expand,"[[1, 1, 1024], [], []]",50
vit-large,1,,aten::gelu,"[[1, 197, 4096], []]",1200
vit-large,1,,aten::layer_norm,"[[1, 197, 1024], [], [1024], [1024], [], []]",2450
vit-large,1,,aten::permute,"[[1, 1024, 196], []]",50
vit-large,1,,aten::permute,"[[1, 16, 197, 64], []]",1200
vit-large,1,,aten::reshape,"[[1, 1024, 14, 14], []]",50
vit-large,1,,aten::reshape,"[[1, 197, 1024], []]",1200
vit-large,1,,aten::reshape,"[[1, 197, 4096], []]",1200
vit-large,1,,aten::reshape,"[[1024], []]",50
vit-large,1,,aten::reshape,"[[197, 1, 1024], []]",1200
vit-large,1,,aten::select,"[[1, 197, 1024], [], []]",50
vit-large,1,,aten::select,"[[3, 197, 1, 1024], [], []]",3600
vit-large,1,,aten::slice,"[[1, 197, 1024], [], [], [], []]",50
vit-large,1,,aten::squeeze,"[[3, 197, 1, 1, 1024], []]",1200
vit-large,1,,aten::transpose,"[[1, 16, 197, 64], [], []]",3600
vit-large,1,,aten::transpose,"[[1, 197, 1, 3, 1024], [], []]",1200
vit-large,1,,aten::transpose,"[[1, 197, 1024], [], []]",1200
vit-large,1,,aten::transpose,"[[1, 197, 16, 64], [], []]",1200
vit-large,1,,aten::transpose,"[[1000, 1024], [], []]",50
vit-large,1,,aten::transpose,"[[1024, 1024], [], []]",1200
vit-large,1,,aten::transpose,"[[1024, 4096], [], []]",1200
vit-large,1,,aten::transpose,"[[197, 1, 1024], [], []]",1200
vit-large,1,,aten::transpose,"[[197, 16, 64], [], []]",3600
vit-large,1,,aten::transpose,"[[3072, 1024], [], []]",1200
vit-large,1,,aten::transpose,"[[4096, 1024], [], []]",1200
vit-large,1,,aten::unflatten,"[[197, 1, 3072], [], []]",1200
vit-large,1,,aten::unsqueeze,"[[197, 1, 3, 1024], []]",1200
vit-large,1,,aten::view,"[[1, 1024, 14, 14], []]",50
vit-large,1,,aten::view,"[[1, 197, 1024], []]",1200
vit-large,1,,aten::view,"[[1, 197, 4096], []]",1200
vit-large,1,,aten::view,"[[1024], []]",50
vit-large,1,,aten::view,"[[16, 197, 64], []]",3600
vit-large,1,,aten::view,"[[197, 1, 1024], []]",4800
vit-large,1,,aten::view,"[[197, 1, 16, 64], []]",1200
vit-large,1,,aten::view,"[[197, 1, 3072], []]",1200
vit-large,1,,aten::view,"[[197, 1024], []]",2400
vit-large,1,,aten::view,"[[197, 3072], []]",1200
vit-large,1,,aten::view,"[[197, 4096], []]",1200
vit-large,1,,aten::view,"[[197], []]",4900
vit-large,1,,cudadevicesynchronize,[],51
vit-large,2,,aten::add,"[[2, 197, 1024], [1, 197, 1024], []]",50
vit-large,2,,aten::add,"[[2, 197, 1024], [2, 197, 1024], []]",2400
vit-large,2,,aten::cat,"[[], []]",50
vit-large,2,,aten::contiguous,"[[197, 2, 16, 64], []]",1200
vit-large,2,,aten::contiguous,"[[2, 197, 1024], []]",2400
vit-large,2,,aten::contiguous,"[[3, 197, 2, 1024], []]",1200
vit-large,2,,aten::dropout,"[[2, 197, 1024], [], []]",2450
vit-large,2,,aten::dropout,"[[2, 197, 4096], [], []]",1200
vit-large,2,,aten::expand,"[[1, 1, 1024], [], []]",50
vit-large,2,,aten::gelu,"[[2, 197, 4096], []]",1200
vit-large,2,,aten::layer_norm,"[[2, 197, 1024], [], [1024], [1024], [], []]",2450
vit-large,2,,aten::permute,"[[2, 1024, 196], []]",50
vit-large,2,,aten::permute,"[[2, 16, 197, 64], []]",1200
vit-large,2,,aten::reshape,"[[1024], []]",50
vit-large,2,,aten::reshape,"[[197, 2, 1024], []]",1200
vit-large,2,,aten::reshape,"[[2, 1024, 14, 14], []]",50
vit-large,2,,aten::reshape,"[[2, 197, 1024], []]",1200
vit-large,2,,aten::reshape,"[[2, 197, 4096], []]",1200
vit-large,2,,aten::select,"[[2, 197, 1024], [], []]",50
vit-large,2,,aten::select,"[[3, 197, 2, 1024], [], []]",3600
vit-large,2,,aten::slice,"[[2, 197, 1024], [], [], [], []]",50
vit-large,2,,aten::squeeze,"[[3, 197, 2, 1, 1024], []]",1200
vit-large,2,,aten::transpose,"[[1, 197, 2, 3, 1024], [], []]",1200
vit-large,2,,aten::transpose,"[[1000, 1024], [], []]",50
vit-large,2,,aten::transpose,"[[1024, 1024], [], []]",1200
vit-large,2,,aten::transpose,"[[1024, 4096], [], []]",1200
vit-large,2,,aten::transpose,"[[197, 2, 1024], [], []]",1200
vit-large,2,,aten::transpose,"[[197, 32, 64], [], []]",3600
vit-large,2,,aten::transpose,"[[2, 16, 197, 64], [], []]",3600
vit-large,2,,aten::transpose,"[[2, 197, 1024], [], []]",1200
vit-large,2,,aten::transpose,"[[2, 197, 16, 64], [], []]",1200
vit-large,2,,aten::transpose,"[[3072, 1024], [], []]",1200
vit-large,2,,aten::transpose,"[[4096, 1024], [], []]",1200
vit-large,2,,aten::unflatten,"[[197, 2, 3072], [], []]",1200
vit-large,2,,aten::unsqueeze,"[[197, 2, 3, 1024], []]",1200
vit-large,2,,aten::view,"[[1024], []]",50
vit-large,2,,aten::view,"[[197, 2, 1024], []]",3600
vit-large,2,,aten::view,"[[197, 2, 16, 64], []]",1200
vit-large,2,,aten::view,"[[197, 2, 3072], []]",1200
vit-large,2,,aten::view,"[[2, 1024, 14, 14], []]",50
vit-large,2,,aten::view,"[[2, 197, 1024], []]",1200
vit-large,2,,aten::view,"[[2, 197, 4096], []]",1200
vit-large,2,,aten::view,"[[32, 197, 64], []]",3600
vit-large,2,,aten::view,"[[394, 1024], []]",2400
vit-large,2,,aten::view,"[[394, 4096], []]",1200
vit-large,2,,aten::view,"[[394], []]",4900
vit-large,2,,cudadevicesynchronize,[],51
vit-large,4,,aten::add,"[[4, 197, 1024], [1, 197, 1024], []]",50
vit-large,4,,aten::add,"[[4, 197, 1024], [4, 197, 1024], []]",2400
vit-large,4,,aten::cat,"[[], []]",50
vit-large,4,,aten::contiguous,"[[197, 4, 16, 64], []]",1200
vit-large,4,,aten::contiguous,"[[3, 197, 4, 1024], []]",1200
vit-large,4,,aten::contiguous,"[[4, 197, 1024], []]",2400
vit-large,4,,aten::dropout,"[[4, 197, 1024], [], []]",2450
vit-large,4,,aten::dropout,"[[4, 197, 4096], [], []]",1200
vit-large,4,,aten::expand,"[[1, 1, 1024], [], []]",50
vit-large,4,,aten::gelu,"[[4, 197, 4096], []]",1200
vit-large,4,,aten::layer_norm,"[[4, 197, 1024], [], [1024], [1024], [], []]",2450
vit-large,4,,aten::permute,"[[4, 1024, 196], []]",50
vit-large,4,,aten::permute,"[[4, 16, 197, 64], []]",1200
vit-large,4,,aten::reshape,"[[1024], []]",50
vit-large,4,,aten::reshape,"[[197, 4, 1024], []]",1200
vit-large,4,,aten::reshape,"[[4, 1024, 14, 14], []]",50
vit-large,4,,aten::reshape,"[[4, 197, 1024], []]",1200
vit-large,4,,aten::reshape,"[[4, 197, 4096], []]",1200
vit-large,4,,aten::select,"[[3, 197, 4, 1024], [], []]",3600
vit-large,4,,aten::select,"[[4, 197, 1024], [], []]",50
vit-large,4,,aten::slice,"[[4, 197, 1024], [], [], [], []]",50
vit-large,4,,aten::squeeze,"[[3, 197, 4, 1, 1024], []]",1200
vit-large,4,,aten::transpose,"[[1, 197, 4, 3, 1024], [], []]",1200
vit-large,4,,aten::transpose,"[[1000, 1024], [], []]",50
vit-large,4,,aten::transpose,"[[1024, 1024], [], []]",1200
vit-large,4,,aten::transpose,"[[1024, 4096], [], []]",1200
vit-large,4,,aten::transpose,"[[197, 4, 1024], [], []]",1200
vit-large,4,,aten::transpose,"[[197, 64, 64], [], []]",3600
vit-large,4,,aten::transpose,"[[3072, 1024], [], []]",1200
vit-large,4,,aten::transpose,"[[4, 16, 197, 64], [], []]",3600
vit-large,4,,aten::transpose,"[[4, 197, 1024], [], []]",1200
vit-large,4,,aten::transpose,"[[4, 197, 16, 64], [], []]",1200
vit-large,4,,aten::transpose,"[[4096, 1024], [], []]",1200
vit-large,4,,aten::unflatten,"[[197, 4, 3072], [], []]",1200
vit-large,4,,aten::unsqueeze,"[[197, 4, 3, 1024], []]",1200
vit-large,4,,aten::view,"[[1024], []]",50
vit-large,4,,aten::view,"[[197, 4, 1024], []]",3600
vit-large,4,,aten::view,"[[197, 4, 16, 64], []]",1200
vit-large,4,,aten::view,"[[197, 4, 3072], []]",1200
vit-large,4,,aten::view,"[[4, 1024, 14, 14], []]",50
vit-large,4,,aten::view,"[[4, 197, 1024], []]",1200
vit-large,4,,aten::view,"[[4, 197, 4096], []]",1200
vit-large,4,,aten::view,"[[64, 197, 64], []]",3600
vit-large,4,,aten::view,"[[788, 1024], []]",2400
vit-large,4,,aten::view,"[[788, 4096], []]",1200
vit-large,4,,aten::view,"[[788], []]",4900
vit-large,4,,cudadevicesynchronize,[],51
vit-large,8,,aten::add,"[[8, 197, 1024], [1, 197, 1024], []]",50
vit-large,8,,aten::add,"[[8, 197, 1024], [8, 197, 1024], []]",2400
vit-large,8,,aten::cat,"[[], []]",50
vit-large,8,,aten::contiguous,"[[197, 8, 16, 64], []]",1200
vit-large,8,,aten::contiguous,"[[3, 197, 8, 1024], []]",1200
vit-large,8,,aten::contiguous,"[[8, 197, 1024], []]",2400
vit-large,8,,aten::dropout,"[[8, 197, 1024], [], []]",2450
vit-large,8,,aten::dropout,"[[8, 197, 4096], [], []]",1200
vit-large,8,,aten::expand,"[[1, 1, 1024], [], []]",50
vit-large,8,,aten::gelu,"[[8, 197, 4096], []]",1200
vit-large,8,,aten::layer_norm,"[[8, 197, 1024], [], [1024], [1024], [], []]",2450
vit-large,8,,aten::permute,"[[8, 1024, 196], []]",50
vit-large,8,,aten::permute,"[[8, 16, 197, 64], []]",1200
vit-large,8,,aten::reshape,"[[1024], []]",50
vit-large,8,,aten::reshape,"[[197, 8, 1024], []]",1200
vit-large,8,,aten::reshape,"[[8, 1024, 14, 14], []]",50
vit-large,8,,aten::reshape,"[[8, 197, 1024], []]",1200
vit-large,8,,aten::reshape,"[[8, 197, 4096], []]",1200
vit-large,8,,aten::select,"[[3, 197, 8, 1024], [], []]",3600
vit-large,8,,aten::select,"[[8, 197, 1024], [], []]",50
vit-large,8,,aten::slice,"[[8, 197, 1024], [], [], [], []]",50
vit-large,8,,aten::squeeze,"[[3, 197, 8, 1, 1024], []]",1200
vit-large,8,,aten::transpose,"[[1, 197, 8, 3, 1024], [], []]",1200
vit-large,8,,aten::transpose,"[[1000, 1024], [], []]",50
vit-large,8,,aten::transpose,"[[1024, 1024], [], []]",1200
vit-large,8,,aten::transpose,"[[1024, 4096], [], []]",1200
vit-large,8,,aten::transpose,"[[197, 128, 64], [], []]",3600
vit-large,8,,aten::transpose,"[[197, 8, 1024], [], []]",1200
vit-large,8,,aten::transpose,"[[3072, 1024], [], []]",1200
vit-large,8,,aten::transpose,"[[4096, 1024], [], []]",1200
vit-large,8,,aten::transpose,"[[8, 16, 197, 64], [], []]",3600
vit-large,8,,aten::transpose,"[[8, 197, 1024], [], []]",1200
vit-large,8,,aten::transpose,"[[8, 197, 16, 64], [], []]",1200
vit-large,8,,aten::unflatten,"[[197, 8, 3072], [], []]",1200
vit-large,8,,aten::unsqueeze,"[[197, 8, 3, 1024], []]",1200
vit-large,8,,aten::view,"[[1024], []]",50
vit-large,8,,aten::view,"[[128, 197, 64], []]",3600
vit-large,8,,aten::view,"[[1576, 1024], []]",2400
vit-large,8,,aten::view,"[[1576, 4096], []]",1200
vit-large,8,,aten::view,"[[1576], []]",4900
vit-large,8,,aten::view,"[[197, 8, 1024], []]",3600
vit-large,8,,aten::view,"[[197, 8, 16, 64], []]",1200
vit-large,8,,aten::view,"[[197, 8, 3072], []]",1200
vit-large,8,,aten::view,"[[8, 1024, 14, 14], []]",50
vit-large,8,,aten::view,"[[8, 197, 1024], []]",1200
vit-large,8,,aten::view,"[[8, 197, 4096], []]",1200
vit-large,8,,cudadevicesynchronize,[],51
